"series_id","Title","Year","Age","IMDb","Rotten.Tomatoes","Netflix","Hulu","Prime.Video","Disney."
"SER00001","Breaking Bad","2008","18+","9.5","0.96","1","0","0","0"
"SER00002","Stranger Things","2016","16+","8.8","0.93","1","0","0","0"
"SER00003","Money Heist","2017","18+","8.4","0.91","1","0","0","0"
"SER00004","Sherlock","2010","16+","12.4","0.78","1","0","0","0"
"SER00005","Better Call Saul","2015","18+","8.7","1.35","1","0","0","0"
"SER00006","The Office","2005","16+","8.9","0.81","1","0","0","0"
"SER00007","Black Mirror","2011","18+","-1.2","0.83","1","0","0","0"
"SER00008","Supernatural","2005","16+","8.4","0.93","1","0","0","0"
"SER00009","Peaky Blinders","2013","18+","8.8","-0.25","1","0","0","0"
"SER00010","Avatar: The Last Airbender","2005","7+","9.2","1","1","0","0","0"
"SER00011","The Walking Dead","2010","18+","8.2","0.81","1","0","0","0"
"SER00012","Dark","2017","16+","8.7","0.94","1","0","0","0"
"SER00013","Ozark","2017","18+","87","0.81","1","0","0","0"
"SER00014","Attack on Titan","2013","16+","8.8","9.4","1","1","0","0"
"SER00015","Narcos","2015","18+","8.8","0.89","1","0","0","0"
"SER00016","Fullmetal Alchemist: Brotherhood","2009","18+","9.1","1","1","1","0","0"
"SER00017","Community","2009","7+","8.5","0.88","1","1","0","0"
"SER00018","Mindhunter","2017","18+","10.8","0.96","1","0","0","0"
"SER00019","Parks and Recreation","2009","16+","8.6","0.93","1","1","1","0"
"SER00020","Dexter","2006","18+","8.6","135","1","0","0","0"
"SER00021","Marvel's Daredevil","2015","18+","8.6","0.92","1","0","0","0"
"SER00022","The Witcher","2019","18+","8.3","0.67","1","0","0","0"
"SER00023","Twin Peaks","1990","18+","8.8","0.89","1","1","0","0"
"SER00024","One-Punch Man","2015","16+","8.8","1","1","1","0","0"
"SER00025","Outlander","2014","18+","8.4","0.91","1","0","0","0"
"SER00026","House of Cards","2013","18+","8.7","0.78","1","0","0","0"
"SER00027","Shameless","2011","18+","8.6","0.85","1","0","0","0"
"SER00028","The Good Place","2016","16+","8.2","0.97","1","1","0","0"
"SER00029","The Haunting","2018","18+","8.7","0.93","1","0","0","0"
"SER00030","The Blacklist","2013","16+","8","0.91","1","0","0","0"
"SER00031","The Flash","2014","7+","7.7","0.89","1","0","0","0"
"SER00032","The Last Kingdom","2015","18+","8.4","0.91","1","0","0","0"
"SER00033","Mad Men","2007","16+","8.6","0.94","1","0","0","0"
"SER00034","Lucifer","2016","16+","8.2","0.87","1","0","0","0"
"SER00035","Orange Is the New Black","2013","18+","8.1","0.9","1","0","0","0"
"SER00036","Grey's Anatomy","2005","16+","7.6","0.83","1","1","0","0"
"SER00037","The End of the F***ing World","2017","18+","8.1","0.93","1","0","0","0"
"SER00038","Arrested Development","2003","16+","8.7","0.75","1","1","0","0"
"SER00039","The Vampire Diaries","2009","7+","7.7","0.85","1","0","0","0"
"SER00040","The Crown","2016","18+","8.7","0.89","1","0","0","0"
"SER00041","The 100","2014","16+","7.7","0.92","1","0","0","0"
"SER00042","When They See Us","2019","18+","8.9","0.96","1","0","0","0"
"SER00043","How to Get Away with Murder","2014","16+","8.1","0.88","1","1","0","0"
"SER00044","After Life","2019","18+","8.5","0.7","1","0","0","0"
"SER00045","Elite","2018","18+","7.6","0.97","1","0","0","0"
"SER00046","BoJack Horseman","2014","18+","8.7","0.93","1","0","0","0"
"SER00047","Never Have I Ever","2020","16+","8","0.97","1","0","0","0"
"SER00048","Penny Dreadful","2014","18+","8.2","0.91","1","0","0","0"
"SER00049","Marvel's Agents of S.H.I.E.L.D.","2013","16+","7.5","0.94","1","0","0","0"
"SER00050","Dead to Me","2019","18+","8.1","0.91","1","0","0","0"
"SER00051","Unorthodox","2020","18+","8.1","0.94","1","0","0","0"
"SER00052","Sense8","2015","18+","8.3","0.86","1","0","0","0"
"SER00053","Sacred Games","2018","18+","8.7","0.92","1","0","0","0"
"SER00054","American Crime Story","2016","18+","8.4","0.93","1","0","0","0"
"SER00055","Family Guy","1999","18+","8.1","0.71","1","1","0","0"
"SER00056","Pretty Little Liars","2010","16+","7.4","0.81","1","1","0","0"
"SER00057","Unbelievable","2019","18+","8.4","0.97","1","0","0","0"
"SER00058","Arrow","2012","16+","7.6","0.85","1","0","0","0"
"SER00059","The IT Crowd","2006","16+","8.5","0.87","1","0","0","0"
"SER00060","The Twilight Zone","1959","7+","9","0.82","1","1","0","0"
"SER00061","YOU","2018","18+","7.8","0.91","1","0","0","0"
"SER00062","Sex Education","2019","16+","8.3","0.94","1","0","0","0"
"SER00063","Tiger King: Murder, Mayhem and Madness","2020","18+","7.8","0.86","1","0","0","0"
"SER00064","Star Trek: The Next Generation","1987","7+","8.6","0.89","1","1","1","0"
"SER00065","Broadchurch","2013","18+","8.4","0.92","1","0","0","0"
"SER00066","Kingdom","2019","18+","8.4","0.96","1","0","0","0"
"SER00067","Altered Carbon","2018","18+","8.1","0.64","1","0","0","0"
"SER00068","The Sinner","2017","16+","8","0.95","1","0","0","0"
"SER00069","Love, Death & Robots","2019","18+","8.5","0.78","1","0","0","0"
"SER00070","Marvel's Jessica Jones","2015","18+","8","0.83","1","0","0","0"
"SER00071","New Girl","2011","16+","7.7","0.94","1","0","0","0"
"SER00072","The Good Wife","2009","16+","8.3","0.94","1","1","1","0"
"SER00073","The Umbrella Academy","2019","16+","7.9","0.77","1","0","0","0"
"SER00074","Marvel's The Punisher","2017","18+","8.5","0.63","1","0","0","0"
"SER00075","Ash vs Evil Dead","2015","18+","8.4","0.99","1","0","0","0"
"SER00076","Master of None","2015","18+","8.3","1","1","0","0","0"
"SER00077","Bodyguard","2018","18+","8.1","0.93","1","0","0","0"
"SER00078","Schitt's Creek","2015","16+","8.4","0.5","1","0","1","0"
"SER00079","Narcos: Mexico","2018","18+","8.4","0.88","1","0","0","0"
"SER00080","The West Wing","1999","16+","8.8","0.75","1","0","0","0"
"SER00081","Bates Motel","2013","18+","8.2","0.93","1","0","0","0"
"SER00082","Atypical","2017","18+","8.3","0.87","1","0","0","0"
"SER00083","Once Upon a Time","2011","7+","7.7","0.8","1","0","0","0"
"SER00084","Gomorrah","2014","18+","8.7","0.94","1","0","0","0"
"SER00085","Making a Murderer","2015","16+","8.6","0.84","1","0","0","0"
"SER00086","Death Note","2006","18+","9","NA","1","1","0","0"
"SER00087","Castlevania","2017","18+","8.2","0.93","1","0","0","0"
"SER00088","Riverdale","2017","16+","7","0.86","1","0","0","0"
"SER00089","Burn Notice","2007","7+","7.9","0.88","1","1","1","0"
"SER00090","Fauda","2015","16+","8.3","1","1","0","0","0"
"SER00091","Russian Doll","2019","18+","7.9","0.96","1","0","0","0"
"SER00092","Our Planet","2019","7+","9.3","0.93","1","0","0","0"
"SER00093","Big Mouth","2017","18+","8","1","1","0","0","0"
"SER00094","American Horror Story","2011","18+","8","NA","1","1","1","0"
"SER00095","Gotham","2014","16+","7.8","0.77","1","0","0","0"
"SER00096","I Am Not Okay with This","2020","18+","7.6","0.85","1","0","0","0"
"SER00097","Criminal Minds","2005","16+","8.1","NA","1","0","0","0"
"SER00098","The Vietnam War","2017","18+","9.1","0.98","1","0","0","0"
"SER00099","Waco","2018","18+","7.9","0.68","1","0","0","0"
"SER00100","Star Trek","1966","7+","8.3","0.8","1","1","1","0"
"SER00101","The OA","2016","16+","7.9","0.84","1","0","0","0"
"SER00102","Outer Banks","2020","18+","7.6","0.72","1","0","0","0"
"SER00103","The Midnight Gospel","2020","18+","8.4","0.9","1","0","0","0"
"SER00104","Good Girls","2018","16+","7.9","0.87","1","1","0","0"
"SER00105","Chilling Adventures of Sabrina","2018","16+","7.6","0.84","1","0","0","0"
"SER00106","Doctor Foster","2015","16+","7.7","0.85","1","0","0","0"
"SER00107","Gilmore Girls","2000","16+","8.1","0.85","1","0","0","0"
"SER00108","iZombie","2015","16+","7.9","0.91","1","0","0","0"
"SER00109","Anne with an E","2017","7+","8.6","0.62","1","0","0","0"
"SER00110","A Series of Unfortunate Events","2017","7+","7.8","0.96","1","0","0","0"
"SER00111","Neon Genesis Evangelion","1995","16+","8.5","1","1","0","0","0"
"SER00112","Into the Badlands","2015","16+","8","0.83","1","0","0","0"
"SER00113","Monty Python's Flying Circus","1969","16+","8.8","1","1","0","0","0"
"SER00114","Jane the Virgin","2014","7+","7.8","1","1","0","0","0"
"SER00115","Halt and Catch Fire","2014","16+","8.4","0.9","1","0","0","0"
"SER00116","Grace and Frankie","2015","7+","8.3","0.89","1","0","0","0"
"SER00117","NCIS","2003","16+","7.8","0.4","1","0","0","0"
"SER00118","Weeds","2005","18+","7.9","0.7","1","0","0","0"
"SER00119","GLOW","2017","18+","8","0.93","1","0","0","0"
"SER00120","Person of Interest","2011","16+","8.4","NA","1","0","0","0"
"SER00121","13 Reasons Why","2017","18+","7.8","0.39","1","0","0","0"
"SER00122","Godless","2017","16+","8.3","0.85","1","0","0","0"
"SER00123","Locked Up","2015","16+","8.3","1","1","0","0","0"
"SER00124","Mushi-Shi","2005","16+","8.5","1","1","1","1","0"
"SER00125","Gossip Girl","2008","16+","7.4","0.84","1","0","0","0"
"SER00126","Unbreakable Kimmy Schmidt","2015","16+","7.6","0.96","1","0","0","0"
"SER00127","Lost in Space","2018","7+","7.3","0.75","1","0","0","0"
"SER00128","Scandal","2012","16+","7.7","0.93","1","0","0","0"
"SER00129","Hunter x Hunter","2011","16+","8.9","NA","1","1","0","0"
"SER00130","One Day at a Time","2017","7+","8.2","0.99","1","0","0","0"
"SER00131","DC's Legends of Tomorrow","2016","16+","6.8","0.87","1","0","0","0"
"SER00132","Manhunt","2017","16+","8.1","0.93","1","0","0","0"
"SER00133","Naruto","2002","7+","8.3","NA","1","1","0","0"
"SER00134","Charmed","1998","16+","7.1","0.75","1","0","0","0"
"SER00135","The Dragon Prince","2018","7+","8.4","1","1","0","0","0"
"SER00136","Locke & Key","2020","16+","7.4","0.67","1","0","0","0"
"SER00137","Alias Grace","2017","18+","7.8","0.99","1","0","0","0"
"SER00138","American Vandal","2017","16+","8.2","0.97","1","0","0","0"
"SER00139","Santa Clarita Diet","2017","18+","7.8","0.89","1","0","0","0"
"SER00140","Maniac","2018","16+","7.8","0.85","1","0","0","0"
"SER00141","Star Trek: Deep Space Nine","1993","7+","7.9","0.9","1","1","1","0"
"SER00142","The Dark Crystal: Age of Resistance","2019","7+","8.5","0.87","1","0","0","0"
"SER00143","Colony","2016","16+","7.4","0.92","1","0","0","0"
"SER00144","Wild Wild Country","2018","16+","8.2","0.98","1","0","0","0"
"SER00145","Rectify","2013","16+","8.3","0.95","1","0","0","0"
"SER00146","Pose","2018","16+","8.6","0.96","1","0","0","0"
"SER00147","Marvel's Luke Cage","2016","18+","7.3","0.87","1","0","0","0"
"SER00148","Hollywood","2020","18+","7.7","0.57","1","0","0","0"
"SER00149","Derry Girls","2018","16+","8.4","0.97","1","0","0","0"
"SER00150","Dark Matter","2015","18+","7.5","0.89","1","0","0","0"
"SER00151","On My Block","2018","16+","8.1","0.97","1","0","0","0"
"SER00152","Law & Order: Special Victims Unit","1999","16+","8","NA","1","1","1","0"
"SER00153","Longmire","2012","16+","8.3","0.88","1","0","0","0"
"SER00154","The Tudors","2007","18+","8.1","0.69","1","0","0","0"
"SER00155","HAPPY!","2017","18+","8.2","0.84","1","0","0","0"
"SER00156","The Stranger","2020","16+","7.3","0.89","1","0","0","0"
"SER00157","Call the Midwife","2012","7+","8.4","0.89","1","0","0","0"
"SER00158","Into the Night","2020","18+","7.2","0.83","1","0","0","0"
"SER00159","Mystery Science Theater 3000","1988","7+","8.5","0.8","1","1","0","0"
"SER00160","Resurrection: Ertugrul","2014","16+","7.7","NA","1","0","0","0"
"SER00161","The Inbetweeners","2008","18+","8.4","0.54","1","0","0","0"
"SER00162","Reign","2013","16+","7.5","0.86","1","0","0","0"
"SER00163","Extras","2005","16+","8.3","0.89","1","0","1","0"
"SER00164","The Kominsky Method","2018","18+","8.2","0.9","1","0","0","0"
"SER00165","The 4400","2004","7+","7.3","0.95","1","0","0","0"
"SER00166","The Borgias","2011","18+","7.9","0.85","1","0","0","0"
"SER00167","Marco Polo","2014","18+","8","0.67","1","0","0","0"
"SER00168","Queer Eye","2018","16+","8.5","0.91","1","0","0","0"
"SER00169","The Spy","2019","18+","7.9","0.86","1","0","0","0"
"SER00170","Love","2016","18+","7.7","0.94","1","0","0","0"
"SER00171","Designated Survivor","2016","7+","7.5","0.71","1","0","0","0"
"SER00172","Ripper Street","2012","18+","8.1","1","1","0","0","0"
"SER00173","Feel Good","2020","NA","7.5","1","1","0","0","0"
"SER00174","Hell on Wheels","2011","16+","8.3","0.72","1","0","0","0"
"SER00175","The Fosters","2013","16+","7.9","0.97","1","0","0","0"
"SER00176","Hawaii Five-0","2010","16+","7.3","0.82","1","0","0","0"
"SER00177","Marvel's The Defenders","2017","18+","7.3","0.78","1","0","0","0"
"SER00178","Allo 'Allo!","1984","7+","8.3","NA","1","0","0","0"
"SER00179","Supergirl","2015","7+","6.3","0.88","1","0","0","0"
"SER00180","Star Trek: Voyager","1995","7+","7.8","0.77","1","1","1","0"
"SER00181","Limitless","2015","16+","7.7","0.57","1","0","0","0"
"SER00182","Messiah","2020","18+","7.7","0.44","1","0","0","0"
"SER00183","The Shannara Chronicles","2016","16+","7.2","0.77","1","0","0","0"
"SER00184","Crash Landing on You","2019","16+","8.8","NA","1","0","0","0"
"SER00185","Bleach","2004","18+","8.1","NA","1","1","0","0"
"SER00186","Top Boy","2011","18+","8.4","0.95","1","0","0","0"
"SER00187","Jonathan Strange & Mr Norrell","2015","16+","8.2","0.91","1","0","0","0"
"SER00188","Haven","2010","16+","7.5","0.63","1","0","0","0"
"SER00189","Queen of the South","2016","16+","7.9","0.66","1","0","0","0"
"SER00190","Delhi Crime","2019","NA","8.5","0.91","1","0","0","0"
"SER00191","Hart of Dixie","2011","7+","7.7","0.81","1","0","0","0"
"SER00192","Bloodline","2015","18+","8","0.62","1","0","0","0"
"SER00193","Middleditch & Schwartz","2020","18+","8.7","1","1","0","0","0"
"SER00194","Haikyu!!","2014","16+","8.7","NA","1","1","0","0"
"SER00195","Dirty Money","2018","16+","8.1","1","1","0","0","0"
"SER00196","Don't F**k with Cats: Hunting an Internet Killer","2019","18+","8.1","0.67","1","0","0","0"
"SER00197","Babylon Berlin","2017","18+","8.4","NA","1","0","0","0"
"SER00198","That '70s Show","1998","16+","8.1","NA","1","0","0","0"
"SER00199","The Magicians","2015","16+","7.6","NA","1","0","0","0"
"SER00200","Chef's Table","2015","all","8.6","1","1","0","0","0"
"SER00201","TURN: Washington's Spies","2014","16+","8.1","0.81","1","0","0","0"
"SER00202","Crazy Ex-Girlfriend","2015","16+","7.8","0.98","1","0","0","0"
"SER00203","Soul Eater","2008","16+","7.8","1","1","1","0","0"
"SER00204","Lost Girl","2010","16+","7.7","0.65","1","0","0","0"
"SER00205","Wynonna Earp","2016","16+","7.4","0.93","1","0","0","0"
"SER00206","Merlin","2008","7+","7.9","NA","1","1","1","0"
"SER00207","Galavant","2015","7+","8.1","0.89","1","0","0","0"
"SER00208","Travelers","2016","16+","8.1","NA","1","0","0","0"
"SER00209","Hilda","2018","7+","8.6","1","1","0","0","0"
"SER00210","The Originals","2013","16+","8.2","0.27","1","0","0","0"
"SER00211","Episodes","2011","18+","7.8","0.8","1","0","0","0"
"SER00212","Absolutely Fabulous","1992","16+","8.1","0.96","1","1","0","0"
"SER00213","Living with Yourself","2019","18+","7.2","0.84","1","0","0","0"
"SER00214","Malcolm in the Middle","2000","7+","8","NA","1","1","0","0"
"SER00215","F is for Family","2015","18+","8","0.86","1","0","0","0"
"SER00216","The Keepers","2017","16+","8.1","0.96","1","0","0","0"
"SER00217","Cheer","2020","16+","8.2","0.96","1","0","0","0"
"SER00218","Disenchantment","2018","16+","7.2","0.68","1","0","0","0"
"SER00219","Dead Set","2008","18+","7.7","0.9","1","0","0","0"
"SER00220","Ezel","2009","all","8.6","NA","1","0","0","0"
"SER00221","Nurse Jackie","2009","18+","7.7","0.81","1","0","0","0"
"SER00222","Case Closed","1996","16+","8.4","NA","1","1","0","0"
"SER00223","Imposters","2017","16+","7.8","1","1","0","0","0"
"SER00224","Queer as Folk","1999","18+","8.2","1","1","0","1","0"
"SER00225","Heartland","2007","7+","8.4","0.45","1","0","1","0"
"SER00226","The Staircase","2005","16+","7.9","0.93","1","0","0","0"
"SER00227","Madam Secretary","2014","16+","7.6","0.68","1","0","0","0"
"SER00228","Chewing Gum","2015","16+","7.7","1","1","0","0","0"
"SER00229","Glee","2009","16+","6.7","0.71","1","0","0","0"
"SER00230","Fairy Tail","2009","16+","8","NA","1","1","0","0"
"SER00231","The Order","2019","18+","6.9","1","1","0","0","0"
"SER00232","Legacies","2018","16+","7.5","NA","1","0","0","0"
"SER00233","North & South","2004","7+","8.6","NA","1","0","0","0"
"SER00234","Helix","2014","16+","6.8","0.81","1","0","0","0"
"SER00235","Safe","2018","18+","7.3","0.77","1","0","0","0"
"SER00236","Evil Genius","2018","18+","7.6","0.8","1","0","0","0"
"SER00237","Marvel's Iron Fist","2017","18+","6.5","0.37","1","0","0","0"
"SER00238","Lilyhammer","2012","18+","8","0.65","1","0","0","0"
"SER00239","Voltron: Legendary Defender","2016","7+","8.1","1","1","0","0","0"
"SER00240","Blue Mountain State","2010","18+","8.3","NA","1","0","0","0"
"SER00241","Pokémon","1997","7+","7.5","NA","1","1","1","0"
"SER00242","Cheers","1982","7+","7.8","NA","1","1","1","0"
"SER00243","Marianne","2019","18+","7.5","0.93","1","0","0","0"
"SER00244","Star Trek: Enterprise","2001","7+","7.5","0.5","1","1","1","0"
"SER00245","Portlandia","2011","16+","7.8","0.94","1","0","0","0"
"SER00246","Better Than Us","2018","NA","7.4","1","1","0","0","0"
"SER00247","Five Came Back","2017","16+","8.3","0.97","1","0","0","0"
"SER00248","American Crime","2015","16+","7.8","0.97","1","0","0","0"
"SER00249","Skins","2007","18+","8.2","NA","1","0","0","0"
"SER00250","Glitch","2015","16+","7.4","0.8","1","0","0","0"
"SER00251","GHOUL","2018","18+","7.1","0.83","1","0","0","0"
"SER00252","JoJo's Bizarre Adventure","2012","18+","8.4","NA","1","1","0","0"
"SER00253","The Society","2019","18+","7","0.85","1","0","0","0"
"SER00254","Code Geass: Lelouch of the Rebellion","2006","18+","8.6","NA","1","0","0","0"
"SER00255","Dracula","2020","18+","6.8","0.74","1","0","0","0"
"SER00256","Quantico","2015","16+","6.7","0.82","1","0","0","0"
"SER00257","The Innocence Files","2020","NA","8","1","1","0","0","0"
"SER00258","Medici: Masters of Florence","2016","7+","7.9","NA","1","0","0","0"
"SER00259","She-Ra and the Princesses of Power","2018","all","7.3","0.97","1","0","0","0"
"SER00260","Versailles","2015","16+","7.9","0.66","1","0","0","0"
"SER00261","Rise of Empires: Ottoman","2020","18+","8","NA","1","0","0","0"
"SER00262","The Mechanism","2018","16+","8.4","0.8","1","0","0","0"
"SER00263","Everything Sucks!","2018","16+","7.5","0.72","1","0","0","0"
"SER00264","Raising Dion","2019","7+","7.2","0.82","1","0","0","0"
"SER00265","All American","2018","16+","7.7","0.96","1","0","0","0"
"SER00266","Fullmetal Alchemist","2003","16+","8.6","NA","1","0","0","0"
"SER00267","The Rain","2018","18+","6.3","0.82","1","0","0","0"
"SER00268","ERASED","2016","16+","8.5","NA","1","1","0","0"
"SER00269","Nailed It!","2018","7+","7.4","0.98","1","0","0","0"
"SER00270","Last Tango in Halifax","2012","16+","8.3","0.98","1","0","0","0"
"SER00271","Star-Crossed","2014","16+","7.3","0.57","1","0","0","0"
"SER00272","The Politician","2019","16+","7.5","0.57","1","0","0","0"
"SER00273","Documentary Now!","2015","18+","8.1","0.94","1","0","0","0"
"SER00274","Baby","2018","18+","6.8","0.8","1","0","0","0"
"SER00275","Secret City","2016","16+","7.4","1","1","0","0","0"
"SER00276","Abstract: The Art of Design","2017","16+","8.4","1","1","0","0","0"
"SER00277","Shooter","2016","16+","7.5","0.44","1","0","0","0"
"SER00278","Marcella","2016","18+","7.4","0.65","1","0","0","0"
"SER00279","The Chef Show","2019","18+","8.2","1","1","0","0","0"
"SER00280","Rurouni Kenshin","1996","16+","8.5","NA","1","1","1","0"
"SER00281","The Seven Deadly Sins","2014","16+","8.1","NA","1","0","0","0"
"SER00282","InuYasha","2000","16+","7.9","NA","1","1","0","0"
"SER00283","Yeh Meri Family","2018","NA","9.2","NA","1","0","0","0"
"SER00284","The Circle","2020","18+","7.5","0.8","1","0","0","0"
"SER00285","The Devil Next Door","2019","18+","7.6","0.91","1","0","0","0"
"SER00286","Flowers","2016","NA","8.2","1","1","0","0","0"
"SER00287","Descendants of the Sun","2016","16+","8.4","NA","1","1","1","0"
"SER00288","The Hollow","2018","7+","7.2","1","1","0","0","0"
"SER00289","Frontier","2016","18+","7.2","0.75","1","0","0","0"
"SER00290","Your Lie in April","2014","7+","8.6","NA","1","1","0","0"
"SER00291","Ancient Aliens","2010","7+","7.3","NA","1","1","1","0"
"SER00292","Sword Art Online","2012","16+","7.6","NA","1","1","0","0"
"SER00293","Frequency","2016","7+","7.5","0.77","1","0","0","0"
"SER00294","Wentworth","2013","18+","8.6","NA","1","0","0","0"
"SER00295","Beauty and the Beast","2012","16+","7","0.51","1","0","1","0"
"SER00296","Cold Justice","2013","16+","7.9","0.8","1","0","0","0"
"SER00297","Hyperdrive","2019","7+","8.1","1","1","0","0","0"
"SER00298","Time: The Kalief Browder Story","2017","16+","8.5","1","1","0","0","0"
"SER00299","The Toys That Made Us","2017","16+","8.1","1","1","0","0","0"
"SER00300","Seven Seconds","2018","18+","7.7","0.77","1","0","0","0"
"SER00301","Spinning Out","2020","18+","7.7","0.63","1","0","0","0"
"SER00302","Killer Inside: The Mind of Aaron Hernandez","2020","18+","7.4","0.75","1","0","0","0"
"SER00303","El internado","2007","7+","8.2","NA","1","0","0","0"
"SER00304","Frozen Planet","2011","all","9","NA","1","0","0","0"
"SER00305","London Spy","2015","18+","7.5","0.86","1","0","0","0"
"SER00306","Parasyte -the maxim-","2014","18+","8.4","NA","1","1","0","0"
"SER00307","Containment","2016","16+","7.2","0.5","1","0","0","0"
"SER00308","Black Lightning","2018","16+","6.1","0.95","1","0","0","0"
"SER00309","Merlí","2015","16+","8.6","NA","1","0","0","0"
"SER00310","Derek","2013","16+","8","0.68","1","0","0","0"
"SER00311","Last Chance U","2016","16+","8.5","0.93","1","0","0","0"
"SER00312","Mars","2016","7+","7.5","0.61","1","0","0","0"
"SER00313","Love is Blind","2020","7+","6","0.73","1","0","0","0"
"SER00314","Love 101","2020","18+","7.7","NA","1","0","0","0"
"SER00315","3%","2016","7+","7.4","0.33","1","0","0","0"
"SER00316","Zoo","2015","16+","6.8","0.82","1","0","0","0"
"SER00317","Daybreak","2019","18+","6.7","0.7","1","0","0","0"
"SER00318","Hemlock Grove","2013","18+","7.1","0.38","1","0","0","0"
"SER00319","Trailer Park Boys","2001","18+","8.4","NA","1","0","0","0"
"SER00320","Private Practice","2007","16+","6.6","0.51","1","1","0","0"
"SER00321","Ragnarok","2020","18+","7.5","NA","1","0","0","0"
"SER00322","Akame ga Kill!","2014","18+","7.9","NA","1","1","0","0"
"SER00323","Insatiable","2018","16+","6.6","0.11","1","0","0","0"
"SER00324","No Tomorrow","2016","7+","7.2","0.88","1","0","0","0"
"SER00325","The Ranch","2016","16+","7.5","NA","1","0","0","0"
"SER00326","Ramayan","1987","all","9.3","NA","1","0","0","0"
"SER00327","Surviving R. Kelly","2019","18+","7.6","0.95","1","0","0","0"
"SER00328","Easy","2016","18+","6.9","0.9","1","0","0","0"
"SER00329","Self Made: Inspired by the Life of Madam C.J. Walker","2020","16+","7.4","0.77","1","0","0","0"
"SER00330","Knightfall","2017","16+","6.8","0.6","1","0","0","0"
"SER00331","Kim's Convenience","2016","16+","8.1","NA","1","0","0","0"
"SER00332","Kengan Ashura","2019","NA","8","NA","1","0","0","0"
"SER00333","Spotless","2015","NA","7.9","1","1","0","0","0"
"SER00334","Carmen Sandiego","2019","7+","7.9","0.93","1","0","0","0"
"SER00335","Inside Bill's Brain: Decoding Bill Gates","2019","16+","8","0.5","1","0","0","0"
"SER00336","Saint Seiya","1986","7+","8.4","NA","1","0","1","0"
"SER00337","Flint Town","2018","18+","8","0.95","1","0","0","0"
"SER00338","Rake","2010","16+","8.6","1","1","1","1","0"
"SER00339","Rilakkuma and Kaoru","2019","7+","8.4","1","1","0","0","0"
"SER00340","Scooby-Doo! Mystery Incorporated","2010","7+","8","NA","1","0","0","0"
"SER00341","anohana: The Flower We Saw That Day","2011","16+","8.2","NA","1","0","0","0"
"SER00342","Africa","2013","all","9","NA","1","0","0","0"
"SER00343","The Frankenstein Chronicles","2015","16+","7.3","0.78","1","0","0","0"
"SER00344","Meteor Garden","2018","16+","8.2","NA","1","0","0","0"
"SER00345","Wu Assassins","2019","18+","6.4","0.83","1","0","0","0"
"SER00346","The Black Donnellys","2007","16+","8.1","0.4","1","0","0","0"
"SER00347","H2O: Just Add Water","2006","all","7.2","NA","1","1","1","0"
"SER00348","Collateral","2018","7+","6.7","0.78","1","0","0","0"
"SER00349","1983","2018","18+","6.8","1","1","0","0","0"
"SER00350","November 13: Attack on Paris","2018","18+","8.3","1","1","0","0","0"
"SER00351","Black Butler","2008","16+","7.8","NA","1","1","0","0"
"SER00352","Green Eggs and Ham","2019","NA","8.2","1","1","0","0","0"
"SER00353","The Confession Tapes","2017","16+","7.5","1","1","0","0","0"
"SER00354","Bad Blood","2017","18+","7.5","0.8","1","0","0","0"
"SER00355","Formula 1: Drive to Survive","2019","16+","8.6","NA","1","0","0","0"
"SER00356","The Great British Bake Off","2010","7+","8.6","NA","1","0","0","0"
"SER00357","The Trials of Gabriel Fernandez","2020","18+","8.2","0.8","1","0","0","0"
"SER00358","Ugly Delicious","2018","18+","7.8","1","1","0","0","0"
"SER00359","The Night Shift","2014","16+","7.4","0.3","1","0","0","0"
"SER00360","Impractical Jokers","2011","16+","8.5","NA","1","0","0","0"
"SER00361","The Andy Griffith Show","1960","all","8.3","NA","1","0","1","0"
"SER00362","Itaewon Class","2020","NA","8.2","NA","1","0","0","0"
"SER00363","Aquarius","2015","16+","7.1","0.77","1","0","0","0"
"SER00364","Caliphate","2020","NA","8.2","NA","1","0","0","0"
"SER00365","Black Summer","2019","18+","6.4","0.75","1","0","0","0"
"SER00366","Bonding","2019","16+","7.2","0.64","1","0","0","0"
"SER00367","Miraculous: Tales of Ladybug & Cat Noir","2015","7+","7.8","NA","1","0","0","0"
"SER00368","Animaniacs","1993","all","7.9","NA","1","1","0","0"
"SER00369","When Calls the Heart","2014","all","8.2","NA","1","0","0","0"
"SER00370","Young & Hungry","2014","16+","7.4","0.6","1","0","0","0"
"SER00371","Club de Cuervos","2015","18+","8.2","0.8","1","0","0","0"
"SER00372","I'm Sorry","2017","7+","7.9","0.75","1","0","0","0"
"SER00373","The Universe","2007","16+","8.8","NA","1","0","0","0"
"SER00374","The Chalet","2018","18+","7","1","1","0","0","0"
"SER00375","My Next Guest Needs No Introduction With David Letterman","2018","18+","7.9","0.83","1","0","0","0"
"SER00376","Still Game","2002","16+","8.9","NA","1","0","0","0"
"SER00377","NOVA","1974","7+","8.7","NA","1","0","1","0"
"SER00378","The Confession Killer","2019","16+","7.4","1","1","0","0","0"
"SER00379","Father Brown","2013","7+","7.7","NA","1","0","0","0"
"SER00380","Bordertown","2016","7+","7.6","0.39","1","0","0","0"
"SER00381","Battle Creek","2015","16+","7.3","0.96","1","0","0","0"
"SER00382","Valhalla Murders","2019","18+","7.1","NA","1","0","0","0"
"SER00383","Scream: The TV Series","2015","16+","7.2","NA","1","0","0","0"
"SER00384","Special","2019","18+","7.6","0.95","1","0","0","0"
"SER00385","CSI: Miami","2002","16+","6.4","NA","1","1","0","0"
"SER00386","3Below: Tales of Arcadia","2018","7+","7.8","1","1","0","0","0"
"SER00387","Mystery Science Theater 3000: The Return","2017","16+","8","1","1","0","0","0"
"SER00388","Dear White People","2017","16+","6.2","0.95","1","0","0","0"
"SER00389","LEGO Ninjago: Masters of Spinjitzu","2012","all","6.8","NA","1","0","1","0"
"SER00390","The English Game","2020","NA","7.6","0.67","1","0","0","0"
"SER00391","White Gold","2017","18+","7.4","0.88","1","0","0","0"
"SER00392","Crazyhead","2016","NA","7.3","1","1","0","0","0"
"SER00393","The Protector","2018","16+","6.9","NA","1","0","0","0"
"SER00394","Dirty John","2018","16+","7.1","0.71","1","0","0","0"
"SER00395","Get Shorty","2017","18+","8.2","NA","1","0","0","0"
"SER00396","30 for 30","2009","7+","8.8","NA","1","0","0","0"
"SER00397","Bard of Blood","2019","NA","7","NA","1","0","0","0"
"SER00398","The Great Train Robbery","2013","NA","7.4","0.78","1","0","0","0"
"SER00399","Devilman: Crybaby","2018","NA","7.6","0.8","1","0","0","0"
"SER00400","Good Witch","2015","7+","7.3","NA","1","0","0","0"
"SER00401","It's Bruno!","2019","7+","7.5","1","1","0","0","0"
"SER00402","Gurren Lagann","2007","16+","8.3","NA","1","0","0","0"
"SER00403","Gentefied","2020","16+","7.3","0.88","1","0","0","0"
"SER00404","Victorious","2010","7+","6.9","NA","1","0","0","0"
"SER00405","Dynasty","2017","16+","7.3","NA","1","0","0","0"
"SER00406","The Curious Creations of Christine McConnell","2018","7+","7.7","1","1","0","0","0"
"SER00407","El Chapo","2017","16+","7.8","NA","1","0","0","0"
"SER00408","Trinkets","2019","7+","7.1","0.5","1","0","0","0"
"SER00409","The Get Down","2016","16+","8.3","NA","1","0","0","0"
"SER00410","Masum","2017","16+","8.5","NA","1","0","0","0"
"SER00411","My Little Pony: Friendship Is Magic","2010","7+","7.6","NA","1","1","0","0"
"SER00412","Fuller House","2016","7+","6.8","0.28","1","0","0","0"
"SER00413","Kill la Kill","2013","18+","7.9","NA","1","0","0","0"
"SER00414","Dark Tourist","2018","18+","7.6","0.7","1","0","0","0"
"SER00415","Shtisel","2013","NA","8.7","NA","1","0","0","0"
"SER00416","Great News","2017","7+","7","0.84","1","0","0","0"
"SER00417","Ouran High School Host Club","2006","16+","8.2","NA","1","1","0","0"
"SER00418","Grand Hotel","2011","7+","8.4","NA","1","0","0","0"
"SER00419","The Curse of Oak Island","2014","7+","7","NA","1","1","0","0"
"SER00420","Workin' Moms","2017","18+","7.5","NA","1","0","0","0"
"SER00421","Z Nation","2014","18+","6.7","NA","1","0","0","0"
"SER00422","Losers","2019","NA","7.7","1","1","0","0","0"
"SER00423","Roswell, New Mexico","2019","16+","6.1","0.55","1","0","0","0"
"SER00424","Comedians in Cars Getting Coffee","2012","16+","8.1","NA","1","0","0","0"
"SER00425","Conan","2010","16+","8.1","NA","1","0","0","0"
"SER00426","The Guild","2007","NA","8.2","NA","1","0","0","0"
"SER00427","Friends from College","2017","18+","6.8","0.24","1","0","0","0"
"SER00428","Wormwood","2017","16+","7","0.92","1","0","0","0"
"SER00429","Watership Down","2018","7+","7.2","0.77","1","0","0","0"
"SER00430","Mr. Sunshine","2018","NA","8.8","NA","1","0","0","0"
"SER00431","Bitten","2014","16+","7","NA","1","0","0","0"
"SER00432","No Game No Life","2014","16+","7.9","NA","1","0","0","0"
"SER00433","Violet Evergarden","2018","16+","8.4","NA","1","0","0","0"
"SER00434","Clannad","2007","7+","7.9","NA","1","1","0","0"
"SER00435","Gypsy","2017","18+","6.9","0.38","1","0","0","0"
"SER00436","Virgin River","2019","16+","7.5","NA","1","0","0","0"
"SER00437","Gilmore Girls: A Year in the Life","2016","16+","7.7","NA","1","0","0","0"
"SER00438","The Innocent Man","2018","18+","7.4","0.73","1","0","0","0"
"SER00439","Tuca & Bertie","2019","16+","7.4","1","1","0","0","0"
"SER00440","#blackAF","2020","18+","6.6","NA","1","0","0","0"
"SER00441","Lovesick","2014","18+","8.1","0.36","1","0","0","0"
"SER00442","Mr. Iglesias","2019","16+","7.1","0.88","1","0","0","0"
"SER00443","Hot Girls Wanted: Turned On","2017","18+","6.7","1","1","0","0","0"
"SER00444","Borgia","2011","18+","7.8","NA","1","0","0","0"
"SER00445","Trollhunters: Tales of Arcadia","2016","7+","8.4","NA","1","0","0","0"
"SER00446","La Reina del Sur","2011","18+","8.1","NA","1","0","0","0"
"SER00447","We Bare Bears","2015","7+","7.9","NA","1","1","0","0"
"SER00448","Liv and Maddie","2013","all","6.3","NA","1","0","0","0"
"SER00449","In the Dark","2019","16+","7.3","NA","1","0","0","0"
"SER00450","The Gift","2019","NA","7.6","NA","1","0","0","0"
"SER00451","The Time in Between","2013","7+","8.4","NA","1","0","0","0"
"SER00452","Cleverman","2016","16+","6.4","0.86","1","0","0","0"
"SER00453","Pablo Escobar, The Drug Lord","2012","18+","8.5","NA","1","0","0","0"
"SER00454","The Pharmacist","2020","NA","7.8","NA","1","0","0","0"
"SER00455","Wet Hot American Summer: First Day of Camp","2015","16+","7.4","NA","1","0","0","0"
"SER00456","Vampire Knight","2008","16+","7.5","NA","1","1","0","0"
"SER00457","The Untamed","2019","7+","8.9","NA","1","0","0","0"
"SER00458","How to Sell Drugs Online (Fast)","2019","NA","7.9","NA","1","0","0","0"
"SER00459","Taken","2017","16+","6.6","0.32","1","1","0","0"
"SER00460","Transformers: Prime","2010","7+","7.8","NA","1","0","0","0"
"SER00461","Forensic Files","1996","16+","8.8","NA","1","1","1","0"
"SER00462","Paradise PD","2018","18+","7","0.4","1","0","0","0"
"SER00463","The House of Flowers","2018","18+","7.7","NA","1","0","0","0"
"SER00464","Quicksand","2019","18+","7.5","NA","1","0","0","0"
"SER00465","Magnificent Century","2011","NA","6.6","NA","1","0","0","0"
"SER00466","The Messengers","2015","16+","6.5","0.47","1","0","0","0"
"SER00467","Magi","2012","16+","7.9","NA","1","1","0","0"
"SER00468","Car Masters: Rust to Riches","2018","NA","8.9","NA","1","0","0","0"
"SER00469","Patriot Act with Hasan Minhaj","2018","18+","8.2","NA","1","0","0","0"
"SER00470","Damnation","2017","18+","7.7","0.64","1","0","0","0"
"SER00471","Jericho","2006","16+","7.2","0.54","1","0","0","0"
"SER00472","American Odyssey","2015","16+","7.3","0.54","1","0","0","0"
"SER00473","Lab Rats","2012","7+","6.6","NA","1","0","0","1"
"SER00474","Little Things","2016","18+","8.3","NA","1","0","0","0"
"SER00475","From Dusk Till Dawn: The Series","2014","18+","6.9","NA","1","0","0","0"
"SER00476","Grand Designs","1999","7+","8.5","NA","1","0","0","0"
"SER00477","Explained","2018","16+","8","NA","1","0","0","0"
"SER00478","Rhythm + Flow","2019","18+","7.6","0.92","1","0","0","0"
"SER00479","Carole & Tuesday","2019","7+","7.9","1","1","0","0","0"
"SER00480","Teresa","2010","7+","7.7","NA","1","0","0","0"
"SER00481","The Innocents","2018","NA","6.3","0.81","1","0","0","0"
"SER00482","Tabula Rasa","2017","18+","8.1","NA","1","0","0","0"
"SER00483","Seis Manos","2019","18+","7.3","1","1","0","0","0"
"SER00484","The King: Eternal Monarch","2020","NA","8.5","NA","1","0","0","0"
"SER00485","Cable Girls","2017","16+","7.7","NA","1","0","0","0"
"SER00486","Lady Dynamite","2016","16+","7.4","0.97","1","0","0","0"
"SER00487","Sunderland 'Til I Die","2018","18+","8.2","NA","1","0","0","0"
"SER00488","Oliver Stone's Untold History of the United States","2012","all","8.6","NA","1","0","0","0"
"SER00489","Toy Boy","2019","18+","6.5","NA","1","0","0","0"
"SER00490","Humsafar","2011","all","9","NA","1","0","0","0"
"SER00491","Crashing","2016","NA","7.7","NA","1","0","0","0"
"SER00492","Norsemen","2016","18+","7.8","NA","1","0","0","0"
"SER00493","AJ and the Queen","2020","NA","7.6","0.5","1","0","0","0"
"SER00494","El marginal","2016","18+","8.2","NA","1","0","0","0"
"SER00495","Giri/Haji","2019","NA","7.9","1","1","0","0","0"
"SER00496","Van Helsing","2016","16+","6.2","NA","1","0","0","0"
"SER00497","Hinterland","2013","NA","7.6","NA","1","0","0","0"
"SER00498","Crossing Lines","2013","16+","7.3","NA","1","0","0","0"
"SER00499","The Eddy","2020","18+","7","0.68","1","0","0","0"
"SER00500","A.D. The Bible Continues","2015","16+","7.4","0.58","1","0","0","0"
"SER00501","The Letter for the King","2020","7+","5.9","0.58","1","0","0","0"
"SER00502","The Boat","2011","all","7.3","NA","1","0","0","0"
"SER00503","Is It Wrong to Try to Pick Up Girls in a Dungeon?","2015","16+","7.4","NA","1","1","0","0"
"SER00504","The Story of God with Morgan Freeman","2016","16+","7.9","NA","1","0","0","0"
"SER00505","Greenhouse Academy","2017","7+","7","NA","1","0","0","0"
"SER00506","Diagnosis","2019","18+","7.8","1","1","0","0","0"
"SER00507","W/ Bob & David","2015","18+","7.4","0.89","1","0","0","0"
"SER00508","Queen Sono","2020","18+","5.8","1","1","0","0","0"
"SER00509","Rotten","2018","18+","7.1","0.86","1","0","0","0"
"SER00510","Requiem","2018","18+","6.5","0.75","1","0","0","0"
"SER00511","Aggretsuko","2018","16+","8","NA","1","0","0","0"
"SER00512","The Code","2011","NA","7.4","1","1","0","0","0"
"SER00513","October Faction","2020","18+","6.1","0.33","1","0","0","0"
"SER00514","Rubí","2004","7+","8.1","NA","1","0","0","0"
"SER00515","Arthdal Chronicles","2019","NA","8.3","NA","1","0","0","0"
"SER00516","The New Legends of Monkey","2018","7+","6.5","1","1","0","0","0"
"SER00517","America's Funniest Home Videos","1989","7+","6.2","NA","1","1","0","1"
"SER00518","The Five","2016","NA","7.7","NA","1","0","0","0"
"SER00519","Something in the Rain","2018","7+","8.1","NA","1","0","0","0"
"SER00520","Adam Ruins Everything","2015","16+","8","NA","1","0","0","0"
"SER00521","The Heirs","2013","16+","7.5","NA","1","0","0","0"
"SER00522","Durarara!!","2010","16+","7.9","NA","1","1","0","0"
"SER00523","Beastars","2019","16+","8","NA","1","0","0","0"
"SER00524","Puella Magi Madoka Magica","2011","16+","8.3","NA","1","1","0","0"
"SER00525","Vagabond","2019","NA","8.3","NA","1","0","0","0"
"SER00526","Maid Sama!","2010","16+","8","NA","1","1","0","0"
"SER00527","Robotech","1985","7+","8.5","NA","1","0","1","0"
"SER00528","The Mind, Explained","2019","16+","8.1","NA","1","0","0","0"
"SER00529","Boys Over Flowers","2009","16+","8","NA","1","1","0","0"
"SER00530","V Wars","2019","18+","6.1","NA","1","0","0","0"
"SER00531","Occupied","2015","16+","7.7","NA","1","0","0","0"
"SER00532","The Devil Is a Part-Timer!","2013","16+","7.7","NA","1","0","0","0"
"SER00533","The Letdown","2017","NA","7.5","0.91","1","0","0","0"
"SER00534","Mischievous Kiss: Love in Tokyo","2013","NA","7.8","NA","1","0","0","0"
"SER00535","Power Rangers","1993","7+","6.4","0.73","1","0","1","0"
"SER00536","Fate/stay night [Unlimited Blade Works]","2014","18+","8","NA","1","1","0","0"
"SER00537","Bobby Kennedy for President","2018","16+","8.2","0.95","1","0","0","0"
"SER00538","The Mist","2017","18+","5.4","0.62","1","0","0","0"
"SER00539","Hip Hop Evolution","2016","16+","8.4","NA","1","0","0","0"
"SER00540","Justice League Unlimited","2004","NA","8.7","NA","1","0","0","0"
"SER00541","Undercover","2019","18+","7.9","NA","1","0","0","0"
"SER00542","Slugterra","2012","7+","6.3","NA","1","0","0","0"
"SER00543","The Final Table","2018","all","7.7","0.5","1","0","0","0"
"SER00544","Velvet","2014","16+","8.1","NA","1","0","0","0"
"SER00545","Criminal: UK","2019","18+","7.4","NA","1","0","0","0"
"SER00546","Salt Fat Acid Heat","2018","NA","7.7","1","1","0","0","0"
"SER00547","Suburra: Blood on Rome","2017","16+","8","NA","1","0","0","0"
"SER00548","Signal","2016","NA","8.8","NA","1","0","0","0"
"SER00549","The Rise of Phoenixes","2018","7+","8.6","NA","1","0","0","0"
"SER00550","The Family","2019","16+","6.4","0.8","1","0","0","0"
"SER00551","Red vs. Blue","2003","NA","8.3","NA","1","0","0","0"
"SER00552","Huntik: Secrets & Seekers","2009","7+","8.3","NA","1","0","0","0"
"SER00553","Cells at Work!","2018","16+","7.6","NA","1","0","0","0"
"SER00554","Flaked","2016","18+","7.2","0.35","1","0","0","0"
"SER00555","The Irregular at Magic High School","2014","16+","7.2","NA","1","0","0","0"
"SER00556","Too Hot to Handle","2020","NA","4.5","0.38","1","0","0","0"
"SER00557","The Disastrous Life of Saiki K.","2016","16+","8.3","NA","1","0","0","0"
"SER00558","Wanted","2016","16+","7.7","NA","1","0","0","0"
"SER00559","Dad's Army","1968","7+","8.1","NA","1","0","0","0"
"SER00560","Bad Education","2012","16+","7.4","NA","1","0","0","0"
"SER00561","Angel Beats!","2010","16+","7.7","NA","1","0","0","0"
"SER00562","Dogs","2018","all","8.1","0.92","1","0","0","0"
"SER00563","Fate/stay night","2006","18+","7.4","NA","1","1","0","0"
"SER00564","Brain Games","2011","7+","8.3","NA","1","0","0","1"
"SER00565","Knights of Sidonia","2014","18+","7.8","NA","1","0","0","0"
"SER00566","Girlboss","2017","18+","7","0.36","1","0","0","0"
"SER00567","The Trial","2019","NA","7","0.75","1","0","0","0"
"SER00568","Call My Agent","2015","7+","8.3","NA","1","0","0","0"
"SER00569","What's New, Scooby-Doo?","2002","7+","7.2","NA","1","0","0","0"
"SER00570","Teasing Master Takagi-san","2018","7+","7.5","NA","1","0","0","0"
"SER00571","Yu-Gi-Oh!","1998","NA","7.9","NA","1","1","1","0"
"SER00572","Blue Exorcist","2011","16+","7.5","NA","1","1","0","0"
"SER00573","Black Money Love","2014","NA","7.2","NA","1","0","0","0"
"SER00574","WHAT / IF","2019","18+","6.3","NA","1","0","0","0"
"SER00575","The Assets","2014","16+","7.5","0.56","1","0","0","0"
"SER00576","Baki","2018","18+","6.7","NA","1","0","0","0"
"SER00577","Nightflyers","2018","16+","5.9","0.35","1","0","0","0"
"SER00578","Stranger","2017","NA","8.6","NA","1","0","0","0"
"SER00579","How to Fix a Drug Scandal","2020","18+","6.9","0.86","1","0","0","0"
"SER00580","Scissor Seven","2018","7+","8","NA","1","0","0","0"
"SER00581","The Circle France","2020","NA","7.4","NA","1","0","0","0"
"SER00582","Memories of the Alhambra","2018","16+","7.8","NA","1","0","0","0"
"SER00583","Republic of Doyle","2010","16+","7.2","NA","1","0","1","0"
"SER00584","Sick Note","2017","18+","6.8","0.5","1","0","0","0"
"SER00585","The Last O.G.","2018","7+","6.9","NA","1","0","0","0"
"SER00586","Night on Earth","2020","7+","8.2","NA","1","0","0","0"
"SER00587","Börü","2018","18+","8.2","NA","1","0","0","0"
"SER00588","Typewriter","2019","18+","6.5","0.6","1","0","0","0"
"SER00589","Inspector Gadget","1983","7+","6.8","NA","1","0","0","0"
"SER00590","Sofia the First","2013","all","6.9","NA","1","0","0","0"
"SER00591","Hap and Leonard","2016","16+","7.6","NA","1","0","0","0"
"SER00592","Jessie","2011","all","5.9","NA","1","0","0","1"
"SER00593","I Think You Should Leave with Tim Robinson","2019","18+","7.4","0.93","1","0","0","0"
"SER00594","Kipo and the Age of Wonderbeasts","2020","NA","8.3","NA","1","0","0","0"
"SER00595","K-ON!","2009","16+","7.6","NA","1","1","0","0"
"SER00596","Thieves of the Wood","2020","18+","6.7","NA","1","0","0","0"
"SER00597","Slasher","2016","18+","6.7","NA","1","0","0","0"
"SER00598","Freud","2020","18+","6.6","0.5","1","0","0","0"
"SER00599","Between","2015","16+","6","0.22","1","0","0","0"
"SER00600","Norm Macdonald Has a Show","2018","NA","8.7","0.4","1","0","0","0"
"SER00601","Rita","2012","16+","8.1","NA","1","0","0","0"
"SER00602","She's Gotta Have It","2017","18+","6.7","0.77","1","0","0","0"
"SER00603","The Nineties","2017","7+","8.2","NA","1","0","0","0"
"SER00604","Casanova","2005","16+","7.9","NA","1","0","0","0"
"SER00605","The Good Cop","2018","16+","7","0.5","1","0","0","0"
"SER00606","Bondi Rescue","2006","7+","7.6","NA","1","0","0","0"
"SER00607","Black Earth Rising","2018","16+","7.4","0.79","1","0","0","0"
"SER00608","Tidelands","2018","18+","7","NA","1","0","0","0"
"SER00609","Nobel","2016","18+","8.1","NA","1","0","0","0"
"SER00610","Well-Intended Love","2019","NA","7.5","NA","1","0","0","0"
"SER00611","Drugs, Inc.","2010","16+","7.8","NA","1","1","0","0"
"SER00612","Midnight Diner: Tokyo Stories","2016","16+","8.4","NA","1","0","0","0"
"SER00613","Zindagi Gulzar Hai","2012","NA","9","NA","1","0","0","0"
"SER00614","People Just Do Nothing","2014","18+","8.5","NA","1","0","0","0"
"SER00615","Love, Chunibyo & Other Delusions","2012","16+","7.4","NA","1","1","0","0"
"SER00616","Man Like Mobeen","2017","NA","7.9","NA","1","0","0","0"
"SER00617","Turn Up Charlie","2019","NA","7.1","0.42","1","0","0","0"
"SER00618","Tidying Up with Marie Kondo","2019","7+","6.6","0.79","1","0","0","0"
"SER00619","Home for Christmas","2019","18+","7.6","NA","1","0","0","0"
"SER00620","Wild District","2018","18+","8.4","NA","1","0","0","0"
"SER00621","Toast of London","2013","16+","8.2","NA","1","0","0","0"
"SER00622","The Standups","2017","NA","6.7","1","1","0","0","0"
"SER00623","World War II In HD Colour","2009","7+","8.7","NA","1","0","0","0"
"SER00624","Roman Empire","2016","16+","6.9","NA","1","0","0","0"
"SER00625","Pandemic: How to Prevent an Outbreak","2020","16+","6.3","NA","1","0","0","0"
"SER00626","The Windsors","2016","18+","7","0.9","1","0","0","0"
"SER00627","A Korean Odyssey","2017","NA","8.1","NA","1","0","0","0"
"SER00628","Charité at War","2017","7+","7.7","NA","1","0","0","0"
"SER00629","The Bernie Mac Show","2001","7+","6.9","NA","1","0","0","0"
"SER00630","Charmed","2018","16+","4.5","NA","1","0","0","0"
"SER00631","Another Life","2019","18+","4.9","0.06","1","0","0","0"
"SER00632","Cooked With Cannabis","2020","18+","6.9","0.8","1","0","0","0"
"SER00633","The Victims' Game","2020","18+","7.4","NA","1","0","0","0"
"SER00634","The Joel McHale Show with Joel McHale","2018","18+","7.3","0.83","1","0","0","0"
"SER00635","Who Killed Little Gregory?","2019","NA","7.4","NA","1","0","0","0"
"SER00636","Round Planet","2016","NA","7.7","NA","1","0","0","0"
"SER00637","La familia P. Luche","2002","7+","7.7","NA","1","0","0","0"
"SER00638","Medical Police","2020","NA","5.8","0.86","1","0","0","0"
"SER00639","The Cleveland Show","2009","16+","5.5","NA","1","1","0","0"
"SER00640","Monthly Girls' Nozaki-kun","2014","7+","7.7","NA","1","1","0","0"
"SER00641","Eternal Love","2017","7+","8.3","NA","1","0","0","0"
"SER00642","The Moaning of Life","2013","16+","8.1","NA","1","0","0","0"
"SER00643","B: The Beginning","2018","18+","7.2","0.5","1","0","0","0"
"SER00644","The Mysteries of Laura","2014","16+","6.8","0.24","1","0","0","0"
"SER00645","Selection Day","2018","16+","7.3","0.33","1","0","0","0"
"SER00646","Wanderlust","2018","16+","7","0.73","1","0","0","0"
"SER00647","The Code","2014","NA","7.4","NA","1","1","0","0"
"SER00648","Erased","2017","16+","7.9","NA","1","0","0","0"
"SER00649","Magic for Humans","2018","16+","7.1","NA","1","0","0","0"
"SER00650","The Method","2015","18+","7.4","NA","1","0","0","0"
"SER00651","Zone Blanche","2017","NA","7.5","NA","1","0","0","0"
"SER00652","Alexa & Katie","2018","all","7.3","NA","1","0","0","0"
"SER00653","Good Morning Call","2016","all","7.8","NA","1","0","0","0"
"SER00654","The Boss Baby: Back in Business","2018","7+","6.4","NA","1","0","0","0"
"SER00655","Shaka Zulu","1986","NA","7.7","NA","1","0","0","0"
"SER00656","Winx Club","2004","7+","5.9","NA","1","0","0","0"
"SER00657","Sin Senos Sí Hay Paraíso","2016","16+","6.7","NA","1","0","0","0"
"SER00658","Dogs of Berlin","2018","16+","7.5","NA","1","0","0","0"
"SER00659","K-Project","2012","18+","7.2","NA","1","0","0","0"
"SER00660","El Chapulín","1972","all","8.5","NA","1","0","0","0"
"SER00661","The Same Sky","2017","7+","7.5","NA","1","0","0","0"
"SER00662","Secret Love Affair","2014","NA","7.8","NA","1","0","0","0"
"SER00663","The Break","2016","NA","7.7","NA","1","0","0","0"
"SER00664","The Big Show Show","2020","all","6.4","NA","1","0","0","0"
"SER00665","Fast & Furious Spy Racers","2019","7+","5.2","0.8","1","0","0","0"
"SER00666","Deadwind","2018","18+","7.2","NA","1","0","0","0"
"SER00667","HAPPYish","2015","18+","7.3","0.3","1","0","0","0"
"SER00668","Chambers","2019","18+","6.5","0.41","1","0","0","0"
"SER00669","White Lines","2020","18+","6.2","0.58","1","0","0","0"
"SER00670","Dolly Parton's Heartstrings","2019","NA","7.6","0.63","1","0","0","0"
"SER00671","Intelligence","2006","NA","8.2","NA","1","0","1","0"
"SER00672","Coronavirus, Explained","2020","NA","7.8","NA","1","0","0","0"
"SER00673","The Velvet Collection","2017","16+","7.2","NA","1","0","0","0"
"SER00674","Offspring","2010","16+","8.2","NA","1","1","0","0"
"SER00675","Terrace House: Tokyo 2019-2020","2019","NA","7.8","NA","1","0","0","0"
"SER00676","Total Drama Island","2007","7+","7.1","NA","1","0","0","0"
"SER00677","Rebellion","2016","16+","7.1","0.4","1","0","0","0"
"SER00678","High Seas","2019","16+","6.8","NA","1","0","0","0"
"SER00679","Goosebumps","1995","all","7.7","NA","1","0","0","0"
"SER00680","Ashes of Love","2018","7+","8.5","NA","1","0","0","0"
"SER00681","Somebody Feed Phil","2018","NA","8.1","NA","1","0","0","0"
"SER00682","Deep Water","2016","NA","6.9","NA","1","0","1","0"
"SER00683","Chelsea Does","2016","18+","7.2","0.79","1","0","0","0"
"SER00684","Life Sentence","2018","16+","6.5","0.37","1","0","0","0"
"SER00685","You vs. Wild","2019","NA","7","0.75","1","0","0","0"
"SER00686","Billy on the Street","2011","16+","7.7","NA","1","1","0","0"
"SER00687","Cold Case Files","1999","18+","8","NA","1","1","0","0"
"SER00688","Disjointed","2017","18+","6.7","0.19","1","0","0","0"
"SER00689","Perfume","2018","18+","7.1","NA","1","0","0","0"
"SER00690","Hitler's Circle of Evil","2017","NA","8","NA","1","0","0","0"
"SER00691","Kantaro: The Sweet Tooth Salaryman","2017","7+","7.6","1","1","0","0","0"
"SER00692","Terrace House: Boys & Girls in the City","2015","7+","8.2","NA","1","0","0","0"
"SER00693","Girl From Nowhere","2018","NA","7.6","NA","1","0","0","0"
"SER00694","Aldnoah.Zero","2014","all","7.2","NA","1","0","0","0"
"SER00695","Greenleaf","2016","7+","7.3","NA","1","0","0","0"
"SER00696","Dating Around","2019","16+","6.4","0.92","1","0","0","0"
"SER00697","(The Hook Up Plan)","2018","16+","7.4","NA","1","0","0","0"
"SER00698","Tales of the City","2019","16+","7.4","NA","1","0","0","0"
"SER00699","Mako: Island of Secrets","2013","all","6.9","NA","1","0","0","0"
"SER00700","WWII in HD","2009","18+","8.7","NA","1","0","0","0"
"SER00701","Sonic x","2003","16+","6.1","NA","1","1","1","0"
"SER00702","Ultraman","2019","16+","6.9","NA","1","0","0","0"
"SER00703","Rust Valley Restorers","2018","NA","7.6","NA","1","0","0","0"
"SER00704","Girls und Panzer","2012","16+","7.5","NA","1","1","0","0"
"SER00705","Someone Like You","2015","NA","8","NA","1","0","0","0"
"SER00706","Silver Spoon","2014","16+","7.8","NA","1","0","0","0"
"SER00707","Traitors","2019","18+","6.6","0.67","1","0","0","0"
"SER00708","The World's Most Extraordinary Homes","2017","NA","7.5","NA","1","0","0","0"
"SER00709","The Movies That Made Us","2019","18+","7.8","NA","1","0","0","0"
"SER00710","She","2020","NA","6.5","NA","1","0","0","0"
"SER00711","Alias J.J.","2017","18+","7.9","NA","1","0","0","0"
"SER00712","Unauthorized Living","2018","18+","7.5","NA","1","0","0","0"
"SER00713","Daniel Sloss: Live Shows","2018","18+","8.6","NA","1","0","0","0"
"SER00714","Trial by Media","2020","NA","7.2","NA","1","0","0","0"
"SER00715","The Lava Field","2014","7+","6.8","NA","1","0","0","0"
"SER00716","One of Us","2016","18+","7","NA","1","0","0","0"
"SER00717","Bella and the Bulldogs","2015","all","5.2","NA","1","0","0","0"
"SER00718","Romance is a Bonus Book","2019","NA","8.1","NA","1","0","0","0"
"SER00719","Wakfu","2008","7+","8.2","NA","1","0","0","0"
"SER00720","Bloodride","2020","18+","6.3","NA","1","0","0","0"
"SER00721","The Magic School Bus","1994","all","7.9","NA","1","0","0","0"
"SER00722","The Mantis","2017","NA","7.5","NA","1","0","0","0"
"SER00723","Next in Fashion","2020","16+","7.4","NA","1","0","0","0"
"SER00724","The Last Czars","2019","NA","7.3","0.67","1","0","0","0"
"SER00725","My First First Love","2019","7+","7.6","NA","1","0","0","0"
"SER00726","Sex Explained","2020","18+","6.9","NA","1","0","0","0"
"SER00727","Put Your Head on My Shoulder","2019","7+","7.9","NA","1","0","0","0"
"SER00728","Win the Wilderness: Alaska","2020","NA","7.1","NA","1","0","0","0"
"SER00729","Murder Mountain","2018","16+","6.9","NA","1","0","0","0"
"SER00730","Hoarders","2009","7+","6.4","NA","1","1","0","0"
"SER00731","Luna Nera","2020","18+","5.5","NA","1","0","0","0"
"SER00732","Nobody's Looking","2019","18+","7.9","NA","1","0","0","0"
"SER00733","Highway Thru Hell","2012","7+","8.1","NA","1","0","0","0"
"SER00734","The Long, Long Holiday","2015","7+","8.9","NA","1","0","0","0"
"SER00735","Ben 10","2016","7+","2.5","NA","1","0","0","0"
"SER00736","Man to Man","2017","NA","7.4","0.9","1","0","0","0"
"SER00737","Sym-Bionic Titan","2010","7+","8.1","NA","1","0","0","0"
"SER00738","Trigger Warning with Killer Mike","2019","16+","6.8","0.86","1","0","0","0"
"SER00739","The Worst Witch","2017","7+","7.3","NA","1","0","0","0"
"SER00740","Pee-wee's Playhouse","1986","7+","8","NA","1","0","0","0"
"SER00741","La Doña","2016","16+","7.5","NA","1","0","0","0"
"SER00742","Mobile Suit Gundam: Iron-Blooded Orphans","2015","18+","7.9","NA","1","0","0","0"
"SER00743","Final Fantasy XIV: Dad of Light","2017","7+","7.2","1","1","0","0","0"
"SER00744","Champions","2018","7+","6","0.63","1","1","0","0"
"SER00745","EastSiders","2012","18+","6.8","NA","1","0","0","0"
"SER00746","Black","2017","16+","8","NA","1","0","0","0"
"SER00747","Busted!","2018","16+","7.5","NA","1","0","0","0"
"SER00748","The Mire","2018","NA","7","NA","1","0","0","0"
"SER00749","Vampires","2020","18+","5.4","NA","1","0","0","0"
"SER00750","Yunus Emre: Askin Yolculugu","2015","NA","7.8","NA","1","0","0","0"
"SER00751","My Babysitter's a Vampire","2011","7+","7","NA","1","0","0","0"
"SER00752","The Repair Shop","2017","NA","8.6","NA","1","0","0","0"
"SER00753","Queer Eye: We're in Japan!","2019","16+","8.3","NA","1","0","0","0"
"SER00754","Vexed","2010","NA","7.4","NA","1","0","0","0"
"SER00755","Ch:os:en","2013","NA","7.4","NA","1","0","0","0"
"SER00756","Super Why!","2007","all","6.1","NA","1","0","0","0"
"SER00757","Dope","2017","16+","7.3","NA","1","0","0","0"
"SER00758","American Masters","1986","7+","8","NA","1","0","0","0"
"SER00759","Highway to Heaven","1984","7+","6.7","NA","1","0","1","0"
"SER00760","Kurt Seyit and Sura","2014","NA","7.1","NA","1","0","0","0"
"SER00761","The Sixties","2014","7+","8.5","NA","1","0","0","0"
"SER00762","High Score Girl","2018","7+","8","NA","1","0","0","0"
"SER00763","Louis Theroux's Weird Weekends","1998","16+","8.5","NA","1","0","0","0"
"SER00764","When Heroes Fly","2018","7+","7.3","NA","1","0","0","0"
"SER00765","Paranoid","2016","NA","6.7","NA","1","0","0","0"
"SER00766","Haters Back Off","2016","7+","6","0.5","1","0","0","0"
"SER00767","Class of '92: Out of Their League","2015","NA","8.2","NA","1","0","0","0"
"SER00768","Always a Witch","2019","16+","6.3","NA","1","0","0","0"
"SER00769","BUNK'D","2015","all","5.4","NA","1","0","0","0"
"SER00770","A Very Secret Service","2015","7+","7.8","NA","1","0","0","0"
"SER00771","Samurai Gourmet","2017","NA","8.3","NA","1","0","0","0"
"SER00772","Hospital Playlist","2020","NA","8.3","NA","1","0","0","0"
"SER00773","Go! Live Your Way","2019","NA","7","NA","1","0","0","0"
"SER00774","The End","2012","NA","7.4","NA","1","0","0","0"
"SER00775","March Comes in Like a Lion","2016","7+","8.4","NA","1","0","0","0"
"SER00776","The Bonfire of Destiny","2019","16+","7.7","NA","1","0","0","0"
"SER00777","No Good Nick","2019","7+","5.8","0.6","1","0","0","0"
"SER00778","Love and Punishment","2010","NA","5.8","NA","1","0","0","0"
"SER00779","Man Down","2013","NA","7.6","NA","1","0","0","0"
"SER00780","The Mind of a Chef","2012","7+","8","NA","1","0","0","0"
"SER00781","Cinderella and Four Knights","2016","NA","7.2","NA","1","0","0","0"
"SER00782","My Country: The New Age","2019","NA","8.3","NA","1","0","0","0"
"SER00783","The Chase","2013","all","7.4","NA","1","0","0","0"
"SER00784","Cooked","2016","7+","8.1","NA","1","0","0","0"
"SER00785","Wet Hot American Summer: 10 Years Later","2017","18+","6.9","NA","1","0","0","0"
"SER00786","Ghost in the Shell: SAC_2045","2020","NA","6.3","NA","1","0","0","0"
"SER00787","Nicky Jam: El Ganador","2018","NA","7.8","NA","1","0","0","0"
"SER00788","Prison Playbook","2017","NA","8.3","NA","1","0","0","0"
"SER00789","Sword Art Online Alternative: Gun Gale Online","2018","16+","6.8","NA","1","1","0","0"
"SER00790","Family Reunion","2019","7+","6.3","0.67","1","0","0","0"
"SER00791","Reply 1994","2013","NA","7.9","NA","1","0","0","0"
"SER00792","Land Girls","2009","16+","7","NA","1","0","0","0"
"SER00793","Degrassi: Next Class","2016","7+","6.9","NA","1","0","0","0"
"SER00794","Shadow of Truth","2016","16+","8.1","NA","1","0","0","0"
"SER00795","Kiss Me First","2018","18+","6.3","0.5","1","0","0","0"
"SER00796","Buddha","2016","NA","8.4","NA","1","0","0","0"
"SER00797","Hellevator","2015","18+","6","NA","1","1","0","0"
"SER00798","Northern Rescue","2019","16+","7.1","NA","1","0","0","0"
"SER00799","God Eater","2015","16+","7","NA","1","0","0","0"
"SER00800","BIG DREAMS Small Spaces","2014","NA","8.1","NA","1","0","0","0"
"SER00801","QB1: Beyond the Lights","2017","16+","7.8","NA","1","0","0","0"
"SER00802","Cuckoo","2012","16+","7.3","NA","1","0","0","0"
"SER00803","Accidentally In Love","2018","7+","7.6","NA","1","0","0","0"
"SER00804","Jack Whitehall: Travels with My Father","2017","18+","7.7","NA","1","0","0","0"
"SER00805","Taxi Brooklyn","2014","NA","6.2","0.38","1","0","0","0"
"SER00806","Luis Miguel: The Series","2018","18+","8.1","NA","1","0","0","0"
"SER00807","I Am a Killer","2018","18+","7.5","NA","1","0","0","0"
"SER00808","Tunnel","2017","16+","8.3","NA","1","0","0","0"
"SER00809","100 Humans. Life's Questions. Answered.","2020","NA","5.6","NA","1","0","0","0"
"SER00810","Jamtara - Sabka Number Ayega","2020","NA","7.4","NA","1","0","0","0"
"SER00811","Tales by Light","2015","NA","8.3","NA","1","0","0","0"
"SER00812","Day And Night","2017","NA","8.4","NA","1","0","0","0"
"SER00813","Pine Gap","2018","18+","7.2","NA","1","0","0","0"
"SER00814","Escape to the Country","2002","all","7.1","NA","1","0","0","0"
"SER00815","The Forest","2017","NA","7.3","NA","1","0","0","0"
"SER00816","Gargantia on the Verdurous Planet","2013","16+","7.4","NA","1","0","0","0"
"SER00817","Avlu","2018","18+","7.3","NA","1","0","0","0"
"SER00818","The Honeymoon Stand Up Special","2018","16+","6.8","1","1","0","0","0"
"SER00819","Case","2015","16+","7.2","NA","1","0","0","0"
"SER00820","Valeria","2020","NA","6.2","NA","1","0","0","0"
"SER00821","Bonus Family","2017","7+","7.7","NA","1","0","0","0"
"SER00822","Braxton Family Values","2011","16+","5.9","NA","1","0","0","0"
"SER00823","Comedy Bang! Bang!","2012","16+","7.5","NA","1","0","0","0"
"SER00824","Free Rein","2017","all","7.3","NA","1","0","0","0"
"SER00825","Masha and the Bear","2009","all","7.6","NA","1","0","0","0"
"SER00826","Dramaworld","2016","NA","7.5","NA","1","0","0","0"
"SER00827","Argos Comunicación","2017","18+","7.2","NA","1","0","0","0"
"SER00828","Most Beautiful Thing","2019","NA","7.9","NA","1","0","0","0"
"SER00829","Special Agent Oso","2009","all","5.1","NA","1","0","0","0"
"SER00830","Street Food","2019","all","8.2","NA","1","0","0","0"
"SER00831","Paquita Salas","2016","NA","8","NA","1","0","0","0"
"SER00832","All Hail King Julien","2014","7+","7.2","NA","1","0","0","0"
"SER00833","Acero, Woman of Steel","2014","16+","7.2","NA","1","1","0","0"
"SER00834","Untold Stories of the ER","2004","16+","7.5","NA","1","0","0","0"
"SER00835","Valor","2017","16+","5.9","0.22","1","0","0","0"
"SER00836","Iris","2009","NA","7.9","NA","1","0","0","0"
"SER00837","Stay Here","2018","7+","7.6","NA","1","0","0","0"
"SER00838","Monty Python: Almost the Truth (The Lawyer's Cut)","2009","7+","8.1","NA","1","0","0","0"
"SER00839","Girlfriends' Guide to Divorce","2014","16+","6.9","NA","1","0","0","0"
"SER00840","The Eighties","2016","NA","8.3","NA","1","0","0","0"
"SER00841","The I-Land","2019","18+","4.5","0.08","1","0","0","0"
"SER00842","Sirius the Jaeger","2018","NA","6.8","NA","1","0","0","0"
"SER00843","Jack Taylor","2010","18+","7.6","NA","1","0","0","0"
"SER00844","W1A","2014","NA","7.8","NA","1","0","0","0"
"SER00845","The Disappearance of Madeleine McCann","2019","16+","6.6","NA","1","0","0","0"
"SER00846","Extracurricular","2020","18+","6.1","NA","1","0","0","0"
"SER00847","PJ Masks","2015","all","5.6","NA","1","0","0","1"
"SER00848","The K2","2016","16+","7.8","NA","1","0","0","0"
"SER00849","Christiane Amanpour: Sex & Love Around the World","2018","18+","7.4","NA","1","0","0","0"
"SER00850","Neo Yokio","2017","18+","5.8","0.77","1","0","0","0"
"SER00851","Ultraviolet","2017","18+","7","NA","1","1","0","0"
"SER00852","The Bride of the Water God","2017","NA","6.8","NA","1","0","0","0"
"SER00853","The Boulet Brothers' Dragula","2016","18+","7.7","NA","1","0","0","0"
"SER00854","Cathedral of the Sea","2018","16+","7.5","NA","1","0","0","0"
"SER00855","Nine: Nine Time Travels","2013","NA","8.2","NA","1","0","0","0"
"SER00856","The Inmate","2018","NA","7.1","NA","1","0","0","0"
"SER00857","The Circle Brazil","2020","NA","6.9","NA","1","0","0","0"
"SER00858","The Cartel","2008","16+","8.2","NA","1","0","0","0"
"SER00859","Mr. Young","2011","all","6.1","NA","1","0","0","0"
"SER00860","Chef's Table: France","2016","16+","8.3","NA","1","0","0","0"
"SER00861","Monarca","2019","18+","8","NA","1","0","0","0"
"SER00862","Medal of Honor","2018","16+","8.4","NA","1","0","0","0"
"SER00863","Little Witch Academia (TV)","2017","16+","7.9","NA","1","0","0","0"
"SER00864","Once Upon a Time in Lingjian Mountain","2019","all","7.7","NA","1","0","0","0"
"SER00865","Trotsky","2017","NA","7.1","NA","1","0","0","0"
"SER00866","When the Camellia Blooms","2019","NA","8","NA","1","0","0","0"
"SER00867","Cedar Cove","2013","7+","6.8","NA","1","0","0","0"
"SER00868","Brews Brothers","2020","18+","4.8","0.38","1","0","0","0"
"SER00869","Criminal: France","2019","7+","7.2","NA","1","0","0","0"
"SER00870","Kath & Kim","2002","7+","8.2","NA","1","0","0","0"
"SER00871","Danger Mouse","1981","7+","7.4","NA","1","0","0","0"
"SER00872","Find Yourself","2020","NA","NA","NA","1","0","0","0"
"SER00873","James Acaster: Repertoire","2018","18+","8.4","NA","1","0","0","0"
"SER00874","Reckoning","2019","18+","6.4","NA","1","0","0","0"
"SER00875","Skylines","2019","NA","7.6","NA","1","0","0","0"
"SER00876","Merry Happy Whatever","2019","NA","6.2","NA","1","0","0","0"
"SER00877","Hangar 1: The UFO Files","2015","7+","7.4","NA","1","1","1","0"
"SER00878","Kakegurui","2017","16+","7.2","NA","1","0","0","0"
"SER00879","Marlon","2017","7+","7","NA","1","1","0","0"
"SER00880","46","2017","NA","8.5","NA","1","0","0","0"
"SER00881","7SEEDS","2019","18+","6.3","NA","1","0","0","0"
"SER00882","The Super Mario Bros. Super Show!","1989","7+","6.2","NA","1","0","0","0"
"SER00883","Crematorium","2011","18+","7.7","NA","1","0","0","0"
"SER00884","Intersection","2016","NA","6.5","NA","1","0","0","0"
"SER00885","Handsome Siblings","2020","NA","8.2","NA","1","0","0","0"
"SER00886","Rugal","2020","NA","6.7","NA","1","0","0","0"
"SER00887","The Octonauts","2010","all","7.4","NA","1","0","0","0"
"SER00888","Magi: Adventure of Sinbad","2016","16+","7.6","NA","1","0","0","0"
"SER00889","MeatEater","2012","NA","7.9","NA","1","0","0","0"
"SER00890","Troy: Fall of a City","2018","18+","3.8","0.71","1","0","0","0"
"SER00891","La Piloto","2017","NA","5.6","NA","1","0","0","0"
"SER00892","The 2000s","2018","7+","8","NA","1","0","0","0"
"SER00893","Reply 1997","2012","NA","8.2","NA","1","0","0","0"
"SER00894","The Legend of Bruce Lee","2008","NA","7","NA","1","0","1","0"
"SER00895","Soundtrack","2019","NA","6.7","0.4","1","0","0","0"
"SER00896","First Team: Juventus","2018","NA","7.4","NA","1","0","0","0"
"SER00897","The Last Kids on Earth","2019","7+","7.5","NA","1","0","0","0"
"SER00898","Morocco: Love in Times of War","2017","NA","7.7","NA","1","0","0","0"
"SER00899","Tomorrow with You","2017","NA","7.4","NA","1","0","0","0"
"SER00900","We Are the Wave","2019","18+","6.1","NA","1","0","0","0"
"SER00901","Somewhere Between","2017","16+","6.2","NA","1","0","0","0"
"SER00902","Trump: An American Dream","2017","NA","7.2","NA","1","0","0","0"
"SER00903","One Spring Night","2019","NA","7.9","NA","1","0","0","0"
"SER00904","Cricket Fever: Mumbai Indians","2019","NA","7.3","NA","1","0","0","0"
"SER00905","Zumbo's Just Desserts","2016","7+","6.9","NA","1","0","0","0"
"SER00906","Restaurants on the Edge","2020","NA","6.6","NA","1","0","0","0"
"SER00907","Marseille","2016","18+","6.8","0.33","1","0","0","0"
"SER00908","The Dick Van Dyke Show","1961","all","6.8","NA","1","1","0","0"
"SER00909","Borderliner","2017","18+","6.8","NA","1","0","0","0"
"SER00910","La Niña","2016","NA","8.6","NA","1","0","0","0"
"SER00911","Ultimate Beastmaster","2017","7+","7.3","NA","1","0","0","0"
"SER00912","Diablero","2018","16+","6.6","NA","1","0","0","0"
"SER00913","Alaska State Troopers","2009","16+","7.5","NA","1","0","0","0"
"SER00914","Stories by Rabindranath Tagore","2015","16+","8.9","NA","1","0","0","0"
"SER00915","Terrace House: Opening New Doors","2017","NA","7.8","NA","1","0","0","0"
"SER00916","Super Wings!","2015","all","6.2","NA","1","0","1","0"
"SER00917","Incomplete Life","2014","16+","8.6","NA","1","0","0","0"
"SER00918","Breakfast, Lunch & Dinner","2019","18+","6.7","0.8","1","0","0","0"
"SER00919","Ice Fantasy","2016","16+","7.1","NA","1","0","0","0"
"SER00920","The Supervet","2014","7+","8.7","NA","1","0","0","0"
"SER00921","The Seventies","2015","7+","8.3","NA","1","0","0","0"
"SER00922","The InBESTigators","2019","all","7.7","NA","1","0","0","0"
"SER00923","El Chema","2016","16+","7","NA","1","0","0","0"
"SER00924","Pocoyo","2005","all","7.5","NA","1","1","1","0"
"SER00925","The Adventures of Puss in Boots","2015","7+","6.7","NA","1","0","0","0"
"SER00926","Unnatural Selection","2019","NA","8","NA","1","0","0","0"
"SER00927","Skin Wars","2014","16+","7.1","NA","1","1","0","0"
"SER00928","Dueños del Paraíso","2015","16+","7.1","NA","1","1","0","0"
"SER00929","Unstoppable","2020","18+","7.2","NA","1","0","0","0"
"SER00930","The Hockey Girls","2019","16+","7","NA","1","0","0","0"
"SER00931","Record of Grancrest War","2018","18+","7.2","NA","1","0","0","0"
"SER00932","Who Killed Malcolm X?","2019","NA","7.6","NA","1","0","0","0"
"SER00933","Glow Up: Britain's Next Make-Up Star","2019","NA","6.4","NA","1","0","0","0"
"SER00934","Ares","2020","18+","5.6","NA","1","0","0","0"
"SER00935","Great British Menu","2006","NA","7.3","NA","1","1","0","0"
"SER00936","Barbie: Life in the Dreamhouse","2012","all","7.3","NA","1","0","0","0"
"SER00937","Cheese in the Trap","2016","16+","7.4","NA","1","0","0","0"
"SER00938","The Deep","2016","7+","7.9","NA","1","0","0","0"
"SER00939","Juana Inés","2016","16+","7.6","NA","1","0","0","0"
"SER00940","Killer Kids","2011","16+","7","NA","1","0","0","0"
"SER00941","La querida del Centauro","2016","16+","8.1","NA","1","0","0","0"
"SER00942","Another Miss Oh","2016","NA","7.9","NA","1","0","0","0"
"SER00943","Fariña","2018","NA","8","NA","1","0","0","0"
"SER00944","Anjaan: Special Crimes Unit","2018","16+","7","NA","1","0","0","0"
"SER00945","Best Friends Whenever","2015","all","5.5","NA","1","0","0","1"
"SER00946","Osmosis","2019","16+","5.9","NA","1","0","0","0"
"SER00947","Hormones","2013","16+","8","NA","1","0","0","0"
"SER00948","Love Rain","2012","7+","7.7","NA","1","0","0","0"
"SER00949","Switched","2018","16+","7.2","NA","1","0","0","0"
"SER00950","Creeped Out","2017","7+","6.6","NA","1","0","0","0"
"SER00951","Chicago Typewriter","2017","NA","8.2","NA","1","0","0","0"
"SER00952","Immortals","2018","7+","5.5","NA","1","0","0","0"
"SER00953","Yo-Kai Watch","2014","all","5.9","NA","1","0","0","0"
"SER00954","Rookie Historian Goo Hae-Ryung","2019","NA","8.2","NA","1","0","0","0"
"SER00955","Million Pound Menu","2018","NA","6.5","0.57","1","0","0","0"
"SER00956","Oggy and the Cockroaches","1998","all","7.3","NA","1","0","0","0"
"SER00957","Unit 42","2017","7+","7","NA","1","0","0","0"
"SER00958","Love Your Garden","2011","NA","8","NA","1","0","0","0"
"SER00959","Limmy's Show","2010","all","8.3","NA","1","0","0","0"
"SER00960","Nazi Megastructures","2013","all","8","NA","1","1","0","0"
"SER00961","Omniscient","2020","18+","6.3","NA","1","0","0","0"
"SER00962","Green Frontier","2019","18+","7.4","NA","1","0","0","0"
"SER00963","Los Briceño","2019","NA","8.4","NA","1","0","0","0"
"SER00964","Adventures of Sonic the Hedgehog","1993","all","6.2","NA","1","0","0","0"
"SER00965","My Holo Love","2020","NA","7.6","NA","1","0","0","0"
"SER00966","The Disguiser","2015","NA","7.7","NA","1","0","0","0"
"SER00967","El Clon","2000","NA","6.8","NA","1","1","0","0"
"SER00968","A Love So Beautiful","2017","NA","NA","NA","1","0","0","0"
"SER00969","Love Alarm","2019","NA","6.7","NA","1","0","0","0"
"SER00970","The Indian Detective","2017","NA","6.5","0.5","1","0","0","0"
"SER00971","Inside the World's Toughest Prisons","2016","18+","6.8","NA","1","0","0","0"
"SER00972","El Chavo: The Animated Series","2006","all","5.4","NA","1","0","0","0"
"SER00973","Rishta.com","2010","all","8.5","NA","1","0","0","0"
"SER00974","College Behind Bars","2019","NA","8.1","NA","1","0","0","0"
"SER00975","The Sparticle Mystery","2011","7+","7","NA","1","0","0","0"
"SER00976","Broken","2019","16+","6.8","NA","1","0","0","0"
"SER00977","Yukon Gold","2013","NA","6","NA","1","0","0","0"
"SER00978","When a Snail Falls in Love","2016","NA","7.5","NA","1","0","0","0"
"SER00979","AMO","2018","18+","6.4","NA","1","0","0","0"
"SER00980","Instant Hotel","2018","7+","7.3","NA","1","0","0","0"
"SER00981","Almost Happy","2020","NA","6.5","NA","1","0","0","0"
"SER00982","Larva Island","2018","NA","6.5","NA","1","0","0","0"
"SER00983","The Queen of Flow","2018","18+","7.9","NA","1","0","0","0"
"SER00984","David Attenborough's Natural Curiosities","2013","7+","8.5","NA","1","0","0","0"
"SER00985","God's Quiz","2010","NA","7.3","NA","1","0","0","0"
"SER00986","Nailed It! Holiday!","2018","NA","7.8","NA","1","0","0","0"
"SER00987","Ever After High","2013","all","8","NA","1","0","0","0"
"SER00988","Bad Guys","2014","18+","7.9","NA","1","0","0","0"
"SER00989","Rapture","2018","18+","7.1","0.83","1","0","0","0"
"SER00990","Drug Lords","2018","18+","6.8","NA","1","0","0","0"
"SER00991","Transformers: Rescue Bots","2012","7+","6.5","NA","1","0","0","0"
"SER00992","Tokyo Trial","2016","NA","7.4","NA","1","0","0","0"
"SER00993","A Cook's Tour","2002","16+","8.1","NA","1","0","0","0"
"SER00994","The Stranded","2019","18+","6.3","NA","1","0","0","0"
"SER00995","Gunslinger Girl","2003","16+","7.4","NA","1","0","0","0"
"SER00996","Captive","2016","NA","7","0.71","1","0","0","0"
"SER00997","Yu-Gi-Oh! Arc-V","2014","7+","6.2","NA","1","1","1","0"
"SER00998","Crime Diaries: The Candidate","2019","18+","7.6","NA","1","0","0","0"
"SER00999","Servant of the People","2015","7+","6.9","NA","1","0","0","0"
"SER01000","America's Book of Secrets","2012","7+","7","NA","1","1","1","0"
"SER01001","Ben and Holly's Little Kingdom","2009","all","7.3","NA","1","0","0","0"
"SER01002","Aussie Gold Hunters","2016","7+","7.1","NA","1","0","0","0"
"SER01003","Chewin' the Fat","1999","NA","8.2","NA","1","0","0","0"
"SER01004","72 Dangerous Animals: Australia","2014","NA","7","NA","1","0","0","0"
"SER01005","The Road to Calvary","2017","7+","7.7","NA","1","0","0","0"
"SER01006","If I Hadn't Met You","2018","NA","7.7","NA","1","0","0","0"
"SER01007","Sensitive Skin","2014","16+","7.2","NA","1","0","0","0"
"SER01008","Hache","2019","18+","6.3","NA","1","0","0","0"
"SER01009","Drifting Dragons","2020","NA","6.1","NA","1","0","0","0"
"SER01010","Four Seasons in Havana","2016","18+","7.6","NA","1","0","0","0"
"SER01011","Cooper Barrett's Guide to Surviving Life","2016","7+","6.3","0.5","1","0","0","0"
"SER01012","Loaded","2017","NA","6.5","0.6","1","0","0","0"
"SER01013","Brotherhood","2019","16+","7.6","NA","1","0","0","0"
"SER01014","The Sound of Your Heart","2016","NA","8.3","NA","1","0","0","0"
"SER01015","Worst Year of My Life, Again!","2014","NA","7.6","NA","1","0","0","0"
"SER01016","The Kirlian Frequency","2019","7+","7.6","NA","1","0","0","0"
"SER01017","Silvana Sin Lana","2016","16+","7.5","NA","1","0","0","0"
"SER01018","Designated Survivor: 60 Days","2019","NA","8","NA","1","0","0","0"
"SER01019","Tiny House Nation","2014","NA","7.2","NA","1","0","0","0"
"SER01020","The Mr. Peabody & Sherman Show","2015","7+","5.6","0.8","1","0","0","0"
"SER01021","Glitch Techs","2020","NA","7.8","NA","1","0","0","0"
"SER01022","Shaun the Sheep: Adventures from Mossy Bottom","2020","NA","8","NA","1","0","0","0"
"SER01023","Trolls: The Beat Goes On!","2018","all","5.7","NA","1","0","0","0"
"SER01024","Fated to Love You","2008","7+","7.4","NA","1","1","0","0"
"SER01025","Monty Don's French Gardens","2013","all","8","NA","1","0","0","0"
"SER01026","The Bachelor","2002","16+","3.2","NA","1","1","0","0"
"SER01027","Victim Number 8","2018","NA","7.1","NA","1","0","0","0"
"SER01028","Autumn's Concerto","2009","16+","8","NA","1","0","0","0"
"SER01029","Genius of the Modern World","2016","all","7.6","NA","1","0","0","0"
"SER01030","Huge in France","2019","16+","6.8","0.5","1","0","0","0"
"SER01031","Children of the Whales","2017","16+","7.1","NA","1","0","0","0"
"SER01032","That Winter, The Wind Blows","2013","NA","7.8","NA","1","0","0","0"
"SER01033","Stephen Fry in America","2008","7+","7.9","NA","1","0","0","0"
"SER01034","Dharmakshetra","2014","NA","7.8","NA","1","0","1","0"
"SER01035","The Unlisted","2019","NA","6.3","NA","1","0","0","0"
"SER01036","El Reemplazante","2012","16+","8.4","NA","1","0","0","0"
"SER01037","Secrets at the Hotel","2016","7+","6.7","NA","1","0","0","0"
"SER01038","Transformers: Cyberverse","2018","7+","6.8","NA","1","0","0","0"
"SER01039","Ninja Hattori","1981","all","6.9","NA","1","0","0","0"
"SER01040","Rabbids Invasion","2013","7+","5","NA","1","1","0","0"
"SER01041","The Healing Powers of Dude","2020","NA","6.3","NA","1","0","0","0"
"SER01042","Fake or Fortune?","2011","NA","8.6","NA","1","0","0","0"
"SER01043","Griselda Blanco: The Black Widow","2014","16+","7.1","NA","1","0","0","0"
"SER01044","Escape to the Continent","2014","NA","7.5","NA","1","0","0","0"
"SER01045","Killer Ratings","2019","18+","8","NA","1","0","0","0"
"SER01046","Puffin Rock","2015","all","8.7","NA","1","0","0","0"
"SER01047","Keizersvrouwen","2019","18+","6","NA","1","0","0","0"
"SER01048","Ad Vitam","2018","7+","6.4","NA","1","0","0","0"
"SER01049","Residue","2015","16+","6.1","NA","1","0","0","0"
"SER01050","Live","2018","16+","8.4","NA","1","0","0","0"
"SER01051","Fate/Apocrypha","2017","18+","6.5","NA","1","0","0","0"
"SER01052","Total Drama Presents: The Ridonculous Race","2015","7+","6.6","NA","1","0","0","0"
"SER01053","Doomsday Preppers","2011","7+","6.1","NA","1","0","0","0"
"SER01054","Can't Cope, Won't Cope","2016","NA","7.3","NA","1","0","0","0"
"SER01055","Lunatics","2019","18+","6.6","NA","1","0","0","0"
"SER01056","The Big Flower Fight","2020","NA","7.7","0.43","1","0","0","0"
"SER01057","Criminal: Spain","2019","7+","6.9","NA","1","0","0","0"
"SER01058","Can't Pay? We'll Take It Away!","2014","18+","7.2","NA","1","0","0","0"
"SER01059","Twice Upon a Time","2019","NA","6.3","NA","1","0","0","0"
"SER01060","Embarrassing Bodies","2007","18+","7","NA","1","0","0","0"
"SER01061","Sea of Plastic","2015","NA","7.2","NA","1","0","0","0"
"SER01062","Two Sentence Horror Stories","2019","NA","5.5","NA","1","0","0","0"
"SER01063","Paranormal Survivor","2015","7+","6.3","NA","1","0","0","0"
"SER01064","Babies","2020","NA","6.9","0.67","1","0","0","0"
"SER01065","The Ghost Bride","2020","18+","5.8","NA","1","0","0","0"
"SER01066","Brainchild","2018","7+","8","NA","1","0","0","0"
"SER01067","Einsatzgruppen: The Nazi Death Squads","2009","NA","7.6","NA","1","0","0","0"
"SER01068","FIGHTWORLD","2018","18+","7.7","NA","1","0","0","0"
"SER01069","The Real Football Factories","2006","NA","7.6","NA","1","0","0","0"
"SER01070","The Garfield Show","2009","all","5.3","NA","1","0","1","0"
"SER01071","Bumping Mics with Jeff Ross & Dave Attell","2018","18+","7.7","NA","1","0","0","0"
"SER01072","20 Minutes","2013","NA","6.8","NA","1","0","0","0"
"SER01073","A Thousand Days' Promise","2011","16+","8.1","NA","1","0","0","0"
"SER01074","Spirit: Riding Free","2017","7+","6.4","NA","1","0","0","0"
"SER01075","So Awkward","2015","NA","7.5","NA","1","0","0","0"
"SER01076","Murder Maps","2015","16+","7.5","NA","1","0","0","0"
"SER01077","Wizards vs Aliens","2012","7+","6.5","NA","1","0","0","0"
"SER01078","Shot in the Dark","2017","18+","8.3","NA","1","0","0","0"
"SER01079","Here to Heart","2018","7+","8","NA","1","0","0","0"
"SER01080","Littlest Pet Shop","2012","all","6.1","NA","1","0","0","0"
"SER01081","21 Sarfarosh - Saragarhi 1897","2018","16+","8.1","NA","1","0","0","0"
"SER01082","Hidden Worlds","2018","all","6.9","NA","1","0","0","0"
"SER01083","Secrets of Great British Castles","2015","7+","7.8","NA","1","0","0","0"
"SER01084","The Wiggles","1998","all","5.7","NA","1","0","0","0"
"SER01085","Grand Designs Australia","2010","all","7.2","NA","1","0","0","0"
"SER01086","The Kindness Diaries","2017","NA","8.1","NA","1","0","1","0"
"SER01087","Release the Hounds","2013","NA","6.8","NA","1","0","0","0"
"SER01088","Max Steel","2013","7+","6.7","NA","1","0","0","0"
"SER01089","Fallet","2017","NA","6.8","NA","1","0","0","0"
"SER01090","Louis Theroux: Miami Mega-Jail","2011","18+","7.6","NA","1","0","0","0"
"SER01091","The Neighbor","2019","18+","6.5","NA","1","0","0","0"
"SER01092","The Expanding Universe of Ashley Garcia","2020","NA","6.5","NA","1","0","0","0"
"SER01093","Mortel","2019","18+","6.4","NA","1","0","0","0"
"SER01094","Shark","2015","NA","8.5","NA","1","0","0","0"
"SER01095","Let's Eat","2013","16+","7.7","NA","1","0","0","0"
"SER01096","Sisters","2017","NA","7.6","NA","1","0","0","0"
"SER01097","The Frozen Dead","2017","NA","6.3","NA","1","0","0","0"
"SER01098","A.I.C.O. -Incarnation-","2018","18+","6.4","NA","1","0","0","0"
"SER01099","Girls Incarcerated","2018","18+","7.3","NA","1","0","0","0"
"SER01100","Secret Agent Selection: WW2","2018","NA","7.6","NA","1","0","0","0"
"SER01101","Fary: Hexagone","2020","NA","6.3","NA","1","0","0","0"
"SER01102","Cannabis","2016","16+","6.9","NA","1","0","0","0"
"SER01103","Bill Nye Saves the World","2017","7+","3.6","0.75","1","0","0","0"
"SER01104","Scare Tactics","2003","16+","6.7","NA","1","0","0","0"
"SER01105","A User's Guide to Cheating Death","2017","16+","7.6","NA","1","0","0","0"
"SER01106","The Day I Met El Chapo: The Kate del Castillo Story","2017","18+","6.9","NA","1","0","0","0"
"SER01107","Chelsea","2016","18+","6.1","0.41","1","0","0","0"
"SER01108","Dinner for Five","2001","18+","8.1","NA","1","0","0","0"
"SER01109","The Chosen One","2019","18+","5.6","NA","1","0","0","0"
"SER01110","Trailer Park Boys: The Animated Series","2019","18+","7.5","NA","1","0","0","0"
"SER01111","The Royal House of Windsor","2017","16+","7.4","NA","1","0","0","0"
"SER01112","Playing with Fire","2019","18+","6.1","NA","1","0","0","0"
"SER01113","Love Through a Millennium","2015","NA","7.7","NA","1","0","0","0"
"SER01114","SWORD GAI: The Animation","2018","18+","5.9","NA","1","0","0","0"
"SER01115","My Life","2014","all","7.9","NA","1","0","0","0"
"SER01116","Skylanders Academy","2016","7+","6.5","NA","1","0","0","0"
"SER01117","Powder","1995","13+","6.6","0.5","1","0","0","0"
"SER01118","Dancing Queen","2018","7+","6.9","NA","1","0","0","0"
"SER01119","Sid the Science Kid","2008","all","5.4","0.8","1","0","0","0"
"SER01120","Cagaster of an Insect Cage","2020","18+","6.1","NA","1","0","0","0"
"SER01121","Absurd Planet","2020","7+","3.8","NA","1","0","0","0"
"SER01122","Last Chance to See","2009","7+","8.3","NA","1","0","0","0"
"SER01123","The Prince of Tennis","2019","NA","8.3","NA","1","0","0","0"
"SER01124","Behind Enemy Lines","2001","13+","6.4","0.37","1","0","0","0"
"SER01125","Chuggington","2008","all","5.9","NA","1","1","0","0"
"SER01126","Triad Princess","2019","18+","7","NA","1","0","0","0"
"SER01127","Bitter Daisies","2018","18+","7.2","NA","1","0","0","0"
"SER01128","Steampunk'd","2015","NA","5.8","NA","1","1","0","0"
"SER01129","Old Money","2015","7+","7.6","NA","1","0","0","0"
"SER01130","Trailer Park Boys: Out of the Park: Europe","2016","18+","6.6","NA","1","0","0","0"
"SER01131","Bel Ami","2013","NA","6.3","NA","1","0","0","0"
"SER01132","Fastest Car","2018","NA","7.1","NA","1","0","0","0"
"SER01133","Nisman: El fiscal, la presidenta y el espía","2020","NA","7.7","NA","1","0","0","0"
"SER01134","1994","2019","18+","8","NA","1","0","0","0"
"SER01135","Shadow","2019","7+","6.5","NA","1","0","0","0"
"SER01136","Jailbirds","2019","18+","7.2","NA","1","0","0","0"
"SER01137","To Be Continued","2015","all","NA","NA","1","0","0","0"
"SER01138","Peasants Rebellion","2018","NA","8.9","NA","1","0","0","0"
"SER01139","Raiders of the Lost Art","2016","all","8.1","NA","1","0","0","0"
"SER01140","Borderline","2016","16+","7.1","NA","1","0","0","0"
"SER01141","Refresh Man","2016","NA","7.6","NA","1","0","0","0"
"SER01142","Granblue Fantasy: The Animation","2017","NA","6.4","NA","1","0","1","0"
"SER01143","El día menos pensado","2020","NA","7.4","NA","1","0","0","0"
"SER01144","Geronimo Stilton","2009","all","6.7","NA","1","0","1","0"
"SER01145","Kikoriki","2004","all","7.4","NA","1","0","0","0"
"SER01146","Oh My Ghost","2015","NA","7.2","NA","1","0","0","0"
"SER01147","Meet the Drug Lords: Inside the Real Narcos","2018","7+","7.6","NA","1","0","0","0"
"SER01148","Atelier","2015","16+","7.4","NA","1","0","0","0"
"SER01149","Raja Rasoi Aur Anya Kahaniyan","2015","NA","8.8","NA","1","0","1","0"
"SER01150","Scam City","2012","NA","8","NA","1","0","0","0"
"SER01151","Enemigo íntimo","2018","16+","7.7","NA","1","0","0","0"
"SER01152","Hardy Bucks","2010","7+","8.3","NA","1","0","0","0"
"SER01153","The A List","2018","NA","5.3","NA","1","0","0","0"
"SER01154","The Piano Forest","2018","7+","7.1","NA","1","0","0","0"
"SER01155","Little Lunch","2014","all","8.2","NA","1","0","0","0"
"SER01156","Wild Catch / Chasing Monsters","2016","NA","7.6","NA","1","0","0","0"
"SER01157","Kaçak","2013","NA","6.7","NA","1","0","0","0"
"SER01158","Sweet Magnolias","2020","16+","6.9","NA","1","0","0","0"
"SER01159","The Break with Michelle Wolf","2018","18+","5.2","0.81","1","0","0","0"
"SER01160","The Dark Charisma of Adolf Hitler","2012","NA","7.3","NA","1","0","0","0"
"SER01161","White Rabbit Project","2016","7+","6.9","NA","1","0","0","0"
"SER01162","Last","2015","16+","7.5","NA","1","0","0","0"
"SER01163","Moving Art","2007","7+","8.7","NA","1","0","0","0"
"SER01164","Solomon's Perjury","2016","NA","7.5","NA","1","0","0","0"
"SER01165","The Disastrous Life of Saiki K.: Reawakened","2019","NA","7.8","NA","1","0","0","0"
"SER01166","Lost & Found Music Studios","2015","all","6.7","NA","1","0","0","0"
"SER01167","Lords and Ladles","2015","NA","8.1","NA","1","0","0","0"
"SER01168","Summertime","2020","18+","6.7","NA","1","0","0","0"
"SER01169","Transformers: Robots In Disguise","2015","all","6","NA","1","0","0","0"
"SER01170","Fried","2015","NA","6.2","NA","1","0","0","0"
"SER01171","Monty Don's Italian Gardens","2011","NA","8.3","NA","1","0","0","0"
"SER01172","The Epic Tales of Captain Underpants","2018","7+","6.8","NA","1","0","0","0"
"SER01173","Followers","2020","18+","6.2","NA","1","0","0","0"
"SER01174","Back to 1989","2016","NA","8.2","NA","1","0","0","0"
"SER01175","The Story of Maths","2008","all","8","NA","1","0","0","0"
"SER01176","Strangers From Hell","2019","NA","8","NA","1","0","0","0"
"SER01177","Examination of Conscience","2019","18+","8","NA","1","0","0","0"
"SER01178","Go! Go! Cory Carson","2020","all","8.1","NA","1","0","0","0"
"SER01179","Ghost-Seeing Detective Cheo-Yong","2014","16+","7.3","NA","1","0","0","0"
"SER01180","I Hear You","2019","all","7.8","NA","1","0","0","0"
"SER01181","The Cat in the Hat Knows a Lot About That!","2010","all","6.5","NA","1","0","1","0"
"SER01182","Dinosaur King","2007","7+","5.5","NA","1","0","0","0"
"SER01183","The Club","2019","NA","6.2","NA","1","0","0","0"
"SER01184","72 Dangerous Animals: Latin America","2017","16+","6.8","NA","1","0","0","0"
"SER01185","Amazing Interiors","2018","all","6.7","NA","1","0","0","0"
"SER01186","The Forest of Love: Deep Cut","2020","NA","6.5","NA","1","0","0","0"
"SER01187","Levius","2019","NA","7","NA","1","0","0","0"
"SER01188","Blackstone","2011","NA","7.3","NA","1","0","0","0"
"SER01189","Prank Encounters","2019","18+","5","0.4","1","0","0","0"
"SER01190","Amazing Hotels: Life Beyond the Lobby","2017","NA","7.7","NA","1","0","0","0"
"SER01191","Dragon Pilot: Hisone and Masotan","2018","16+","6.9","NA","1","0","0","0"
"SER01192","Interior Design Masters","2019","NA","6.7","NA","1","0","0","0"
"SER01193","Mighty Little Bheem","2019","all","7.9","NA","1","0","0","0"
"SER01194","100% Hotter","2016","NA","4.4","NA","1","0","0","0"
"SER01195","Legend of Chu and Han","2012","NA","NA","NA","1","0","0","0"
"SER01196","Keeping up with the Joneses","2010","NA","8.5","NA","1","0","0","0"
"SER01197","Apache: La vida de Carlos Tevez","2019","18+","7.9","NA","1","0","0","0"
"SER01198","Flavorful Origins","2019","all","7.6","NA","1","0","0","0"
"SER01199","Pup Academy","2019","NA","6.6","NA","1","0","0","0"
"SER01200","Oyunbozan","2019","NA","6.8","NA","1","0","0","0"
"SER01201","Take My Brother Away","2018","all","7.9","NA","1","0","0","0"
"SER01202","Coach Snoop","2016","all","6.8","NA","1","0","0","0"
"SER01203","Johnny Test","2005","all","4.9","NA","1","0","0","0"
"SER01204","Ask the Storybots","2016","all","8.1","NA","1","0","0","0"
"SER01205","Blown Away","2019","7+","6.8","NA","1","0","0","0"
"SER01206","Wild Arabia","2013","all","8","NA","1","0","0","0"
"SER01207","Glitter Force","2012","NA","6.5","NA","1","0","0","0"
"SER01208","Pac-Man and the Ghostly Adventures","2013","7+","4.8","NA","1","0","1","0"
"SER01209","True Crime","2010","NA","6.3","NA","1","0","0","0"
"SER01210","Hibana: Spark","2016","NA","8.1","NA","1","0","0","0"
"SER01211","Back with the Ex","2019","NA","6.3","NA","1","0","0","0"
"SER01212","72 Dangerous Animals: Asia","2018","16+","6.6","NA","1","0","0","0"
"SER01213","Danger Mouse","2015","all","7.1","NA","1","0","0","0"
"SER01214","The Story of Us with Morgan Freeman","2017","NA","7.5","NA","1","0","0","0"
"SER01215","The Comedy Lineup","2018","18+","5.7","1","1","0","0","0"
"SER01216","Monzón: A Knockout Blow","2019","18+","8","NA","1","0","0","0"
"SER01217","The Beginning of Life: The Series","2016","all","7.6","NA","1","0","0","0"
"SER01218","Selling Sunset","2019","NA","5.5","NA","1","0","0","0"
"SER01219","Sintonia","2019","18+","6.6","NA","1","0","0","0"
"SER01220","Holiday Secrets","2019","16+","6.4","NA","1","0","0","0"
"SER01221","Kevin Hart: Don't F**k This Up","2019","18+","6.5","NA","1","0","0","0"
"SER01222","Maniac","2015","NA","7","NA","1","0","0","0"
"SER01223","Lost Song","2018","16+","7.1","NA","1","0","0","0"
"SER01224","Yago","2016","7+","7.2","NA","1","0","0","0"
"SER01225","Nura: Rise of the Yokai Clan","2010","NA","7.6","NA","1","1","0","0"
"SER01226","The Great Interior Design Challenge","2014","7+","7.3","NA","1","0","0","0"
"SER01227","My Little Lover","2015","NA","6.9","NA","1","0","0","0"
"SER01228","Tientsin Mystic","2017","7+","7.3","NA","1","0","0","0"
"SER01229","Nadiya's Time to Eat","2019","NA","7.4","NA","1","0","0","0"
"SER01230","Redfern Now","2012","NA","8","NA","1","0","0","0"
"SER01231","Super Drags","2018","18+","5.6","NA","1","0","0","0"
"SER01232","Just You","2013","NA","7.4","NA","1","0","0","0"
"SER01233","Zak Storm","2016","NA","7.1","NA","1","0","0","0"
"SER01234","An Hour to Save Your Life","2014","NA","8.9","NA","1","0","0","0"
"SER01235","Yanxi Palace: Princess Adventures","2019","NA","6","NA","1","0","0","0"
"SER01236","Gentlemen & Gangsters","2016","NA","7","NA","1","0","0","0"
"SER01237","Malibu Rescue: The Series","2019","NA","5.1","NA","1","0","0","0"
"SER01238","Toon","2016","NA","7.7","NA","1","0","0","0"
"SER01239","Monkey Planet","2014","7+","8.5","NA","1","0","0","0"
"SER01240","Monster Garage","2002","7+","5.9","NA","1","0","0","0"
"SER01241","Filinta : Bir Osmanli Polisiyesi","2014","NA","6.7","NA","1","0","0","0"
"SER01242","Oscar's Oasis","2010","NA","7.5","NA","1","0","0","0"
"SER01243","Brojects","2016","NA","8","NA","1","0","0","0"
"SER01244","The Murder Detectives","2015","NA","7.7","NA","1","0","0","0"
"SER01245","PopPixie","2011","all","5.6","NA","1","0","0","0"
"SER01246","The Bionic Vet","2010","NA","8.7","NA","1","0","0","0"
"SER01247","Ladies Up","2020","NA","4.1","NA","1","0","0","0"
"SER01248","Angry Birds Toons","2013","all","6.2","NA","1","0","0","0"
"SER01249","Maradona in Mexico","2019","NA","7.3","NA","1","0","0","0"
"SER01250","Nowhere Man","2019","18+","5.4","NA","1","0","0","0"
"SER01251","Cheer Squad","2016","7+","7.3","NA","1","0","0","0"
"SER01252","Motown Magic","2018","all","7.9","NA","1","0","0","0"
"SER01253","Pop Team Epic","2018","18+","6.8","NA","1","0","1","0"
"SER01254","A Little Help with Carol Burnett","2018","NA","6","NA","1","0","0","0"
"SER01255","Fartsa","2015","NA","6.5","NA","1","0","0","0"
"SER01256","Mia and Me","2012","all","6.6","NA","1","0","0","0"
"SER01257","Warrior","2018","NA","6.7","NA","1","0","0","0"
"SER01258","Pega Pega","2017","NA","6.3","NA","1","0","0","0"
"SER01259","Oddbods","2015","7+","6.3","NA","1","1","1","0"
"SER01260","VR Troopers","1994","7+","5.7","NA","1","0","0","0"
"SER01261","Nightmare Teacher","2016","NA","7.1","NA","1","0","0","0"
"SER01262","Legend Quest","2017","7+","7.5","NA","1","0","0","0"
"SER01263","On Children","2018","NA","7.3","NA","1","0","0","0"
"SER01264","Legend Quest: Masters of Myth","2019","NA","8.2","NA","1","0","0","0"
"SER01265","Don't Call Me Crazy","2013","NA","7.5","NA","1","0","0","0"
"SER01266","Taco Chronicles","2019","7+","8.5","NA","1","0","0","0"
"SER01267","The Big Family Cooking Showdown","2017","7+","7.1","NA","1","0","0","0"
"SER01268","Inhuman Resources","2020","NA","7.1","NA","1","0","0","0"
"SER01269","Fearless","2016","NA","7.1","NA","1","0","0","0"
"SER01270","Archibald's Next Big Thing","2019","7+","7.7","NA","1","0","0","0"
"SER01271","Killer Women with Piers Morgan","2016","NA","6.5","NA","1","0","0","0"
"SER01272","Memory Love","2017","NA","8.2","NA","1","0","0","0"
"SER01273","Minute to Win It","2010","7+","5.1","NA","1","0","0","0"
"SER01274","Wildest Islands","2012","NA","8.1","NA","1","0","1","0"
"SER01275","Buddy Thunderstruck","2017","7+","7.6","NA","1","0","0","0"
"SER01276","West Coast Customs","2011","NA","6.1","NA","1","0","1","0"
"SER01277","Ice Road Rescue","2015","NA","8.6","NA","1","0","0","0"
"SER01278","Cain and Abel","2009","NA","7.7","NA","1","0","0","0"
"SER01279","Bernard","2006","7+","6.1","NA","1","0","1","0"
"SER01280","Monkey Life","2007","NA","8.8","NA","1","0","0","0"
"SER01281","Strawberry Shortcake","2003","all","4.8","NA","1","0","0","0"
"SER01282","Los heroes del norte","2011","16+","7.2","NA","1","0","0","0"
"SER01283","Big Bad Beetleborgs","1996","7+","6.3","NA","1","0","0","0"
"SER01284","Moving On","2009","NA","7.3","NA","1","0","1","0"
"SER01285","Beat Bugs","2016","all","7.6","NA","1","0","0","0"
"SER01286","Basketball or Nothing","2019","7+","7.5","NA","1","0","0","0"
"SER01287","The Iliza Shlesinger Sketch Show","2020","18+","4.8","NA","1","0","0","0"
"SER01288","Netflix Presents: The Characters","2016","NA","5.1","NA","1","0","0","0"
"SER01289","Days We Stared at the Sun","2010","16+","7.9","NA","1","0","0","0"
"SER01290","Julie's Greenroom","2017","NA","8.3","NA","1","0","0","0"
"SER01291","13 Reasons Why: Beyond the Reasons","2017","18+","6.5","NA","1","0","0","0"
"SER01292","La Ley secreta","2018","NA","7.4","NA","1","0","0","0"
"SER01293","Dinotrux","2015","7+","7","NA","1","0","0","0"
"SER01294","Talking Tom and Friends","2014","all","6.2","NA","1","0","0","0"
"SER01295","Re:Mind","2017","18+","5","NA","1","0","0","0"
"SER01296","Diamond Lover","2015","NA","6.2","NA","1","0","0","0"
"SER01297","Outback Truckers","2012","NA","7.5","NA","1","0","0","0"
"SER01298","Astronomy Club: The Sketch Show","2019","18+","6.9","NA","1","0","0","0"
"SER01299","MegaTruckers","2012","NA","6.9","NA","1","0","0","0"
"SER01300","The Fix","2018","18+","7.1","NA","1","0","0","0"
"SER01301","The World's War: Forgotten Soldiers of Empire","2014","NA","7.6","NA","1","0","0","0"
"SER01302","Rostered On","2017","16+","8.4","NA","1","0","0","0"
"SER01303","ThirtTEEN Terrors","2014","16+","6.9","NA","1","0","0","0"
"SER01304","Molang","2015","all","8.4","NA","1","0","1","0"
"SER01305","The Lies Within","2019","NA","6.7","NA","1","0","0","0"
"SER01306","Homes By the Sea","2014","NA","8.2","NA","1","0","0","0"
"SER01307","Samantha!","2018","7+","6.5","NA","1","0","0","0"
"SER01308","Hero Mask","2018","16+","6.2","NA","1","0","0","0"
"SER01309","First and Last","2018","18+","6.8","NA","1","0","0","0"
"SER01310","Extraterrestrial","2014","NA","5","0.3","1","0","0","0"
"SER01311","Loving Ibiza: Series","2013","NA","5.7","NA","1","0","0","0"
"SER01312","Witch Hunt: A Century of Murder","2015","18+","7.1","NA","1","0","0","0"
"SER01313","Close Your Eyes Before It's Dark","2016","NA","7.2","NA","1","0","0","0"
"SER01314","Possessed","2019","NA","6.9","NA","1","0","0","0"
"SER01315","Shine On with Reese","2018","NA","7.6","NA","1","0","0","0"
"SER01316","My Sassy Girl","2017","NA","7","NA","1","0","0","0"
"SER01317","Dirt Every Day","2013","NA","8.2","NA","1","0","0","0"
"SER01318","Haunted","2018","18+","4.5","NA","1","0","0","0"
"SER01319","Mother Goose Club","2010","NA","7.4","NA","1","0","1","0"
"SER01320","The Horn","2016","NA","8.4","NA","1","0","0","0"
"SER01321","Supervolcano","2005","7+","6.7","NA","1","0","0","0"
"SER01322","Yu-Gi-Oh! Zexal","2011","7+","4.8","NA","1","1","1","0"
"SER01323","Friday Night Tykes","2014","16+","6.8","NA","1","0","0","0"
"SER01324","Horrid Henry","2006","7+","6.1","NA","1","0","1","0"
"SER01325","Go Back To Where You Came From","2011","18+","8.1","NA","1","0","0","0"
"SER01326","Swift and Shift Couriers","2008","18+","7.6","NA","1","0","0","0"
"SER01327","Bare Knuckle Fight Club","2017","NA","6.9","NA","1","0","0","0"
"SER01328","Kuromukuro","2016","16+","7.2","NA","1","0","0","0"
"SER01329","Booba","2014","all","7.1","NA","1","0","1","0"
"SER01330","Burnistoun","2009","16+","7.9","NA","1","0","0","0"
"SER01331","Rosario Tijeras","2016","NA","5.9","NA","1","0","0","0"
"SER01332","Project Mc²","2015","all","6","NA","1","0","0","0"
"SER01333","Campus","2009","16+","7.4","NA","1","0","0","0"
"SER01334","Historical Roasts","2019","18+","5.3","NA","1","0","0","0"
"SER01335","Total Drama Action","2009","7+","NA","NA","1","0","0","0"
"SER01336","Goldie & Bear","2015","all","6.4","NA","1","0","0","0"
"SER01337","45 RPM","2019","16+","7.3","NA","1","0","0","0"
"SER01338","Turbo FAST","2013","7+","6.6","NA","1","0","0","0"
"SER01339","Storage Wars: Northern Treasures","2017","18+","5.7","NA","1","0","1","0"
"SER01340","What Happens to My Family?","2014","NA","8.4","NA","1","0","0","0"
"SER01341","Inside the Criminal Mind","2018","18+","5.4","NA","1","1","0","0"
"SER01342","Estocolmo","2016","18+","5.8","NA","1","0","0","0"
"SER01343","Bala Loca","2016","NA","8.1","NA","1","0","0","0"
"SER01344","Ingress: The Animation","2018","all","6.5","NA","1","0","0","0"
"SER01345","Nature's Weirdest Events","2012","all","6.8","NA","1","0","0","0"
"SER01346","My Little Pony: Equestria Girls","2017","all","6.5","NA","1","0","0","0"
"SER01347","Snow Wolf Family and Me","2014","all","8.2","NA","1","0","0","0"
"SER01348","The Good Cop","2015","NA","7.5","NA","1","0","0","0"
"SER01349","Monty Python's Fliegender Zirkus","1972","NA","8.2","NA","1","0","0","0"
"SER01350","My Only Love Song","2017","NA","6.7","NA","1","0","0","0"
"SER01351","21 Thunder","2017","18+","6.2","NA","1","0","0","0"
"SER01352","Sugar Rush Christmas","2019","NA","6.8","NA","1","0","0","0"
"SER01353","Tong: Memories","2016","7+","7.7","NA","1","0","0","0"
"SER01354","Smoking","2018","18+","7.5","NA","1","0","0","0"
"SER01355","Heavy Rescue: 401","2017","7+","6.9","NA","1","0","0","0"
"SER01356","LEGO Friends","2012","all","5.2","NA","1","1","1","0"
"SER01357","Fall In Love With Me","2014","NA","7.1","NA","1","0","0","0"
"SER01358","Bat Pat","2016","NA","NA","NA","1","0","1","0"
"SER01359","Ainori Love Wagon: Asian Journey","2017","NA","6.9","NA","1","0","0","0"
"SER01360","The Magic School Bus Rides Again","2017","all","6.2","NA","1","0","0","0"
"SER01361","Criminal: Germany","2019","NA","NA","NA","1","0","0","0"
"SER01362","Strawberry Shortcake's Berry Bitty Adventures","2010","all","6.1","NA","1","0","0","0"
"SER01363","Wonders of the Monsoon","2014","NA","8.1","NA","1","0","0","0"
"SER01364","Hyori's Bed and Breakfast","2017","NA","8.5","NA","1","0","0","0"
"SER01365","The Prince Who Turns into a Frog","2005","NA","7.2","NA","1","0","0","0"
"SER01366","Love O2O","2016","16+","8","NA","1","0","0","0"
"SER01367","Zig and Sharko","2011","all","6.8","NA","1","0","0","0"
"SER01368","Some Assembly Required","2014","all","3.5","NA","1","0","1","0"
"SER01369","Anjaan: Rural Myths","2018","NA","6.1","NA","1","0","0","0"
"SER01370","Afflicted","2018","18+","4.9","NA","1","0","0","0"
"SER01371","Baby Daddy","2015","16+","6","0.78","1","0","0","0"
"SER01372","Romance of Our Parents","2014","NA","7.6","NA","1","0","0","0"
"SER01373","Fantastic","2016","16+","7.3","NA","1","0","0","0"
"SER01374","Strong","2016","7+","7.3","NA","1","0","0","0"
"SER01375","Battlefish","2018","NA","7.2","NA","1","0","0","0"
"SER01376","VeggieTales in the City","2017","NA","6.1","NA","1","0","0","0"
"SER01377","Chug","2014","NA","8.1","NA","1","0","0","0"
"SER01378","Grizzy & the Lemmings","2016","all","6.6","NA","1","0","0","0"
"SER01379","Six Windows in the Desert","2020","NA","3.9","NA","1","0","0","0"
"SER01380","Apaches","2015","18+","6.9","NA","1","0","0","0"
"SER01381","Crime Diaries: Night Out","2019","NA","7.8","NA","1","0","0","0"
"SER01382","Puerta 7","2020","18+","5.5","NA","1","0","0","0"
"SER01383","Pacto de Sangue","2018","NA","7","NA","1","0","0","0"
"SER01384","Lockdown","2006","7+","7.3","NA","1","0","0","0"
"SER01385","Fate/EXTRA Last Encore","2018","18+","5.3","NA","1","0","0","0"
"SER01386","Living Undocumented","2019","18+","6.3","NA","1","0","0","0"
"SER01387","Dawn of the Croods","2015","7+","5.9","NA","1","0","0","0"
"SER01388","Spirit Riding Free: Riding Academy","2020","NA","7.1","NA","1","0","0","0"
"SER01389","The New Adventures of Figaro Pho","2015","all","7.1","NA","1","1","0","0"
"SER01390","StarBeam","2020","NA","7.2","NA","1","0","0","0"
"SER01391","Goodbye Mr. Black","2016","NA","6.8","NA","1","0","0","0"
"SER01392","Monster Fish","2007","NA","6.7","NA","1","1","0","0"
"SER01393","Ocean Mysteries with Jeff Corwin","2011","all","8.2","NA","1","0","1","0"
"SER01394","Spectros","2020","18+","4.4","NA","1","0","0","0"
"SER01395","revisions","2019","18+","6.1","NA","1","0","0","0"
"SER01396","The Mortified Guide","2018","18+","7.8","NA","1","0","0","0"
"SER01397","Dragons: Rescue Riders","2019","7+","6.4","NA","1","0","0","0"
"SER01398","Conspiracy","2015","NA","6.3","NA","1","0","0","0"
"SER01399","Real Rob","2015","18+","6.4","NA","1","0","0","0"
"SER01400","Too Young to Die","2012","NA","7.2","NA","1","0","0","0"
"SER01401","World's Busiest Cities","2017","NA","7.3","NA","1","0","0","0"
"SER01402","White Nights","2016","NA","7","NA","1","0","0","0"
"SER01403","Canada's Worst Handyman","2006","7+","4.6","NA","1","0","0","0"
"SER01404","A Taiwanese Tale of Two Cities","2018","NA","6.3","NA","1","0","0","0"
"SER01405","Hotel Transylvania","2017","7+","5.3","NA","1","0","0","0"
"SER01406","Tales of Irish Castles","2015","7+","7.3","NA","1","0","0","0"
"SER01407","India's Frontier Railways","2015","NA","7.9","NA","1","0","0","0"
"SER01408","Prisoner Zero","2016","NA","7.8","NA","1","0","0","0"
"SER01409","Sniffer","2013","NA","6.6","NA","1","0","1","0"
"SER01410","Magmel of the Sea Blue","2019","7+","6.2","NA","1","0","0","0"
"SER01411","Razia Sultan","2015","NA","5.7","NA","1","0","0","0"
"SER01412","Really Me!","2011","NA","5.3","NA","1","0","0","0"
"SER01413","The Unremarkable Juanquini","2020","16+","4.1","NA","1","0","0","0"
"SER01414","The Who Was? Show","2018","NA","6.5","NA","1","0","0","0"
"SER01415","Age of Rebellion","2018","NA","8.6","NA","1","0","0","0"
"SER01416","Lo que la verdad esconde: El caso Asunta","2017","16+","7.4","NA","1","0","0","0"
"SER01417","Castlevania: Hymn of Blood","2012","18+","7.8","NA","1","0","0","0"
"SER01418","Age of Glory","2016","NA","7.7","NA","1","0","0","0"
"SER01419","We Speak Dance","2018","7+","7.5","NA","1","0","0","0"
"SER01420","Ninja Turtles: The Next Mutation","1997","7+","4.4","NA","1","0","0","0"
"SER01421","Don't Watch This","2018","16+","3.2","NA","1","0","0","0"
"SER01422","Saving Mrs. Go Bong Shil","2011","NA","7.5","NA","1","0","0","0"
"SER01423","The Mekong River with Sue Perkins","2014","NA","7.7","NA","1","0","0","0"
"SER01424","Monty Python's Personal Best","2006","16+","8","NA","1","0","0","0"
"SER01425","Fire Chasers","2017","NA","6.6","NA","1","0","0","0"
"SER01426","Ainori Love Wagon: African Journey","2020","NA","7.4","NA","1","0","0","0"
"SER01427","Pacific Heat","2016","16+","5.7","0.17","1","0","0","0"
"SER01428","72 Dangerous Places to Live","2016","18+","6.4","NA","1","0","0","0"
"SER01429","A Cook Abroad","2015","NA","7.4","NA","1","0","0","0"
"SER01430","The Investigator: A British Crime Story","2016","NA","5.7","NA","1","0","0","0"
"SER01431","Mythomanic","2019","NA","6.8","NA","1","0","0","0"
"SER01432","Club de Cuervos Presents: The Ballad of Hugo Sánchez","2018","18+","6.6","NA","1","0","0","0"
"SER01433","Hello Ninja","2019","all","7.5","NA","1","0","0","0"
"SER01434","Murderous Affairs","2016","16+","6.7","NA","1","0","0","0"
"SER01435","Exhibit A","2019","18+","6.2","NA","1","0","0","0"
"SER01436","Extreme Engagement","2019","18+","5.5","NA","1","0","0","0"
"SER01437","Cupcake & Dino - General Services","2018","7+","7.5","NA","1","0","0","0"
"SER01438","Earth to Luna!","2014","all","7.4","NA","1","0","1","0"
"SER01439","The Great Escape","2012","NA","5.8","NA","1","0","0","0"
"SER01440","Can We Get Married?","2012","NA","6.7","NA","1","0","0","0"
"SER01441","Super Monsters","2017","all","6.7","NA","1","0","0","0"
"SER01442","HaMossad: Sipur Kisuy","2017","NA","7.6","NA","1","0","0","0"
"SER01443","Lucid Dream","2017","NA","6.1","NA","1","0","0","0"
"SER01444","Death by Magic","2018","7+","6.1","NA","1","0","0","0"
"SER01445","Khotey Sikkey","2011","7+","7.3","NA","1","0","0","0"
"SER01446","Japanese Style Originator","2008","NA","8.2","NA","1","0","0","0"
"SER01447","Singles Villa","2015","NA","7.5","NA","1","0","0","0"
"SER01448","I Am the Ambassador","2014","NA","7.2","NA","1","0","0","0"
"SER01449","The Degenerates","2018","18+","6.1","NA","1","0","0","0"
"SER01450","Larry Charles' Dangerous World of Comedy","2019","18+","7.3","NA","1","0","0","0"
"SER01451","Boca Juniors Confidential","2018","all","6.5","NA","1","0","0","0"
"SER01452","Under Arrest","2016","16+","7.3","NA","1","0","0","0"
"SER01453","Three Wives, One Husband","2018","NA","6.5","NA","1","0","0","0"
"SER01454","ReBoot: The Guardian Code","2018","7+","3.7","NA","1","0","0","0"
"SER01455","Bangkok <U+0E23><U+0E31><U+0E01> Stories 2 <U+0E15><U+0E2D><U+0E19> <U+0E44><U+0E21><U+0E48><U+0E40><U+0E14><U+0E35><U+0E22><U+0E07><U+0E2A><U+0E32>","2018","NA","6.9","NA","1","0","0","0"
"SER01456","The Road Trick","2017","NA","6.8","NA","1","0","0","0"
"SER01457","Julius Jr.","2014","NA","5.4","NA","1","0","0","0"
"SER01458","Becoming Champions","2018","all","6.7","NA","1","0","0","0"
"SER01459","Carver Kings","2015","7+","8.2","NA","1","0","0","0"
"SER01460","YG Future Strategy Office","2018","7+","7.1","NA","1","0","0","0"
"SER01461","The Many Faces of Ito","2017","NA","6.7","NA","1","0","0","0"
"SER01462","Age Gap Love","2014","NA","5.8","NA","1","0","0","0"
"SER01463","Three Days of Christmas","2019","18+","6.8","NA","1","0","0","0"
"SER01464","Empire Games","2018","7+","5.6","NA","1","0","0","0"
"SER01465","All About the Washingtons","2018","all","4.2","0.4","1","0","0","0"
"SER01466","Nurses Who Kill","2016","NA","5.9","NA","1","0","1","0"
"SER01467","Black Hollywood: 'They've Gotta Have Us'","2018","NA","7.4","NA","1","0","0","0"
"SER01468","Team Kaylie","2019","NA","4.2","NA","1","0","0","0"
"SER01469","Lo Que la Vida Me Robó","2013","NA","NA","NA","1","0","0","0"
"SER01470","Wake Up","2015","NA","7","NA","1","0","0","0"
"SER01471","Dino Girl Gauko","2019","7+","7.1","NA","1","0","0","0"
"SER01472","Liquid Science","2017","NA","6.4","NA","1","0","0","0"
"SER01473","Ocean Giants","2011","NA","8.2","NA","1","0","0","0"
"SER01474","Idiotest","2014","7+","5.7","NA","1","0","0","0"
"SER01475","Jamie and Jimmy's Food Fight Club","2012","NA","6.9","NA","1","0","0","0"
"SER01476","Drug Squad: Costa del Sol","2019","NA","6.6","NA","1","0","0","0"
"SER01477","Skin Wars: Fresh Paint","2016","16+","6.2","NA","1","0","0","0"
"SER01478","A Thousand Goodnights","2019","NA","NA","NA","1","0","0","0"
"SER01479","My Runway","2016","7+","6.2","NA","1","0","0","0"
"SER01480","Africa's Deadliest","2011","NA","6.9","NA","1","0","0","0"
"SER01481","The Rap Game","2016","7+","5.3","NA","1","1","0","0"
"SER01482","Mob Psycho 100","2018","all","5.1","NA","1","0","0","0"
"SER01483","Flinch","2019","7+","4","NA","1","0","0","0"
"SER01484","Afghanistan: The Great Game","2012","NA","7.6","NA","1","0","0","0"
"SER01485","Dinotrux: Supercharged","2017","7+","7.1","NA","1","0","0","0"
"SER01486","Noddy, Toyland Detective","2016","all","7","NA","1","0","0","0"
"SER01487","Inspector Gadget","2015","all","4.4","NA","1","0","0","0"
"SER01488","Singapore Social","2019","NA","6.6","NA","1","0","0","0"
"SER01489","Camelia La Texana","2014","NA","7.6","NA","1","0","0","0"
"SER01490","Word Party","2016","all","6.2","NA","1","0","0","0"
"SER01491","Weekend Aristocrats","2013","NA","NA","NA","1","0","0","0"
"SER01492","Clangers","2015","NA","7.7","NA","1","0","0","0"
"SER01493","Hoff the Record","2015","16+","6.9","NA","1","0","1","0"
"SER01494","Bindi's Bootcamp","2012","NA","6.2","NA","1","0","0","0"
"SER01495","Best.Worst.Weekend.Ever.","2018","7+","6.3","NA","1","0","0","0"
"SER01496","Slobby's World","2017","NA","5.8","NA","1","0","0","0"
"SER01497","Chosen","2018","NA","5.5","NA","1","0","0","0"
"SER01498","Popples","1986","all","6.4","NA","1","0","0","0"
"SER01499","The Goop Lab","2020","18+","2.3","0.31","1","0","0","0"
"SER01500","The Hairy Bikers' Asian Adventure","2014","7+","6.9","NA","1","0","0","0"
"SER01501","The Fierce Wife","2010","16+","6.7","NA","1","0","0","0"
"SER01502","Top 10 Secrets and Mysteries","2016","7+","5.1","NA","1","0","0","0"
"SER01503","The Gods of Wheat Street","2014","NA","8.2","NA","1","0","0","0"
"SER01504","Brown Nation","2016","NA","6.9","NA","1","0","0","0"
"SER01505","Charlie's Colorforms City","2019","all","8","NA","1","0","0","0"
"SER01506","Tayee","2018","NA","8.1","NA","1","0","0","0"
"SER01507","El Cartel 2","2010","16+","6.8","NA","1","0","0","0"
"SER01508","Westside","2018","16+","5.8","0.2","1","0","0","0"
"SER01509","What is Love","2012","NA","7","NA","1","0","0","0"
"SER01510","The Little Nyonya","2008","NA","NA","NA","1","0","0","0"
"SER01511","Traffic Cops","2003","NA","7.2","NA","1","0","0","0"
"SER01512","44 Cats","2019","NA","6.4","NA","1","0","0","0"
"SER01513","Ghost Town Gold","2012","NA","7","NA","1","0","0","0"
"SER01514","Clash of the Collectables","2017","NA","7.3","NA","1","0","0","0"
"SER01515","The In-Laws","2003","13+","5.7","0.34","1","0","0","0"
"SER01516","Border Patrol","2002","7+","NA","NA","1","0","0","0"
"SER01517","Last Hope","2018","16+","5.8","NA","1","0","0","0"
"SER01518","The Hollywood Masters","2017","NA","7.1","NA","1","0","0","0"
"SER01519","Birdie Buddy","2011","7+","7.4","NA","1","0","0","0"
"SER01520","The Paper","2008","NA","6.5","NA","1","0","0","0"
"SER01521","Home: Adventures with Tip & Oh","2016","7+","5.8","NA","1","0","0","0"
"SER01522","The Motorbike Show","2011","NA","8.4","NA","1","0","0","0"
"SER01523","Love, Now","2007","NA","6.1","NA","1","0","0","0"
"SER01524","My Husband Won't Fit","2019","NA","6.7","NA","1","0","0","0"
"SER01525","Rimba Racer","2015","NA","8.1","NA","1","0","0","0"
"SER01526","Court Justice: Sydney","2017","NA","7","NA","1","0","0","0"
"SER01527","The Casketeers","2018","16+","7.1","NA","1","0","0","0"
"SER01528","Kong: King of the Apes","2016","7+","5.8","NA","1","0","0","0"
"SER01529","The Dandy","2015","all","5.9","NA","1","0","0","0"
"SER01530","Panda and Hedgehog","2012","NA","6.1","NA","1","0","0","0"
"SER01531","A Man Called God","2010","NA","5.8","NA","1","0","0","0"
"SER01532","The Judgement","2018","NA","6.8","NA","1","0","0","0"
"SER01533","Animal Airport","2012","NA","7.9","NA","1","0","0","0"
"SER01534","Eugenie Nights - <U+0644><U+064A><U+0627><U+0644><U+064A> <U+0623><U+0648><U+062C><U+064A><U+0646><U+064A>","2018","16+","7.6","NA","1","0","0","0"
"SER01535","Nailed It! France","2019","NA","6.4","NA","1","0","0","0"
"SER01536","Cromo","2015","16+","6.8","NA","1","0","0","0"
"SER01537","House Doctor","1998","NA","4.8","NA","1","0","0","0"
"SER01538","The Last Nazis","2009","7+","6.6","NA","1","0","0","0"
"SER01539","Crime Time","2018","NA","6.6","NA","1","0","0","0"
"SER01540","Happy Jail","2019","18+","8","NA","1","0","0","0"
"SER01541","All About Love","2010","NA","6.3","NA","1","0","0","0"
"SER01542","Blazing Transfer Students","2017","NA","7.3","NA","1","0","0","0"
"SER01543","72 Cutest Animals","2016","NA","5.7","NA","1","0","0","0"
"SER01544","The Unknown Hitman: The Story of El Cholo Adrián","2017","NA","7.2","NA","1","0","0","0"
"SER01545","Terrorism Close Calls","2018","NA","5.8","NA","1","0","0","0"
"SER01546","Robocar Poli","2011","NA","6.4","NA","1","0","0","0"
"SER01547","La Esquina del Diablo","2015","NA","7.8","NA","1","0","0","0"
"SER01548","Gunslinger Girl: Il Teatrino","2008","16+","7","NA","1","0","0","0"
"SER01549","Agent","2019","NA","6.4","NA","1","0","0","0"
"SER01550","Voice","2009","NA","7.4","NA","1","0","0","0"
"SER01551","Mahi Way","2010","NA","7.8","NA","1","0","0","0"
"SER01552","Narcoworld: Dope Stories","2019","NA","6.6","NA","1","0","0","0"
"SER01553","The Good Bandit","2019","18+","7.4","NA","1","0","0","0"
"SER01554","Reno My Reno","2015","NA","8.3","NA","1","0","0","0"
"SER01555","Follow This","2018","18+","4.8","NA","1","0","0","0"
"SER01556","Fugitiva","2018","18+","5.6","NA","1","0","0","0"
"SER01557","Jack Hanna's Into the Wild","2007","NA","7.7","NA","1","1","0","0"
"SER01558","Tijuana","2019","16+","7.1","NA","1","0","0","0"
"SER01559","No Time for Shame","2019","NA","5.3","NA","1","0","0","0"
"SER01560","Lily's Driftwood Bay","2014","all","7.9","NA","1","0","0","0"
"SER01561","Blood & Treasures","2016","NA","8","NA","1","0","0","0"
"SER01562","Tamra Island","2009","16+","7.5","NA","1","0","0","0"
"SER01563","Polly Pocket","2018","7+","6.4","NA","1","1","0","0"
"SER01564","Tiffany Haddish Presents: They Ready","2019","NA","6.3","NA","1","0","0","0"
"SER01565","Delhis vackraste händer","2017","NA","7","NA","1","0","0","0"
"SER01566","Edge of the Universe","2002","NA","NA","NA","1","0","0","0"
"SER01567","Tempel","2016","NA","7","NA","1","0","0","0"
"SER01568","Street Fighter","1995","NA","5.9","NA","1","0","0","0"
"SER01569","In Family We Trust","2018","NA","8","NA","1","0","0","0"
"SER01570","The Naked Truth","2016","16+","6.6","NA","1","0","0","0"
"SER01571","Premier League Legends","2014","NA","NA","NA","1","0","0","0"
"SER01572","The Dearest Lady","2015","NA","6.4","NA","1","0","0","0"
"SER01573","Masha's Tales","2016","all","NA","NA","1","0","0","0"
"SER01574","Cloudy with a Chance of Meatballs","2017","all","3.3","NA","1","0","0","0"
"SER01575","Corazón Valiente","2017","NA","NA","NA","1","1","0","0"
"SER01576","Back Street Girls: Goku Dolls","2018","NA","6.6","NA","1","0","0","0"
"SER01577","Battlefield Recovery","2016","NA","6.5","NA","1","0","1","0"
"SER01578","Non Summit","2014","NA","7.2","NA","1","0","0","0"
"SER01579","Green Door","2019","18+","6.1","NA","1","0","0","0"
"SER01580","Nailed It! Germany","2020","NA","5.6","NA","1","0","0","0"
"SER01581","Ruta 35","2016","NA","7.4","NA","1","0","0","0"
"SER01582","After the Raves","2016","NA","5.9","NA","1","0","0","0"
"SER01583","Simon","1995","all","7.3","NA","1","0","0","0"
"SER01584","Daughters of Destiny","2017","NA","NA","NA","1","0","0","0"
"SER01585","Monty Python's Best Bits (mostly)","2014","NA","7.5","NA","1","0","0","0"
"SER01586","Cooking on High","2018","NA","4.9","NA","1","0","0","0"
"SER01587","What's for Sale? With a View","2015","NA","6.8","NA","1","0","0","0"
"SER01588","Ella the Elephant","2013","NA","NA","NA","1","0","0","0"
"SER01589","Inside the Freemasons","2017","NA","5.5","NA","1","0","0","0"
"SER01590","Stand Up and Away! with Brian Regan","2018","16+","5.8","NA","1","0","0","0"
"SER01591","Poh & Co","2015","NA","7.4","NA","1","0","0","0"
"SER01592","The Cravings","2017","NA","7.2","NA","1","0","0","0"
"SER01593","ARASHI's Diary -Voyage-","2019","NA","6","NA","1","0","0","0"
"SER01594","Styling Hollywood","2019","16+","7.3","NA","1","0","0","0"
"SER01595","The Crime","2015","NA","6.2","NA","1","0","0","0"
"SER01596","Mega Builders","2010","NA","7","NA","1","0","0","0"
"SER01597","Edha","2018","18+","4.7","NA","1","0","0","0"
"SER01598","Hidden Singer","2012","NA","6.2","NA","1","0","0","0"
"SER01599","Cold Water Cowboys","2015","NA","6.9","NA","1","0","0","0"
"SER01600","StoryBots Super Songs","2016","NA","8.4","NA","1","0","0","0"
"SER01601","Alien Deep with Bob Ballard","2012","NA","6.7","NA","1","0","0","0"
"SER01602","Love At Seventeen","2016","NA","6.4","NA","1","0","0","0"
"SER01603","Food, Booze & Tattoos","2015","NA","7","NA","1","0","0","0"
"SER01604","Nailed It! Mexico","2019","NA","6.3","NA","1","0","0","0"
"SER01605","Pororo the Little Penguin","2003","all","5.8","NA","1","1","1","0"
"SER01606","Winsanity","2016","NA","6.1","NA","1","0","0","0"
"SER01607","YooHoo to the Rescue","2019","all","6.6","NA","1","0","0","0"
"SER01608","Llama Llama","2018","all","6.1","NA","1","0","0","0"
"SER01609","Care Bears: Welcome to Care-a-Lot","2012","all","5.4","NA","1","0","0","0"
"SER01610","Monkey Twins","2018","NA","7.6","NA","1","0","0","0"
"SER01611","Richie Rich","2015","all","3.2","NA","1","0","0","0"
"SER01612","Bad Trips Abroad","2013","NA","5.1","NA","1","0","0","0"
"SER01613","Auntie Duohe","2009","NA","8.5","NA","1","0","0","0"
"SER01614","El Vato","2016","NA","6.7","NA","1","0","0","0"
"SER01615","Dariba Diaries","2014","NA","7","NA","1","0","0","0"
"SER01616","Justin Time","2011","all","6.7","NA","1","0","0","0"
"SER01617","Devlok with Devdutt Pattanaik","2015","all","8.1","NA","1","0","0","0"
"SER01618","Buddi","2020","NA","8.2","NA","1","0","0","0"
"SER01619","Top 10 Architecture","2016","all","7","NA","1","0","0","0"
"SER01620","Lookalikes","2016","NA","6.2","NA","1","0","0","0"
"SER01621","Ponysitters Club","2018","NA","6.7","NA","1","0","0","0"
"SER01622","The Ollie & Moon Show","2017","all","8.2","NA","1","0","0","0"
"SER01623","Vai Anitta","2018","NA","5.3","NA","1","0","0","0"
"SER01624","P. King Duckling","2018","all","6.2","NA","1","0","0","0"
"SER01625","Lion Pride","2017","NA","7.3","NA","1","0","0","0"
"SER01626","Love and Fortune","2018","NA","7.5","NA","1","0","0","0"
"SER01627","Women Behind Bars","2008","16+","6.5","NA","1","0","0","0"
"SER01628","Oh Yuck!","2017","NA","7.4","NA","1","0","0","0"
"SER01629","Bible's Buried Secrets","2011","all","5.2","NA","1","0","0","0"
"SER01630","Emergency","2015","16+","7.5","NA","1","0","0","0"
"SER01631","Fifty","2017","NA","8.5","NA","1","0","0","0"
"SER01632","Psiconautas","2015","NA","7","NA","1","0","0","0"
"SER01633","Station Horizon","2015","7+","7.2","NA","1","0","0","0"
"SER01634","The Sound of Your Heart: Reboot","2018","7+","5.6","NA","1","0","0","0"
"SER01635","Maya the Bee","2013","all","5.7","NA","1","0","0","0"
"SER01636","I Am Me!","2015","NA","8.2","NA","1","0","0","0"
"SER01637","Unplanned America","2014","NA","7.8","NA","1","0","1","0"
"SER01638","Care Bears and Cousins","2015","all","6.7","NA","1","0","0","0"
"SER01639","H2O - Abenteuer Meerjungfrau","2015","7+","6","NA","1","0","0","0"
"SER01640","Prince of Peoria","2018","all","5.4","NA","1","0","0","0"
"SER01641","Hunters of the South Seas","2015","NA","8.1","NA","1","0","0","0"
"SER01642","Whisker Wars","2011","NA","5.4","NA","1","0","0","0"
"SER01643","Harvey Street Kids","2018","7+","6.1","NA","1","0","0","0"
"SER01644","LEGO Elves","2017","NA","6.5","NA","1","0","0","0"
"SER01645","Chuck & Danny's Road Trip","2017","NA","6.9","NA","1","0","0","0"
"SER01646","Serial Killer with Piers Morgan","2017","NA","3.7","NA","1","0","0","0"
"SER01647","Scams","2019","NA","6.2","NA","1","0","0","0"
"SER01648","Martin Clunes: A Man and His Dogs","2008","NA","7.9","NA","1","0","0","0"
"SER01649","Sadqay Tumhare","2014","7+","7.4","NA","1","0","0","0"
"SER01650","Rebel Without a Kitchen","2013","NA","5.6","NA","1","0","0","0"
"SER01651","Scaredy Squirrel","2011","all","4.1","NA","1","0","0","0"
"SER01652","True and the Rainbow Kingdom","2017","all","6.9","NA","1","0","0","0"
"SER01653","Yoko","2016","NA","7.1","NA","1","0","0","0"
"SER01654","Larva","2011","all","7.4","NA","1","0","0","0"
"SER01655","The Bear Family and Me","2011","NA","8.2","NA","1","0","0","0"
"SER01656","ID-0","2017","16+","6","NA","1","0","0","0"
"SER01657","Super 4","2014","NA","7.1","NA","1","0","0","0"
"SER01658","Tayo the Little Bus","2010","NA","5.5","NA","1","1","1","0"
"SER01659","Bo on the Go!","2007","all","5.2","NA","1","0","0","0"
"SER01660","Small Shots","2017","18+","7","NA","1","0","0","0"
"SER01661","Backroad Bounty","2014","NA","7.6","NA","1","0","0","0"
"SER01662","Cloroformo","2012","NA","7.5","NA","1","0","0","0"
"SER01663","Droppin' Cash: Los Angeles","2018","16+","3.5","NA","1","0","0","0"
"SER01664","Strong Woman Do Bong Soon","2017","NA","NA","NA","1","0","0","0"
"SER01665","Against the Tide","2014","NA","7.7","NA","1","0","0","0"
"SER01666","Littlest Pet Shop: A World of Our Own","2018","all","6.4","NA","1","0","0","0"
"SER01667","The Outsiders","2004","16+","7.4","NA","1","0","0","0"
"SER01668","Office Girls","2011","NA","6.6","NA","1","0","0","0"
"SER01669","Mega Food","2019","NA","6.5","NA","1","0","0","0"
"SER01670","Cabins in the Wild with Dick Strawbridge","2017","7+","6.6","NA","1","0","0","0"
"SER01671","Ask the Doctor","2017","NA","6.5","NA","1","0","0","0"
"SER01672","Cocaine","2005","NA","7","NA","1","0","0","0"
"SER01673","Black Crows","1983","NA","4.4","NA","1","0","0","0"
"SER01674","Inside the Mind of a Serial Killer","2015","NA","NA","NA","1","0","1","0"
"SER01675","Commandos","2013","NA","6.6","NA","1","0","0","0"
"SER01676","Jusqu'à l'Aube","2020","18+","3.4","NA","1","0","0","0"
"SER01677","Driven to Kill","2014","NA","6.4","NA","1","0","0","0"
"SER01678","Hairy Bikers: Chicken & Egg","2016","NA","6.6","NA","1","0","0","0"
"SER01679","Dwelling Narrowness","2009","NA","7.3","NA","1","0","0","0"
"SER01680","Transformers: Rescue Bots Academy","2019","all","6.8","NA","1","0","0","0"
"SER01681","Nailed It! Spain","2019","NA","5.4","NA","1","0","0","0"
"SER01682","Poppy Cat","2013","all","5.1","NA","1","0","0","0"
"SER01683","Happy 300 Days","2013","NA","4.3","NA","1","0","0","0"
"SER01684","Miss Rose","2012","all","6","NA","1","0","0","0"
"SER01685","Russell Peters vs. the World","2013","18+","5.5","NA","1","0","0","0"
"SER01686","Jojo's World","2017","NA","7.5","NA","1","0","0","0"
"SER01687","The Truth Seekers","2016","NA","7.5","NA","1","0","0","0"
"SER01688","Invizimals","2014","7+","5","NA","1","0","0","0"
"SER01689","Part-Time Idol","2017","7+","7.2","NA","1","0","0","0"
"SER01690","Secrets of the SAS: In Their Own Words","2016","NA","7.8","NA","1","0","0","0"
"SER01691","Tech Toys 360","2011","NA","8.3","NA","1","0","0","0"
"SER01692","Life Plan A and B","2017","7+","7.6","NA","1","0","0","0"
"SER01693","When I See You Again","2015","NA","7.1","NA","1","0","0","0"
"SER01694","Operation Proposal","2012","NA","6.6","NA","1","0","0","0"
"SER01695","Vinnie Jones' Toughest Cops","2009","NA","7","NA","1","0","1","0"
"SER01696","Tip the Mouse","2014","NA","6.5","NA","1","0","0","0"
"SER01697","Easy Fortune Happy Life","2009","NA","5.6","NA","1","0","0","0"
"SER01698","Mary Portas: Secret Shopper","2011","NA","6.6","NA","1","0","1","0"
"SER01699","Motorway Cops","2008","NA","6.2","NA","1","0","0","0"
"SER01700","Gordon Buchanan: Elephant Family & Me","2016","7+","7.7","NA","1","0","0","0"
"SER01701","Borges Importadora","2018","NA","6.2","NA","1","0","0","0"
"SER01702","Splash and Bubbles","2016","all","6.3","NA","1","0","0","0"
"SER01703","Unriddle","2012","NA","7.6","NA","1","0","0","0"
"SER01704","Yours Fatefully","2012","NA","6.5","NA","1","0","0","0"
"SER01705","Buy Herself","2012","NA","6.2","NA","1","0","0","0"
"SER01706","Hey Qween","2018","NA","5.8","NA","1","0","1","0"
"SER01707","Sammy & Co","2014","NA","5.8","NA","1","0","0","0"
"SER01708","YooHoo & Friends (US)","2012","all","6.1","NA","1","0","0","0"
"SER01709","Emogenius","2017","NA","3.8","NA","1","0","0","0"
"SER01710","Chip and Potato","2018","all","6.9","NA","1","0","0","0"
"SER01711","Love Me Or Leave Me","2012","NA","5.6","NA","1","0","0","0"
"SER01712","The Land of Hypocrisy","2018","NA","7.3","NA","1","0","0","0"
"SER01713","LEGO Friends: Girls on a Mission","2018","all","7","NA","1","0","1","0"
"SER01714","Restaurant Australia","2015","NA","6","NA","1","0","0","0"
"SER01715","Sports on Fire","2015","NA","7.6","NA","1","0","0","0"
"SER01716","Yummy Mummies","2017","7+","4","NA","1","0","0","0"
"SER01717","Robozuna","2018","7+","6","NA","1","0","0","0"
"SER01718","Baby Animals in the Wild","2015","NA","7.7","NA","1","0","0","0"
"SER01719","Chasing Cameron","2016","7+","3.6","NA","1","0","0","0"
"SER01720","The Could’ve-Gone-All-the-Way Committee","2018","NA","7.1","NA","1","0","0","0"
"SER01721","Towies","2018","NA","NA","NA","1","0","0","0"
"SER01722","Juana Brava","2015","NA","7.1","NA","1","0","0","0"
"SER01723","Pinky Malinky","2019","7+","5.6","NA","1","0","0","0"
"SER01724","Kibaoh Klashers","2017","7+","5.9","NA","1","0","0","0"
"SER01725","Kulipari: An Army of Frogs","2016","7+","6.9","NA","1","0","0","0"
"SER01726","Robot Trains","2017","all","5.4","NA","1","0","1","0"
"SER01727","Tornado Hunters","2014","NA","5.6","NA","1","0","0","0"
"SER01728","Kahi Suni","2015","7+","6.7","NA","1","0","0","0"
"SER01729","Lady, La Vendedora de Rosas","2016","NA","NA","NA","1","0","0","0"
"SER01730","Empty","2008","NA","6.7","NA","1","0","0","0"
"SER01731","Wanda and the Alien","2014","all","6.5","NA","1","0","0","0"
"SER01732","Bromance","2008","NA","2.6","NA","1","0","0","0"
"SER01733","Made in Mexico","2018","NA","4","NA","1","0","0","0"
"SER01734","Spy Kids: Mission Critical","2018","all","4.6","NA","1","0","0","0"
"SER01735","Masha's Spooky Stories","2014","all","5","NA","1","0","0","0"
"SER01736","UFOs: The Best Evidence Ever (Caught on Tape)","1997","NA","5.6","NA","1","0","0","0"
"SER01737","Life on Location","2009","all","7.5","NA","1","0","0","0"
"SER01738","Kulipari: Dream Walker","2018","7+","7.3","NA","1","0","0","0"
"SER01739","Wreck Trek","2013","NA","4.8","NA","1","0","0","0"
"SER01740","Luna Petunia","2016","all","6.4","NA","1","0","0","0"
"SER01741","<U+0422><U+043E><U+0431><U+043E><U+0442>","2010","NA","6.2","NA","1","0","1","0"
"SER01742","Stay Tuned!","2019","NA","8","NA","1","0","0","0"
"SER01743","Goodbye Dear Wife","2012","NA","6.5","NA","1","0","0","0"
"SER01744","Trek: Spy on the Wildebeest","2007","NA","7.8","NA","1","0","0","0"
"SER01745","Stretch Armstrong & the Flex Fighters","2017","NA","6.5","NA","1","0","0","0"
"SER01746","Gorilla Family & Me","2015","NA","8.2","NA","1","0","0","0"
"SER01747","Wild Ones","2014","NA","7","NA","1","0","0","0"
"SER01748","License To Drill Louisiana","2014","16+","6.5","NA","1","0","0","0"
"SER01749","Ex-Boyfriend","2011","NA","7.1","NA","1","0","0","0"
"SER01750","Everyday Miracles: The Genius of Sofas, Stockings and Scanners","2014","all","7.5","NA","1","0","0","0"
"SER01751","Great Wild North","2015","7+","5.4","NA","1","0","0","0"
"SER01752","Way Back into Love","2011","NA","7","NA","1","0","0","0"
"SER01753","Love Cuisine","2015","NA","8.1","NA","1","0","0","0"
"SER01754","The Bomb Squad","2011","NA","7.6","NA","1","0","0","0"
"SER01755","Darr Sabko Lagta Hai","2016","NA","6.1","NA","1","0","0","0"
"SER01756","The Drunk and On Drugs Happy Funtime Hour","2011","NA","5.1","NA","1","0","0","0"
"SER01757","The Sporting Mavericks","2016","all","6.5","NA","1","0","0","0"
"SER01758","Leo & Tig","2017","all","6.8","NA","1","0","0","0"
"SER01759","Inborn Pair","2011","NA","6.9","NA","1","0","0","0"
"SER01760","The Future of Water","2007","NA","7.6","NA","1","0","0","0"
"SER01761","Wild Australia with Ray Mears","2016","NA","7.1","NA","1","0","0","0"
"SER01762","Luo Bao Bei","2018","all","7.2","NA","1","0","0","0"
"SER01763","La Rosa de Guadalupe","2011","NA","NA","NA","1","0","0","0"
"SER01764","Top Grier","2016","NA","5.6","NA","1","0","0","0"
"SER01765","The Garden of Heaven","2011","16+","8","NA","1","0","0","0"
"SER01766","The Miracle","2016","NA","6.2","NA","1","0","0","0"
"SER01767","Britain's Horror Homes","2015","NA","5.1","NA","1","0","0","0"
"SER01768","OH NO! It's An Alien Invasion","2013","all","5.5","NA","1","0","0","0"
"SER01769","Momo Salon","2014","7+","NA","NA","1","0","1","0"
"SER01770","Space Dealers","2019","NA","6.7","NA","1","0","0","0"
"SER01771","Tjovitjo","2017","NA","4.8","NA","1","0","0","0"
"SER01772","Extreme Animal Obsessions","2013","NA","5","NA","1","0","0","0"
"SER01773","Inst@famous","2018","18+","3.6","NA","1","0","0","0"
"SER01774","Screenland","2017","NA","6.8","NA","1","0","0","0"
"SER01775","Who's The One","2011","NA","7.4","NA","1","0","0","0"
"SER01776","Angel 'N' Devil","2014","NA","4.9","NA","1","0","0","0"
"SER01777","The Quon Dynasty","2011","NA","6.1","NA","1","0","0","0"
"SER01778","La Esclava Blanca","2016","NA","NA","NA","1","0","0","0"
"SER01779","Fabulosas Flores","2015","16+","7.7","NA","1","0","0","0"
"SER01780","Entangled","2014","NA","6.5","NA","1","0","0","0"
"SER01781","Jimmy: The True Story of a True Idiot","2018","all","6.4","NA","1","0","0","0"
"SER01782","Footprints","2013","NA","5.8","0.41","1","0","0","0"
"SER01783","Maharakshak Devi","2015","NA","6.4","NA","1","0","0","0"
"SER01784","Treehouse Detectives","2018","NA","6.8","NA","1","0","0","0"
"SER01785","Immortal Classic","2012","16+","NA","NA","1","0","0","0"
"SER01786","Vroomiz","2012","NA","4.9","NA","1","0","1","0"
"SER01787","Bottersnikes & Gumbles","2016","7+","5.1","NA","1","0","0","0"
"SER01788","Marching Orders","2018","NA","5.9","NA","1","0","0","0"
"SER01789","Atomic Puppet","2016","7+","5.1","NA","1","0","0","0"
"SER01790","<U+9633><U+5173><U+9053>","2018","NA","3.1","NA","1","0","0","0"
"SER01791","Fangbone!","2016","7+","5.6","NA","1","0","0","0"
"SER01792","Money for Nothing","2013","NA","5.9","NA","1","0","0","0"
"SER01793","Les Minijusticiers","2008","NA","5.9","NA","1","0","0","0"
"SER01794","Stunt Science","2018","18+","4.6","NA","1","0","0","0"
"SER01795","Iron Ladies","2018","NA","6","NA","1","0","0","0"
"SER01796","Love for Ten: Generation of Youth","2013","NA","6.4","NA","1","0","0","0"
"SER01797","Slum Survivors","2014","NA","4.4","NA","1","0","0","0"
"SER01798","Save our Shelter","2015","NA","7.5","NA","1","0","0","0"
"SER01799","Operation Gold Rush with Dan Snow","2016","NA","6.5","NA","1","0","0","0"
"SER01800","Love Around","2013","NA","NA","NA","1","0","0","0"
"SER01801","My Hotter Half","2017","NA","3.8","NA","1","0","0","0"
"SER01802","The Big Ward","2016","NA","NA","NA","1","0","0","0"
"SER01803","Changing Seas","2009","all","6.6","NA","1","0","0","0"
"SER01804","Great World Hotels","2012","NA","3.2","NA","1","0","0","0"
"SER01805","Baby Ballroom: The Championship","2007","NA","6.1","NA","1","0","0","0"
"SER01806","Hive Alive","2014","NA","7.9","NA","1","0","0","0"
"SER01807","Chico Bon Bon: Monkey with a Tool Belt","2020","NA","7.9","NA","1","0","0","0"
"SER01808","Be With You","2015","NA","1","NA","1","0","0","0"
"SER01809","Gonul","2017","NA","NA","NA","1","0","0","0"
"SER01810","Zona Rosa","2019","NA","5.8","NA","1","0","0","0"
"SER01811","Jumping Girl","2015","NA","5.2","NA","1","0","0","0"
"SER01812","Bangkok Love Stories: Hey You!","2018","NA","7","NA","1","0","0","0"
"SER01813","Monster Math Squad","2012","NA","5","NA","1","0","0","0"
"SER01814","Gunpowder, Treason and Plot","2001","NA","7.1","NA","1","0","0","0"
"SER01815","The Outstanding Woman","2014","NA","5.3","NA","1","0","0","0"
"SER01816","Dragons: Race to the Edge","2016","NA","NA","NA","1","0","0","0"
"SER01817","Grami's Circus Show","2014","all","5.1","NA","1","0","0","0"
"SER01818","Natural Born Hustlers: The Hunger Hustlers","2016","NA","8","NA","1","0","0","0"
"SER01819","Game Winning Hit","2009","NA","1.8","NA","1","0","0","0"
"SER01820","Compete to Eat","2013","NA","4.7","NA","1","0","0","0"
"SER01821","Shopkins","2014","all","3.2","NA","1","0","0","0"
"SER01822","Sammy & Bella's Kitchen Rescue","2017","NA","4.7","NA","1","0","0","0"
"SER01823","True: Terrific Tales","2020","NA","NA","NA","1","0","0","0"
"SER01824","Selling Houses with Sarah Beeny","2014","NA","7.1","NA","1","0","0","0"
"SER01825","Rescue Mediums","2006","NA","5","NA","1","0","0","0"
"SER01826","The Day My Butt Went Psycho!","2013","NA","3.2","NA","1","0","0","0"
"SER01827","I Own Britain's Best Home","2008","NA","6.3","NA","1","0","0","0"
"SER01828","Harry & Bunnie","2017","NA","4","NA","1","0","0","0"
"SER01829","Real Rescues","2007","NA","NA","NA","1","0","0","0"
"SER01830","Six Puppies and Us","2015","all","6.8","NA","1","0","0","0"
"SER01831","Kate and Mim-Mim","2014","NA","NA","NA","1","0","0","0"
"SER01832","Power Battle Watch Car","2016","NA","NA","NA","1","0","1","0"
"SER01833","Learning Time with Timmy","2018","NA","5.5","NA","1","0","0","0"
"SER01834","Islands of the Future","2016","NA","6.8","NA","1","0","0","0"
"SER01835","The Great British Baking Show: Holidays","2016","16+","NA","NA","1","0","0","0"
"SER01836","Hoy Soy Nadie","2014","NA","6.1","NA","1","0","0","0"
"SER01837","Las Muñecas de la Mafia","2014","NA","NA","NA","1","0","0","0"
"SER01838","El Señor de los Cielos 3","2015","NA","NA","NA","1","0","0","0"
"SER01839","The Great British Baking Show: Masterclass","2013","NA","NA","NA","1","0","0","0"
"SER01840","Race of Life","2016","NA","5.3","NA","1","0","0","0"
"SER01841","My Tattoo Addiction","2012","NA","4.3","NA","1","0","0","0"
"SER01842","Super Bheem","2017","NA","5.7","NA","1","0","0","0"
"SER01843","Khelti Hai Zindagi Aankh Micholi","2013","NA","6.9","NA","1","0","0","0"
"SER01844","My Secret Romance","2017","NA","NA","NA","1","0","0","0"
"SER01845","Changing Faces","2015","NA","5.3","NA","1","0","0","0"
"SER01846","Head 2 Head","2015","NA","NA","NA","1","0","0","0"
"SER01847","History's Greatest Hoaxes","2016","NA","NA","NA","1","0","0","0"
"SER01848","Guerra de Idolos","2017","NA","NA","NA","1","0","0","0"
"SER01849","The Jaime Maussan Show","2010","NA","4.9","NA","1","0","0","0"
"SER01850","Vecinos","2012","NA","NA","NA","1","0","0","0"
"SER01851","Million Yen Women","2017","NA","NA","NA","1","0","0","0"
"SER01852","HooplaKidz","2010","NA","6.9","NA","1","0","0","0"
"SER01853","Devilman Crybaby","2018","NA","NA","NA","1","0","0","0"
"SER01854","Comedy High School","2018","NA","NA","NA","1","0","0","0"
"SER01855","Born To Explore","1914","NA","NA","NA","1","0","0","0"
"SER01856","Secrets of Ancient Rome","2015","NA","NA","NA","1","0","0","0"
"SER01857","The Princess Weiyoung - <U+9526><U+7EE3><U+672A><U+592E>","2016","NA","NA","NA","1","0","0","0"
"SER01858","Trawlermen Tales","2016","NA","6.1","NA","1","0","0","0"
"SER01859","Wild Alaska","2014","NA","NA","NA","1","0","0","0"
"SER01860","Argon","2017","NA","NA","NA","1","0","0","0"
"SER01861","Aftermath","2014","NA","NA","NA","1","0","0","0"
"SER01862","Sugar","2006","NA","NA","NA","1","0","0","0"
"SER01863","Beyond Stranger Things","2017","NA","NA","NA","1","0","0","0"
"SER01864","El Chavo","1973","NA","NA","NA","1","0","0","0"
"SER01865","Men on a Mission","2018","NA","NA","NA","1","0","0","0"
"SER01866","Click for Murder","2017","NA","NA","NA","1","0","0","0"
"SER01867","ViR: The Robot Boy","2013","NA","2.8","NA","1","0","1","0"
"SER01868","Be with Me","2015","NA","NA","NA","1","0","0","0"
"SER01869","XH Derbez","2012","NA","NA","NA","1","0","0","0"
"SER01870","Hardliners","2010","NA","NA","NA","1","0","0","0"
"SER01871","El Cartel","2008","NA","NA","NA","1","0","0","0"
"SER01872","Find It, Fix It, Flog It","2016","NA","NA","NA","1","0","0","0"
"SER01873","For the Win","2017","NA","3","NA","1","0","0","0"
"SER01874","Paul Hollywood's Big Continental Road Trip","2017","NA","NA","NA","1","0","0","0"
"SER01875","Nightmare Tenants, Slum Landlords","2015","NA","NA","NA","1","0","0","0"
"SER01876","Cleo & Cuquin","2018","NA","NA","NA","1","0","0","0"
"SER01877","Miniforce","2016","NA","NA","NA","1","0","1","0"
"SER01878","An Innocent Mistake","2012","NA","NA","NA","1","0","0","0"
"SER01879","Lockup: Disturbing the Peace","2013","NA","NA","NA","1","0","0","0"
"SER01880","Love Cheque Charge","2014","NA","NA","NA","1","0","0","0"
"SER01881","Timeless Seasons","2014","NA","NA","NA","1","0","0","0"
"SER01882","The Game 365","2006","NA","NA","NA","1","0","0","0"
"SER01883","Dhia Sofea","2014","NA","NA","NA","1","0","0","0"
"SER01884","High Risk","2011","NA","NA","NA","1","0","0","0"
"SER01885","Minecraft: Story Mode","2015","NA","NA","NA","1","0","0","0"
"SER01886","Sports Adventures","2000","NA","NA","NA","1","0","0","0"
"SER01887","Wild France with Ray Mears","2016","NA","NA","NA","1","0","0","0"
"SER01888","K-Pop Extreme Survival","2012","NA","NA","NA","1","0","0","0"
"SER01889","Genius of the Ancient World","2015","NA","NA","NA","1","0","0","0"
"SER01890","Wildest Middle East","2015","NA","NA","NA","1","0","1","0"
"SER01891","Ready for Start","2016","NA","NA","NA","1","0","0","0"
"SER01892","The Fear","2012","NA","NA","NA","1","0","0","0"
"SER01893","President","2011","NA","NA","NA","1","0","0","0"
"SER01894","Surveillance Oz","2012","NA","NA","NA","1","0","0","0"
"SER01895","Road to Victory","2001","NA","NA","NA","1","0","0","0"
"SER01896","The Ultimatum","2012","NA","NA","NA","1","0","0","0"
"SER01897","Corvette Nation","2013","7+","NA","NA","1","0","1","0"
"SER01898","Queens of Comedy","2017","NA","NA","NA","1","0","0","0"
"SER01899","Caught On Camera (UK)","2013","NA","NA","NA","1","0","0","0"
"SER01900","Murphy's Law of Love","2014","NA","NA","NA","1","0","0","0"
"SER01901","Renters","2016","NA","NA","NA","1","0","0","0"
"SER01902","How to Live Mortgage Free with Sarah Beeny","2017","NA","NA","NA","1","0","0","0"
"SER01903","Kitten Rescuers","2016","NA","NA","NA","1","0","0","0"
"SER01904","The Color of a Woman","2011","NA","NA","NA","1","0","0","0"
"SER01905","Polar Bear: Spy on the Ice","2010","NA","NA","NA","1","0","0","0"
"SER01906","Voice (OCN)","2017","NA","NA","NA","1","0","0","0"
"SER01907","Show Me the Money","2004","NA","NA","NA","1","0","0","0"
"SER01908","Ordinary Heroes","2013","NA","NA","NA","1","0","0","0"
"SER01909","Love Me As I Am","2013","NA","NA","NA","1","0","0","0"
"SER01910","My Little Baby","2016","NA","NA","NA","1","0","1","0"
"SER01911","UglyFaceOfBeauty","2011","NA","NA","NA","1","0","0","0"
"SER01912","Real GOT7","2014","NA","NA","NA","1","0","0","0"
"SER01913","The Underwear","2017","NA","NA","NA","1","0","0","0"
"SER01914","To Build Or Not To Build","2000","NA","NA","NA","1","0","0","0"
"SER01915","Murder Files","2012","NA","NA","NA","1","0","0","0"
"SER01916","Deals, Wheels and Steals","2015","NA","NA","NA","1","0","0","0"
"SER01917","Sons of the Caliphate","2016","NA","NA","NA","1","0","0","0"
"SER01918","Under the Black Moonlight","2016","NA","NA","NA","1","0","0","0"
"SER01919","Lovely Love Lie (The Liar and His Lover)","2017","NA","NA","NA","1","0","0","0"
"SER01920","Truth","2012","NA","NA","NA","1","0","0","0"
"SER01921","In Between","2012","NA","NA","NA","1","0","0","0"
"SER01922","Fairground Attractions","2011","NA","NA","NA","1","0","0","0"
"SER01923","Taste of the Country","2011","NA","NA","NA","1","0","0","0"
"SER01924","Love Family","2013","NA","NA","NA","1","0","0","0"
"SER01925","World At Your Feet","2014","NA","NA","NA","1","0","0","0"
"SER01926","The Polar Sea","2014","NA","NA","NA","1","0","0","0"
"SER01927","The Golden Path","2012","NA","NA","NA","1","0","0","0"
"SER01928","JingleKids","2019","NA","NA","NA","1","0","0","0"
"SER01929","Sin Ellas No Hay Paraíso","2013","NA","NA","NA","1","0","0","0"
"SER01930","Slice of Paradise","2017","NA","NA","NA","1","0","0","0"
"SER01931","Two Fathers","2013","NA","NA","NA","1","0","0","0"
"SER01932","Rick and Morty","2013","18+","9.2","0.94","0","1","0","0"
"SER01933","Fargo","2014","18+","8.9","0.96","0","1","0","0"
"SER01934","Vikings","2013","18+","8.5","0.93","0","1","1","0"
"SER01935","Brooklyn Nine-Nine","2013","16+","8.4","0.97","0","1","0","0"
"SER01936","The Simpsons","1989","7+","8.7","0.85","0","1","0","1"
"SER01937","Lost","2004","16+","8.3","0.85","0","1","0","0"
"SER01938","Prison Break","2005","16+","8.3","0.6","0","1","0","0"
"SER01939","Modern Family","2009","16+","8.4","0.86","0","1","0","0"
"SER01940","Firefly","2002","16+","9","0.85","0","1","0","0"
"SER01941","Seinfeld","1989","7+","8.8","0.88","0","1","0","0"
"SER01942","It's Always Sunny in Philadelphia","2005","18+","8.8","0.96","0","1","0","0"
"SER01943","Killing Eve","2018","16+","8.3","0.9","0","1","0","0"
"SER01944","South Park","1997","18+","8.7","0.81","0","1","0","0"
"SER01945","How I Met Your Mother","2005","16+","8.3","0.83","0","1","0","0"
"SER01946","Futurama","1999","16+","8.4","0.95","0","1","0","0"
"SER01947","The Handmaid's Tale","2017","18+","8.5","0.88","0","1","0","0"
"SER01948","Sons of Anarchy","2008","18+","8.6","0.87","0","1","0","0"
"SER01949","Gravity Falls","2012","7+","8.9","1","0","1","0","1"
"SER01950","What We Do in the Shadows","2019","18+","8.4","0.97","0","1","0","0"
"SER01951","Archer","2009","18+","8.6","0.91","0","1","0","0"
"SER01952","This Is Us","2016","16+","8.7","0.92","0","1","0","0"
"SER01953","Pride and Prejudice","1995","all","8.9","0.88","0","1","1","0"
"SER01954","Justified","2010","18+","8.6","0.97","0","1","0","0"
"SER01955","Scrubs","2001","7+","8.3","0.83","0","1","0","0"
"SER01956","The X-Files","1993","16+","8.6","0.75","0","1","0","0"
"SER01957","My Hero Academia","2016","16+","8.5","1","0","1","0","0"
"SER01958","Adventure Time","2010","7+","8.6","1","0","1","0","0"
"SER01959","24","2001","16+","8.3","0.86","0","1","0","0"
"SER01960","White Collar","2009","16+","8.2","0.96","0","1","0","0"
"SER01961","Friday Night Lights","2006","7+","8.7","0.97","0","1","0","0"
"SER01962","Mr. Bean","1990","all","8.5","1","0","1","1","0"
"SER01963","Buffy the Vampire Slayer","1997","7+","8.2","0.82","0","1","0","0"
"SER01964","Bob's Burgers","2011","16+","8.1","0.91","0","1","0","0"
"SER01965","30 Rock","2006","16+","8.2","0.85","0","1","1","0"
"SER01966","Legion","2017","16+","8.3","0.91","0","1","0","0"
"SER01967","Elementary","2012","16+","7.9","0.95","0","1","0","0"
"SER01968","Taboo","2017","16+","8.4","0.76","0","1","0","0"
"SER01969","Atlanta","2016","18+","8.6","0.97","0","1","0","0"
"SER01970","The Shield","2002","18+","8.7","0.9","0","1","0","0"
"SER01971","Normal People","2020","NA","8.8","0.83","0","1","0","0"
"SER01972","The Office","2001","16+","8.5","0.96","0","1","0","0"
"SER01973","Black Books","2000","7+","8.5","1","0","1","1","0"
"SER01974","Naruto Shippuden","2007","7+","8.6","NA","0","1","0","0"
"SER01975","09-01-2001","2018","16+","7.7","0.81","0","1","0","0"
"SER01976","Misfits","2009","18+","8.2","0.92","0","1","0","0"
"SER01977","Veronica Mars","2004","16+","8.3","0.92","0","1","0","0"
"SER01978","11.22.63","2016","18+","8.2","0.8","0","1","0","0"
"SER01979","Frasier","1993","7+","8","0.93","0","1","0","0"
"SER01980","Line of Duty","2012","18+","8.6","0.97","0","1","0","0"
"SER01981","Bones","2005","16+","7.8","0.9","0","1","1","0"
"SER01982","Steins;Gate","2011","16+","8.8","1","0","1","0","0"
"SER01983","The Killing","2011","18+","8.2","0.69","0","1","0","0"
"SER01984","The Good Doctor","2017","16+","8.2","NA","0","1","0","0"
"SER01985","Preacher","2016","18+","8","0.87","0","1","0","0"
"SER01986","The Orville","2017","16+","8","0.65","0","1","0","0"
"SER01987","Peep show","2003","18+","8.6","0.96","0","1","1","0"
"SER01988","Desperate Housewives","2004","7+","7.4","0.72","0","1","0","0"
"SER01989","RuPaul's Drag Race","2009","16+","8.5","0.83","0","1","1","0"
"SER01990","Battlestar Galactica","2004","16+","8.6","0.82","0","1","0","0"
"SER01991","Over the Garden Wall","2014","7+","8.8","0.88","0","1","0","0"
"SER01992","Revenge","2011","16+","7.8","0.69","0","1","0","0"
"SER01993","Tokyo Ghoul","2014","18+","7.9","1","0","1","0","0"
"SER01994","Superstore","2015","16+","7.8","0.92","0","1","0","0"
"SER01995","Lie to Me","2009","16+","8","0.78","0","1","0","0"
"SER01996","One Piece","1999","7+","8.7","NA","0","1","0","0"
"SER01997","Spaced","1999","18+","8.6","1","0","1","0","0"
"SER01998","12 Monkeys","2015","16+","7.7","0.88","0","1","0","0"
"SER01999","Blue Bloods","2010","16+","7.5","0.91","0","1","1","0"
"SER02000","Devs","2020","18+","7.8","0.81","0","1","0","0"
"SER02001","The Rookie","2018","16+","8.1","0.68","0","1","0","0"
"SER02002","DAVE","2020","18+","8.4","0.62","0","1","0","0"
"SER02003","Younger","2015","16+","7.8","0.99","0","1","0","0"
"SER02004","Food Wars! Shokugeki no Soma","2015","18+","8.3","NA","0","1","0","0"
"SER02005","Smallville","2001","7+","7.4","0.78","0","1","0","0"
"SER02006","Dirk Gently's Holistic Detective Agency","2016","16+","8.3","0.85","0","1","0","0"
"SER02007","Broad City","2014","18+","8.4","0.99","0","1","0","0"
"SER02008","Workaholics","2011","18+","8.1","0.86","0","1","1","0"
"SER02009","Dead Like Me","2003","16+","8.1","0.87","0","1","1","0"
"SER02010","Nathan For You","2013","16+","8.8","0.97","0","1","0","0"
"SER02011","Angel","1999","7+","7.9","0.88","0","1","0","0"
"SER02012","Timeless","2016","7+","7.7","0.91","0","1","0","0"
"SER02013","Castle Rock","2018","18+","7.6","0.87","0","1","0","0"
"SER02014","Fresh Off the Boat","2015","7+","7.8","0.94","0","1","0","0"
"SER02015","You're the Worst","2014","18+","8.1","0.95","0","1","0","0"
"SER02016","The Affair","2014","18+","7.9","0.86","0","1","0","0"
"SER02017","Elfen Lied","2004","18+","8","1","0","1","1","0"
"SER02018","The Last Ship","2014","16+","7.5","0.83","0","1","0","0"
"SER02019","Everybody Hates Chris","2005","7+","7.4","0.95","0","1","0","0"
"SER02020","Raising Hope","2010","16+","8","0.96","0","1","0","0"
"SER02021","Boston Legal","2004","16+","8.4","0.86","0","1","0","0"
"SER02022","Cowboy Bebop","1998","18+","8.9","NA","0","1","0","0"
"SER02023","The Terror","2018","18+","8","0.87","0","1","0","0"
"SER02024","Stargate SG-1","1997","7+","8.4","NA","0","1","1","0"
"SER02025","Future Man","2017","18+","7.8","0.91","0","1","0","0"
"SER02026","Inside No. 9","2014","18+","8.5","1","0","1","0","0"
"SER02027","Zoey's Extraordinary Playlist","2020","16+","8.1","0.74","0","1","0","0"
"SER02028","The Strain","2014","18+","7.3","0.79","0","1","0","0"
"SER02029","The Venture Bros.","2004","18+","8.5","0.92","0","1","0","0"
"SER02030","Demon Slayer: Kimetsu no Yaiba","2019","18+","8.8","NA","0","1","0","0"
"SER02031","The League","2009","18+","8.2","0.81","0","1","0","0"
"SER02032","Parenthood","2010","7+","8.2","0.88","0","1","0","0"
"SER02033","Samurai Champloo","2004","18+","8.5","0.88","0","1","0","0"
"SER02034","Mrs. America","2020","18+","7.5","0.96","0","1","0","0"
"SER02035","Marvel's Runaways","2017","16+","7","0.87","0","1","0","1"
"SER02036","Please Like Me","2013","18+","8.5","1","0","1","0","0"
"SER02037","My Name Is Earl","2005","16+","7.7","0.82","0","1","0","0"
"SER02038","Little Fires Everywhere","2020","18+","7.7","0.77","0","1","0","0"
"SER02039","The Act","2019","18+","8","0.89","0","1","0","0"
"SER02040","Dollhouse","2009","16+","7.7","0.72","0","1","0","0"
"SER02041","Southland","2009","16+","8.4","0.87","0","1","0","0"
"SER02042","Dragon Ball","1986","16+","8.5","NA","0","1","0","0"
"SER02043","Damages","2007","18+","8.1","0.91","0","1","0","0"
"SER02044","Looking for Alaska","2019","18+","8.1","0.92","0","1","0","0"
"SER02045","American Dad!","2005","16+","7.3","NA","0","1","0","0"
"SER02046","Legend of the Seeker","2008","16+","7.6","0.42","0","1","0","0"
"SER02047","The Exorcist","2016","16+","8.1","0.89","0","1","0","0"
"SER02048","Awkward.","2011","16+","7.5","0.78","0","1","1","0"
"SER02049","Brockmire","2017","18+","8.1","0.98","0","1","0","0"
"SER02050","High Fidelity","2020","18+","7.6","0.85","0","1","0","0"
"SER02051","Better Things","2016","7+","7.7","0.97","0","1","0","0"
"SER02052","Happy Endings","2011","16+","7.7","0.78","0","1","0","0"
"SER02053","Fear the Walking Dead","2015","18+","6.9","0.73","0","1","0","0"
"SER02054","TRIGUN","1998","7+","8.3","1","0","1","0","0"
"SER02055","In the Flesh","2013","18+","8","0.97","0","1","0","0"
"SER02056","The Bridge","2011","18+","8.6","NA","0","1","0","0"
"SER02057","Chicago P.D.","2014","16+","8.1","NA","0","1","1","0"
"SER02058","Better Off Ted","2009","7+","8.2","0.89","0","1","0","0"
"SER02059","The Gifted","2017","16+","7.4","0.79","0","1","0","0"
"SER02060","Lethal Weapon","2016","16+","7.9","0.89","0","1","0","0"
"SER02061","The Last Man on Earth","2015","16+","7.3","0.84","0","1","0","0"
"SER02062","Chicago Fire","2012","16+","7.9","NA","0","1","0","0"
"SER02063","Sleepy Hollow","2013","16+","7.4","0.77","0","1","0","0"
"SER02064","Rescue Me","2004","18+","8.3","0.89","0","1","0","0"
"SER02065","Horace and Pete","2016","18+","8.5","0.96","0","1","0","0"
"SER02066","Snowfall","2017","18+","8","0.81","0","1","0","0"
"SER02067","Shadowhunters","2016","16+","6.6","0.76","0","1","0","0"
"SER02068","Top of the Lake","2013","18+","7.5","0.82","0","1","0","0"
"SER02069","Prime Suspect","1991","18+","8.4","1","0","1","0","0"
"SER02070","Deutschland","2015","18+","8.1","0.94","0","1","0","0"
"SER02071","Rizzoli & Isles","2010","16+","7.6","0.72","0","1","0","0"
"SER02072","Stargate Universe","2009","16+","7.6","0.7","0","1","1","0"
"SER02073","Key & Peele","2012","18+","8.3","0.97","0","1","0","0"
"SER02074","The Mighty Boosh","2004","16+","8.3","1","0","1","0","0"
"SER02075","Blindspot","2015","16+","7.4","NA","0","1","0","0"
"SER02076","Stumptown","2019","16+","7.5","0.92","0","1","0","0"
"SER02077","The Mindy Project","2012","16+","7.4","0.86","0","1","0","0"
"SER02078","Empire","2015","16+","7.4","0.84","0","1","0","0"
"SER02079","Quantum Leap","1989","7+","8.1","NA","0","1","0","0"
"SER02080","The Librarians","2014","16+","7.3","0.89","0","1","0","0"
"SER02081","The Middle","2009","7+","7.5","NA","0","1","0","0"
"SER02082","The Resident","2018","16+","7.6","NA","0","1","0","0"
"SER02083","Manifest","2018","16+","7.2","0.57","0","1","0","0"
"SER02084","Saturday Night Live","1975","16+","8.1","NA","0","1","0","0"
"SER02085","Survivor","2000","7+","7.2","NA","0","1","1","0"
"SER02086","Nip/Tuck","2003","18+","7.6","0.75","0","1","0","0"
"SER02087","New Amsterdam","2018","16+","8.1","0.34","0","1","0","0"
"SER02088","Hellsing Ultimate","2006","18+","8.3","0.8","0","1","0","0"
"SER02089","Steven Universe","2013","7+","8.2","NA","0","1","0","0"
"SER02090","Drake & Josh","2004","7+","7.7","NA","0","1","0","0"
"SER02091","Ugly Betty","2006","7+","6.5","0.97","0","1","0","0"
"SER02092","black-ish","2014","7+","7.1","0.91","0","1","0","0"
"SER02093","Marvel's Cloak & Dagger","2018","16+","6.7","0.87","0","1","0","0"
"SER02094","Wilfred","2011","18+","7.8","0.83","0","1","0","0"
"SER02095","Catch-22","2019","18+","7.8","0.84","0","1","0","0"
"SER02096","Stargate Atlantis","2004","7+","8.1","NA","0","1","1","0"
"SER02097","M*A*S*H","1972","7+","8.4","NA","0","1","0","0"
"SER02098","Invader Zim","2001","7+","8.3","1","0","1","0","0"
"SER02099","For Life","2020","16+","7.5","0.86","0","1","0","0"
"SER02100","Wayward Pines","2015","16+","7.4","0.61","0","1","0","0"
"SER02101","Sailor Moon","1992","16+","7.7","0.9","0","1","0","0"
"SER02102","Home Movies","1999","7+","8","1","0","1","0","0"
"SER02103","Mr Inbetween","2018","18+","8.3","0.95","0","1","0","0"
"SER02104","Mayans M.C.","2018","18+","7.5","0.86","0","1","0","0"
"SER02105","The Unit","2006","16+","8.1","0.84","0","1","0","0"
"SER02106","I Love Lucy","1951","all","8.4","NA","0","1","0","0"
"SER02107","Nashville","2012","7+","7.7","0.9","0","1","0","0"
"SER02108","NYPD Blue","1993","18+","7.5","0.84","0","1","1","0"
"SER02109","Ramy","2019","18+","8","0.97","0","1","0","0"
"SER02110","Don't Trust the B---- in Apartment 23","2012","16+","7.3","0.85","0","1","0","0"
"SER02111","MythBusters","2003","7+","8.3","NA","0","1","0","0"
"SER02112","The Goldbergs","2013","7+","8.1","NA","0","1","0","0"
"SER02113","Letterkenny","2016","18+","8.7","NA","0","1","0","0"
"SER02114","Cougar Town","2009","7+","6.9","0.89","0","1","1","0"
"SER02115","Regular Show","2010","7+","8.4","NA","0","1","0","0"
"SER02116","Motherland: Fort Salem","2020","16+","6.9","0.58","0","1","0","0"
"SER02117","Bunheads","2012","16+","7.6","1","0","1","0","0"
"SER02118","CSI: Crime Scene Investigation","2000","16+","7.6","NA","0","1","0","0"
"SER02119","One Tree Hill","2003","16+","7.6","NA","0","1","0","0"
"SER02120","Afro Samurai","2007","18+","7.7","1","0","1","0","0"
"SER02121","Graceland","2013","16+","7.7","0.86","0","1","0","0"
"SER02122","Scream Queens","2015","16+","7.1","0.75","0","1","0","0"
"SER02123","Genius","2017","7+","8.4","0.7","0","1","0","0"
"SER02124","The Looming Tower","2018","18+","8","0.88","0","1","0","0"
"SER02125","The Promised Neverland","2019","18+","8.8","NA","0","1","0","0"
"SER02126","Pinky and the Brain","1995","all","7.9","0.75","0","1","0","0"
"SER02127","Married... with Children","1987","7+","8","NA","0","1","0","0"
"SER02128","Last Man Standing","2011","16+","7.6","NA","0","1","0","0"
"SER02129","Emergence","2019","16+","7.2","0.94","0","1","0","0"
"SER02130","Terriers","2010","18+","8.4","0.92","0","1","0","0"
"SER02131","UnREAL","2015","18+","7.8","0.82","0","1","0","0"
"SER02132","Blackadder","1983","7+","8.1","NA","0","1","1","0"
"SER02133","The Hitchhiker's Guide to the Galaxy","1981","7+","8","0.67","0","1","1","0"
"SER02134","Witches of East End","2013","16+","7.6","0.65","0","1","0","0"
"SER02135","The Wonder Years","1988","7+","8.3","NA","0","1","0","0"
"SER02136","Robot Chicken","2005","18+","7.7","NA","0","1","0","0"
"SER02137","Harlots","2017","18+","7.7","0.98","0","1","0","0"
"SER02138","Good Behavior","2016","16+","8.1","0.78","0","1","0","0"
"SER02139","The Golden Girls","1985","7+","7.9","NA","0","1","0","0"
"SER02140","RuPaul's Drag Race All Stars","2012","16+","8.6","0.7","0","1","0","0"
"SER02141","Will & Grace","1998","16+","7.2","NA","0","1","0","0"
"SER02142","The Outer Limits","1963","7+","8.2","0.91","0","1","0","0"
"SER02143","Salem","2014","18+","7.1","0.82","0","1","0","0"
"SER02144","The Hot Zone","2019","16+","7.3","0.9","0","1","0","0"
"SER02145","Baskets","2016","18+","7.5","0.92","0","1","0","0"
"SER02146","Make It or Break It","2009","16+","7.5","0.79","0","1","0","0"
"SER02147","The Great","2020","NA","7.8","0.81","0","1","0","0"
"SER02148","Sliders","1995","7+","7.4","NA","0","1","0","0"
"SER02149","The Amazing World of Gumball","2011","7+","8.2","NA","0","1","0","0"
"SER02150","A Million Little Things","2018","16+","7.9","0.53","0","1","0","0"
"SER02151","Man Seeking Woman","2015","18+","7.7","0.93","0","1","0","0"
"SER02152","Wu-Tang: An American Saga","2019","18+","8.3","0.8","0","1","0","0"
"SER02153","Ally McBeal","1997","16+","6.8","0.61","0","1","0","0"
"SER02154","Siren","2018","16+","7","NA","0","1","0","0"
"SER02155","The Detour","2016","7+","7.7","0.9","0","1","0","0"
"SER02156","Kaguya-sama: Love is War","2019","16+","8.1","NA","0","1","0","0"
"SER02157","My Mad Fat Diary","2013","16+","8.4","0.95","0","1","0","0"
"SER02158","High School DxD","2012","18+","7.6","NA","0","1","0","0"
"SER02159","Face Off","2011","7+","8.2","NA","0","1","0","0"
"SER02160","Mom","2013","16+","7.2","NA","0","1","0","0"
"SER02161","Full House","1987","all","6.7","NA","0","1","0","0"
"SER02162","ER","1994","16+","7.7","NA","0","1","0","0"
"SER02163","PEN15","2019","18+","7.9","0.93","0","1","0","0"
"SER02164","Roseanne","1988","7+","7","0.76","0","1","0","0"
"SER02165","Touch","2012","7+","7.4","0.68","0","1","0","0"
"SER02166","Sesame Street","1969","all","8.1","NA","0","1","1","0"
"SER02167","Hell's Kitchen","2005","16+","7.1","NA","0","1","1","0"
"SER02168","Shark Tank","2009","7+","7.6","NA","0","1","0","0"
"SER02169","The Baker and the Beauty","2020","7+","7.1","0.86","0","1","0","0"
"SER02170","The Amazing Race","2001","7+","7.6","NA","0","1","1","0"
"SER02171","Daria","1997","16+","8","NA","0","1","0","0"
"SER02172","War and Peace","2016","16+","8.2","NA","0","1","0","0"
"SER02173","SIX","2017","18+","7.3","0.62","0","1","0","0"
"SER02174","Legit","2013","18+","8.2","0.96","0","1","0","0"
"SER02175","Star vs. the Forces of Evil","2015","7+","8","NA","0","1","0","1"
"SER02176","The Brady Bunch","1969","all","6.7","0.77","0","1","0","0"
"SER02177","Chicago Med","2015","16+","7.5","NA","0","1","0","0"
"SER02178","Ghost Adventures","2008","7+","7.5","NA","0","1","0","0"
"SER02179","Body of Proof","2011","16+","7.1","0.76","0","1","0","0"
"SER02180","Roots","2016","16+","7.9","0.96","0","1","0","0"
"SER02181","Ghost Whisperer","2005","7+","6.3","NA","0","1","1","0"
"SER02182","Digimon Adventure","1999","7+","7.3","NA","0","1","0","0"
"SER02183","Whitechapel","2009","7+","7.9","0.75","0","1","0","0"
"SER02184","Tyrant","2014","18+","7.8","0.6","0","1","0","0"
"SER02185","Breeders","2020","18+","7.1","0.83","0","1","0","0"
"SER02186","Ben 10","2005","7+","7.2","NA","0","1","0","0"
"SER02187","Alfred Hitchcock Presents","1955","16+","8.5","NA","0","1","0","0"
"SER02188","Solar Opposites","2020","18+","8.2","NA","0","1","0","0"
"SER02189","Everything's Gonna Be Okay","2020","16+","7","0.94","0","1","0","0"
"SER02190","Roswell","1999","16+","7.5","NA","0","1","0","0"
"SER02191","Casual","2015","16+","7.5","0.92","0","1","0","0"
"SER02192","Psycho-Pass","2012","16+","8.2","NA","0","1","1","0"
"SER02193","Boruto: Naruto Next Generations","2017","16+","7.1","NA","0","1","0","0"
"SER02194","Battlestar Galactica","1978","7+","7.2","0.33","0","1","0","0"
"SER02195","Chance","2016","16+","7.7","0.75","0","1","0","0"
"SER02196","Shameless","2004","18+","8","NA","0","1","1","0"
"SER02197","Yu Yu Hakusho","1992","16+","8.4","1","0","1","1","0"
"SER02198","Jane Eyre","2006","7+","8.3","NA","0","1","0","0"
"SER02199","Dexter's Laboratory","1996","all","7.9","NA","0","1","0","0"
"SER02200","WWE Raw","1993","7+","7.8","NA","0","1","0","0"
"SER02201","Pretty Little Liars: The Perfectionists","2019","16+","7.1","1","0","1","0","0"
"SER02202","Greek","2007","16+","7.5","0.75","0","1","0","0"
"SER02203","Flashpoint","2008","16+","7.7","NA","0","1","1","0"
"SER02204","The Wrong Mans","2013","18+","7.8","0.95","0","1","0","0"
"SER02205","Legends","2014","16+","7.5","0.56","0","1","0","0"
"SER02206","Black Clover","2017","16+","8","NA","0","1","0","0"
"SER02207","Shrill","2019","18+","7.4","0.87","0","1","0","0"
"SER02208","Underground","2016","18+","7.7","0.96","0","1","0","0"
"SER02209","The Path","2016","18+","7.3","0.77","0","1","0","0"
"SER02210","Lodge 49","2018","16+","7.5","0.93","0","1","0","0"
"SER02211","King of the Hill","1997","7+","7.3","NA","0","1","0","0"
"SER02212","Deadliest Catch","2005","7+","7.8","NA","0","1","0","0"
"SER02213","Angie Tribeca","2016","16+","7","0.96","0","1","0","0"
"SER02214","Prodigal Son","2019","16+","8.2","0.54","0","1","0","0"
"SER02215","Single Parents","2018","7+","7","0.75","0","1","0","0"
"SER02216","S.W.A.T.","2017","16+","7","NA","0","1","0","0"
"SER02217","Doc Martin","2004","7+","8.3","NA","0","1","0","0"
"SER02218","Trust","2018","18+","7.5","0.78","0","1","0","0"
"SER02219","The Fairly OddParents","2001","all","7.2","NA","0","1","0","0"
"SER02220","The Glades","2010","16+","7.5","0.59","0","1","0","0"
"SER02221","Top Chef","2006","16+","7.5","NA","0","1","0","0"
"SER02222","10 Things I Hate About You","2009","16+","7.3","0.88","0","1","0","0"
"SER02223","Teenage Mutant Ninja Turtles","2012","7+","7.8","NA","0","1","0","0"
"SER02224","Das Boot","2018","NA","7.3","0.85","0","1","0","0"
"SER02225","Hey Arnold!","1996","all","7.6","NA","0","1","0","0"
"SER02226","NOS4A2","2019","16+","6.7","0.68","0","1","0","0"
"SER02227","Baby Daddy","2012","16+","7.3","NA","0","1","0","0"
"SER02228","Happy Days","1974","7+","7.4","NA","0","1","0","0"
"SER02229","Murdoch Mysteries","2008","7+","8.1","NA","0","1","0","0"
"SER02230","Brothers and Sisters","2006","16+","7.3","NA","0","1","0","0"
"SER02231","Alone","2015","16+","8.4","NA","0","1","0","0"
"SER02232","Twisted","2013","16+","7.3","0.73","0","1","0","0"
"SER02233","Making It","2018","7+","7.9","1","0","1","0","0"
"SER02234","Queen Sugar","2016","16+","7.7","0.97","0","1","0","0"
"SER02235","Miranda","2009","7+","8.1","NA","0","1","0","0"
"SER02236","Mary Kills People","2017","18+","7.5","1","0","1","0","0"
"SER02237","Leah Remini: Scientology and the Aftermath","2016","16+","9.1","NA","0","1","0","0"
"SER02238","America's Next Top Model","2003","7+","5.5","NA","0","1","1","0"
"SER02239","I Am the Night","2019","7+","7","0.74","0","1","0","0"
"SER02240","Holey Moley","2019","7+","6.7","0.91","0","1","0","0"
"SER02241","Kamisama Kiss","2012","7+","8.1","NA","0","1","0","0"
"SER02242","Rascal Does Not Dream of Bunny Girl Senpai","2018","16+","8","NA","0","1","0","0"
"SER02243","The Legend of the Blue Sea","2016","NA","8.1","NA","0","1","0","0"
"SER02244","Sabrina, the Teenage Witch","1996","all","6.6","NA","0","1","0","0"
"SER02245","The Split","2018","NA","7.6","0.73","0","1","0","0"
"SER02246","Airwolf","1984","7+","6.7","NA","0","1","0","0"
"SER02247","Bleak House","2005","16+","8.3","NA","0","1","0","0"
"SER02248","American Housewife","2016","7+","7.3","NA","0","1","0","0"
"SER02249","Monster Musume: Everyday Life with Monster Girls","2017","18+","6.7","NA","0","1","0","0"
"SER02250","Claws","2017","18+","7.3","0.9","0","1","0","0"
"SER02251","Metalocalypse","2006","18+","8.2","NA","0","1","0","0"
"SER02252","Highschool of the Dead","2010","18+","7.2","NA","0","1","0","0"
"SER02253","The Musketeers","2014","16+","7.8","NA","0","1","0","0"
"SER02254","The Eric Andre Show","2012","18+","8.6","NA","0","1","0","0"
"SER02255","Noragami","2014","16+","7.9","NA","0","1","0","0"
"SER02256","My Teen Romantic Comedy SNAFU","2013","16+","7.8","NA","0","1","0","0"
"SER02257","The First 48","2004","18+","8.2","NA","0","1","0","0"
"SER02258","Sealab 2021","2000","16+","7.9","0.74","0","1","0","0"
"SER02259","Deutschland 86","2018","NA","7.6","1","0","1","0","0"
"SER02260","Rugrats","1991","all","7.4","NA","0","1","1","0"
"SER02261","Atlantis","2013","7+","6.6","0.62","0","1","0","0"
"SER02262","Reprisal","2019","18+","7.5","0.44","0","1","0","0"
"SER02263","The Event","2010","16+","7","0.67","0","1","0","0"
"SER02264","Danny Phantom","2004","7+","7.1","NA","0","1","0","0"
"SER02265","Life in Pieces","2015","7+","8","NA","0","1","0","0"
"SER02266","X-Men: Evolution","2000","7+","7.9","NA","0","1","0","1"
"SER02267","Cardinal","2017","16+","7.7","NA","0","1","0","0"
"SER02268","Spiral","2005","7+","8.5","NA","0","1","1","0"
"SER02269","Good Luck Charlie","2010","all","7","NA","0","1","0","1"
"SER02270","Overlord","2015","18+","7.8","NA","0","1","0","0"
"SER02271","Pawn Stars","2009","7+","7.2","NA","0","1","0","0"
"SER02272","American Gothic","1995","7+","8.1","0.67","0","1","0","0"
"SER02273","LEGO Masters","2020","7+","7.2","0.67","0","1","0","0"
"SER02274","Anthony Bourdain: No Reservations","2005","7+","8.4","NA","0","1","0","0"
"SER02275","Dawson's Creek","1998","16+","6.6","NA","0","1","1","0"
"SER02276","Taxi","1978","7+","7.6","NA","0","1","0","0"
"SER02277","Bless This Mess","2019","7+","6.7","0.82","0","1","0","0"
"SER02278","Forged in Fire","2015","7+","8.4","NA","0","1","1","0"
"SER02279","Schooled","2019","7+","6.9","0.73","0","1","0","0"
"SER02280","Robin of Sherwood","1984","NA","8.5","NA","0","1","1","0"
"SER02281","Assassination Classroom","2015","16+","8","NA","0","1","0","0"
"SER02282","The Mick","2017","16+","7.8","NA","0","1","0","0"
"SER02283","Yu-Gi-Oh! GX","2004","all","6.7","NA","0","1","1","0"
"SER02284","The League of Gentlemen","1999","18+","8.4","NA","0","1","1","0"
"SER02285","Black Lagoon","2006","18+","8","NA","0","1","0","0"
"SER02286","Silent Witness","1996","16+","7.8","NA","0","1","1","0"
"SER02287","DARLING in the FRANXX","2018","16+","7.3","NA","0","1","0","0"
"SER02288","Diabolik Lovers","2013","16+","5.3","NA","0","1","0","0"
"SER02289","Numb3rs","2006","7+","6.9","NA","0","1","0","0"
"SER02290","The Masked Singer","2019","7+","6.3","NA","0","1","0","0"
"SER02291","Naked and Afraid","2013","16+","6.6","NA","0","1","0","0"
"SER02292","Friday Night Dinner","2011","18+","8.1","NA","0","1","0","0"
"SER02293","Fire Force","2019","7+","7.7","NA","0","1","0","0"
"SER02294","Station 19","2018","16+","6.5","NA","0","1","0","0"
"SER02295","The Future Diary","2011","18+","7.6","NA","0","1","0","0"
"SER02296","Saved by the Bell","1989","all","7","NA","0","1","0","0"
"SER02297","Breakout Kings","2011","16+","7.3","0.41","0","1","0","0"
"SER02298","The Ultimate Fighter","2005","16+","7.8","NA","0","1","0","0"
"SER02299","Ergo Proxy","2006","16+","8","NA","0","1","0","0"
"SER02300","Saving Hope","2012","16+","7.5","NA","0","1","0","0"
"SER02301","The Bold Type","2017","16+","8","NA","0","1","0","0"
"SER02302","Pitch","2016","16+","7.4","0.94","0","1","0","0"
"SER02303","How the Universe Works","2010","7+","9","NA","0","1","1","0"
"SER02304","Dragon Ball GT","1996","7+","6.8","NA","0","1","0","0"
"SER02305","The Long Road Home","2017","18+","7.5","0.77","0","1","0","0"
"SER02306","Crayon Shin-chan","1992","7+","7.9","NA","0","1","0","0"
"SER02307","Intervention","2005","16+","7.9","NA","0","1","0","0"
"SER02308","The Outer Limits","1995","18+","7.7","NA","0","1","1","0"
"SER02309","Outsourced","2010","16+","7.5","0.2","0","1","0","0"
"SER02310","60 Days In","2016","16+","7.7","NA","0","1","0","0"
"SER02311","Into the Dark","2018","18+","6.3","0.74","0","1","0","0"
"SER02312","Clique","2017","7+","7","1","0","1","0","0"
"SER02313","The Son","2017","16+","7.5","0.52","0","1","0","0"
"SER02314","Songland","2019","7+","7.7","0.67","0","1","0","0"
"SER02315","Lincoln Rhyme: Hunt for the Bone Collector","2020","16+","6.9","0.3","0","1","0","0"
"SER02316","Saving Grace","2007","18+","7.6","0.73","0","1","0","0"
"SER02317","90 Day Fiancé","2014","16+","6.3","NA","0","1","0","0"
"SER02318","Beverly Hills, 90210","1990","7+","6.3","NA","0","1","0","0"
"SER02319","Darker than Black","2007","16+","7.7","NA","0","1","1","0"
"SER02320","MasterChef","2010","16+","7.3","NA","0","1","0","0"
"SER02321","This Country","2017","16+","8.5","0.96","0","1","0","0"
"SER02322","Kitchen Nightmares","2007","16+","7.4","NA","0","1","0","0"
"SER02323","90 Day Fiancé: Before the 90 Days","2017","16+","6.7","NA","0","1","0","0"
"SER02324","Remington Steele","1982","7+","7.2","NA","0","1","0","0"
"SER02325","Tyler Perry's If Loving You Is Wrong","2014","16+","5.8","NA","0","1","0","0"
"SER02326","Highlander: The Series","1992","16+","7.2","NA","0","1","1","0"
"SER02327","Lark Rise to Candleford","2008","7+","8.1","NA","0","1","0","0"
"SER02328","Catfish: The TV Show","2012","16+","7.1","NA","0","1","0","0"
"SER02329","Agatha Christie's Marple","2004","16+","7.7","NA","0","1","0","0"
"SER02330","Monogatari","2009","16+","8","NA","0","1","0","0"
"SER02331","Project Runway","2004","16+","7.3","NA","0","1","0","0"
"SER02332","The First","2018","18+","6.7","0.68","0","1","0","0"
"SER02333","9-1-1: Lone Star","2020","16+","6.4","NA","0","1","0","0"
"SER02334","Sense and Sensibility","2008","16+","8","NA","0","1","1","0"
"SER02335","Homicide Hunter: Lt Joe Kenda","2011","16+","8.8","NA","0","1","0","0"
"SER02336","Seraph of the End","2015","16+","7.5","NA","0","1","0","0"
"SER02337","Gangland Undercover","2015","16+","8.2","NA","0","1","0","0"
"SER02338","Party of Five","1994","7+","6.8","NA","0","1","0","0"
"SER02339","Devious Maids","2013","7+","7.8","NA","0","1","0","0"
"SER02340","Digimon Tamers","2001","7+","7.7","NA","0","1","0","0"
"SER02341","Drunk History","2013","16+","7.8","NA","0","1","0","0"
"SER02342","The Penguins of Madagascar","2009","7+","7.6","NA","0","1","0","0"
"SER02343","The Purge","2018","18+","6.4","0.42","0","1","0","0"
"SER02344","Survivorman","2004","7+","8.2","NA","0","1","1","0"
"SER02345","Higurashi When They Cry","2006","18+","8","NA","0","1","0","0"
"SER02346","Melissa & Joey","2010","7+","7","NA","0","1","0","0"
"SER02347","River Monsters","2009","7+","8.2","NA","0","1","1","0"
"SER02348","General Hospital","1963","7+","6.5","NA","0","1","0","0"
"SER02349","Scott & Bailey","2011","7+","7.9","NA","0","1","0","0"
"SER02350","Dollface","2019","NA","7.4","0.5","0","1","0","0"
"SER02351","Upstairs Downstairs","2010","7+","7.4","NA","0","1","0","0"
"SER02352","Difficult People","2015","18+","7","0.95","0","1","0","0"
"SER02353","Apple Tree Yard","2017","18+","7.1","0.92","0","1","0","0"
"SER02354","Man vs. Wild","2006","7+","8.1","NA","0","1","1","0"
"SER02355","Good Trouble","2019","16+","7.4","NA","0","1","0","0"
"SER02356","While You Were Sleeping","2017","NA","8.4","NA","0","1","0","0"
"SER02357","Mr. Pickles","2014","18+","7.3","NA","0","1","0","0"
"SER02358","Log Horizon","2013","16+","7.7","NA","0","1","0","0"
"SER02359","DCI Banks","2011","18+","7.6","NA","0","1","1","0"
"SER02360","Prisoners of War","2010","NA","8.4","1","0","1","0","0"
"SER02361","The Fades","2011","18+","7.8","NA","0","1","0","0"
"SER02362","The Firm","2012","16+","7","0.39","0","1","0","0"
"SER02363","Fruits Basket","2019","7+","8.3","NA","0","1","0","0"
"SER02364","Adam-12","1968","7+","7.5","NA","0","1","0","0"
"SER02365","Kenichi The Mightiest Disciple","2006","16+","8.2","NA","0","1","1","0"
"SER02366","The Joy of Painting","1983","all","9.4","NA","0","1","1","0"
"SER02367","Gold Rush","2011","7+","7.3","NA","0","1","0","0"
"SER02368","Lupin the Third","1971","16+","7.9","NA","0","1","0","0"
"SER02369","McLeod's Daughters","2001","16+","7.2","NA","0","1","1","0"
"SER02370","Hill Street Blues","1981","16+","8.1","NA","0","1","0","0"
"SER02371","Brickleberry","2012","18+","7.4","NA","0","1","0","0"
"SER02372","The Tonight Show Starring Jimmy Fallon","2014","16+","7.3","NA","0","1","0","0"
"SER02373","Jeopardy!","1964","all","8.2","NA","0","1","0","0"
"SER02374","Family Matters","1989","all","6.5","NA","0","1","0","0"
"SER02375","Foster's Home for Imaginary Friends","2004","7+","7.6","NA","0","1","0","0"
"SER02376","National Treasure","2016","16+","7.4","0.91","0","1","0","0"
"SER02377","Kojak","1973","16+","7.1","NA","0","1","0","0"
"SER02378","Time After Time","2017","16+","6.7","0.67","0","1","0","0"
"SER02379","Star","2016","16+","6.6","NA","0","1","0","0"
"SER02380","The Marvelous Misadventures of Flapjack","2008","7+","7.8","NA","0","1","0","0"
"SER02381","Expedition Unknown","2015","7+","8.2","NA","0","1","0","0"
"SER02382","I'm Dying Up Here","2017","18+","7.4","0.51","0","1","0","0"
"SER02383","Fixer Upper","2013","all","8.3","NA","0","1","0","0"
"SER02384","The Familiar of Zero","2006","16+","7.1","NA","0","1","0","0"
"SER02385","The Voice","2011","7+","6.5","NA","0","1","0","0"
"SER02386","Wings","1990","7+","7.2","NA","0","1","0","0"
"SER02387","The Cool Kids","2018","16+","7","0.65","0","1","0","0"
"SER02388","The Pink Panther Show","1964","all","7.6","NA","0","1","1","0"
"SER02389","The Guardian","2001","7+","7.4","NA","0","1","1","0"
"SER02390","The Conners","2018","7+","5.3","0.89","0","1","0","0"
"SER02391","Garfield and Friends","1988","7+","7.3","NA","0","1","0","0"
"SER02392","New Tricks","2003","16+","7.8","NA","0","1","0","0"
"SER02393","Wolfblood","2013","7+","7.7","NA","0","1","1","0"
"SER02394","Fast N' Loud","2012","16+","7.5","NA","0","1","0","0"
"SER02395","A.N.T. Farm","2011","all","5","NA","0","1","0","0"
"SER02396","Shiki","2010","18+","7.7","NA","0","1","0","0"
"SER02397","Real Humans","2012","16+","7.9","NA","0","1","0","0"
"SER02398","What's Wrong with Secretary Kim","2018","all","8.1","NA","0","1","0","0"
"SER02399","Land of Honor","2014","16+","7.9","NA","0","1","0","0"
"SER02400","Banished","2015","18+","7.4","NA","0","1","0","0"
"SER02401","Samantha Who?","2007","7+","7.3","0.77","0","1","0","0"
"SER02402","The Powerpuff Girls","1998","7+","7.2","NA","0","1","0","0"
"SER02403","Being Erica","2009","16+","7.5","NA","0","1","1","0"
"SER02404","False Flag","2015","NA","7.8","NA","0","1","0","0"
"SER02405","Dark Shadows","1966","7+","7.5","NA","0","1","1","0"
"SER02406","Diners, Drive-Ins and Dives","2007","all","7.3","NA","0","1","0","0"
"SER02407","Tyler Perry's The Haves and the Have Nots","2013","NA","6","NA","0","1","0","0"
"SER02408","Shots Fired","2017","16+","6.4","0.84","0","1","0","0"
"SER02409","Four Weddings and a Funeral","2019","NA","7.1","0.43","0","1","0","0"
"SER02410","Second Chance","2016","16+","7.5","NA","0","1","0","0"
"SER02411","K.C. Undercover","2015","all","6.1","NA","0","1","0","1"
"SER02412","Doug","1991","all","7.4","NA","0","1","0","1"
"SER02413","Detroit 1-8-7","2010","16+","7.6","0.83","0","1","0","0"
"SER02414","The Carmichael Show","2015","7+","7.6","0.86","0","1","0","0"
"SER02415","Spy","2011","7+","7.9","1","0","1","0","0"
"SER02416","24: Legacy","2017","16+","6.2","0.59","0","1","0","0"
"SER02417","Ranma ½","1989","16+","7.9","NA","0","1","0","0"
"SER02418","Harrow","2018","NA","7.6","NA","0","1","0","0"
"SER02419","Medium","2005","16+","6.9","NA","0","1","1","0"
"SER02420","World of Dance","2017","7+","7","NA","0","1","0","0"
"SER02421","Coronation Street","1960","7+","5.5","NA","0","1","0","0"
"SER02422","How It's Made","2001","all","7.8","NA","0","1","0","0"
"SER02423","Life Below Zero","2013","7+","8","NA","0","1","0","1"
"SER02424","T@gged","2016","16+","7.3","NA","0","1","0","0"
"SER02425","The Bob Newhart Show","1972","all","8.1","NA","0","1","0","0"
"SER02426","The PJs","1999","16+","6.6","NA","0","1","0","0"
"SER02427","Moone Boy","2012","16+","8.1","NA","0","1","0","0"
"SER02428","Ghosted","2017","7+","6.2","0.59","0","1","0","0"
"SER02429","The Mary Tyler Moore Show","1970","7+","8.1","NA","0","1","0","0"
"SER02430","Unsolved Mysteries","1987","7+","8.3","NA","0","1","1","0"
"SER02431","The Practice","1997","16+","7.7","NA","0","1","0","0"
"SER02432","Oh My Venus","2015","NA","7.8","NA","0","1","0","0"
"SER02433","The Secret Life of the American Teenager","2008","16+","4.9","NA","0","1","0","0"
"SER02434","Married at First Sight","2014","16+","6.3","NA","0","1","1","0"
"SER02435","American Ninja Warrior","2009","7+","6.8","NA","0","1","0","0"
"SER02436","House Hunters","1999","all","8.2","NA","0","1","0","0"
"SER02437","Little Britain","2003","18+","7.6","NA","0","1","0","0"
"SER02438","American Pickers","2010","7+","7","NA","0","1","0","0"
"SER02439","Sailor Moon Crystal","2014","16+","7.9","NA","0","1","0","0"
"SER02440","Chowder","2007","7+","7.3","NA","0","1","0","0"
"SER02441","mixed-ish","2019","7+","6.2","0.8","0","1","0","0"
"SER02442","Thief","2006","18+","7.5","0.81","0","1","0","0"
"SER02443","Nightwatch","2015","16+","8.9","NA","0","1","0","0"
"SER02444","Dirty Sexy Money","2007","16+","7.2","0.68","0","1","0","0"
"SER02445","Big Time Rush","2009","all","6.2","NA","0","1","1","0"
"SER02446","Snow White with the Red Hair","2015","16+","7.8","NA","0","1","0","0"
"SER02447","The Three Stooges","1934","all","8.6","NA","0","1","0","0"
"SER02448","RuPaul's Drag Race: Untucked","2010","16+","7.9","NA","0","1","0","0"
"SER02449","The Lord of the Skies","2013","16+","6.8","NA","0","1","0","0"
"SER02450","Deputy","2020","16+","6.1","0.4","0","1","0","0"
"SER02451","Eli Stone","2008","7+","7.6","0.6","0","1","0","0"
"SER02452","Penn & Teller: Bullshit!","2003","18+","8.2","NA","0","1","0","0"
"SER02453","Shark","2006","16+","7.1","0.52","0","1","0","0"
"SER02454","Mistresses","2013","16+","7.1","NA","0","1","0","0"
"SER02455","Murder in the First","2014","18+","7.2","NA","0","1","0","0"
"SER02456","Shut Eye","2016","18+","7.4","0.43","0","1","0","0"
"SER02457","Chopped","2009","all","7.5","NA","0","1","0","0"
"SER02458","Teen Titans Go!","2013","7+","5.2","NA","0","1","0","0"
"SER02459","Running Wild with Bear Grylls","2014","7+","7.7","NA","0","1","0","1"
"SER02460","The Thundermans","2013","all","5.7","NA","0","1","0","0"
"SER02461","Horrible Histories","2009","7+","8.8","NA","0","1","1","0"
"SER02462","Space Dandy","2014","16+","8.1","0.83","0","1","0","0"
"SER02463","Fosse/Verdon","2019","18+","7.9","0.81","0","1","0","0"
"SER02464","The Story of Film: An Odyssey","2011","NA","8.5","NA","0","1","0","0"
"SER02465","The Adventures of Jimmy Neutron: Boy Genius","2002","all","6.7","NA","0","1","0","0"
"SER02466","Kimi ni Todoke: From Me to You","2009","7+","7.8","NA","0","1","0","0"
"SER02467","Diff'rent Strokes","1978","all","6.6","NA","0","1","0","0"
"SER02468","Blue Spring Ride","2014","NA","7.4","NA","0","1","0","0"
"SER02469","Full Metal Panic!","2002","16+","7.6","NA","0","1","0","0"
"SER02470","Dance Moms","2011","7+","4.6","NA","0","1","0","0"
"SER02471","GameFace","2017","NA","7.7","0.83","0","1","0","0"
"SER02472","The Rifleman","1958","7+","8.3","NA","0","1","1","0"
"SER02473","Light as a Feather","2018","16+","6.6","0.44","0","1","0","0"
"SER02474","The Greatest American Hero","1981","7+","7.3","NA","0","1","1","0"
"SER02475","Speechless","2016","7+","7.6","NA","0","1","0","0"
"SER02476","St. Elsewhere","1982","7+","7.8","NA","0","1","0","0"
"SER02477","Travel Man: 48 Hours in...","2015","7+","8.3","NA","0","1","0","0"
"SER02478","The Incredible Dr. Pol","2011","7+","8.6","NA","0","1","0","1"
"SER02479","Street Outlaws","2013","7+","6.7","NA","0","1","0","0"
"SER02480","Stan Against Evil","2016","18+","7.3","NA","0","1","0","0"
"SER02481","The Dead Files","2011","7+","6.8","NA","0","1","0","0"
"SER02482","Bluestone 42","2013","16+","8","NA","0","1","0","0"
"SER02483","Persona 4 The Animation","2011","7+","7.6","NA","0","1","0","0"
"SER02484","American Idol","2002","7+","4.1","0.68","0","1","0","0"
"SER02485","Look Around You","2002","7+","8.4","NA","0","1","0","0"
"SER02486","D.Gray-man","2006","16+","7.7","NA","0","1","0","0"
"SER02487","Braquo","2009","7+","8","NA","0","1","0","0"
"SER02488","Jeremiah","2002","18+","7","NA","0","1","1","0"
"SER02489","Spice and Wolf","2008","16+","8","NA","0","1","0","0"
"SER02490","X Company","2015","16+","7.7","NA","0","1","0","0"
"SER02491","Almost Family","2019","16+","6.3","0.24","0","1","0","0"
"SER02492","Bakuman","2010","16+","8","NA","0","1","0","0"
"SER02493","Fruits Basket","2001","7+","7.9","NA","0","1","0","0"
"SER02494","Dharma & Greg","1997","16+","6.3","NA","0","1","0","0"
"SER02495","Blood Blockade Battlefront","2015","18+","7.2","NA","0","1","0","0"
"SER02496","Man v. Food","2008","all","7.3","NA","0","1","0","0"
"SER02497","Storage Wars","2010","7+","6.4","NA","0","1","1","0"
"SER02498","World Trigger","2014","16+","7.5","NA","0","1","0","0"
"SER02499","Reba","2001","7+","6.5","NA","0","1","0","0"
"SER02500","Haven't You Heard? I'm Sakamoto","2016","16+","7.2","NA","0","1","0","0"
"SER02501","SHIMONETA: A Boring World Where the Concept of Dirty Jokes Doesn't Exist","2015","18+","7.1","NA","0","1","0","0"
"SER02502","Beyond Scared Straight","2011","18+","7.3","NA","0","1","0","0"
"SER02503","The Fall Guy","1981","7+","7.1","NA","0","1","0","0"
"SER02504","Toriko","2011","7+","7.3","NA","0","1","0","0"
"SER02505","Pasión Prohibida","2013","NA","8.4","NA","0","1","0","0"
"SER02506","How Not to Summon a Demon Lord","2018","18+","7","NA","0","1","0","0"
"SER02507","Gordon Ramsay's 24 Hours to Hell and Back","2018","16+","7.3","NA","0","1","0","0"
"SER02508","Lip Service","2010","18+","7.4","NA","0","1","0","0"
"SER02509","Find Me in Paris","2018","all","7.3","NA","0","1","0","0"
"SER02510","Rev.","2010","16+","7.9","NA","0","1","0","0"
"SER02511","Rosario + Vampire","2008","18+","7","NA","0","1","0","0"
"SER02512","The Riches","2007","18+","7.8","NA","0","1","0","0"
"SER02513","The Beverly Hillbillies","1962","all","7.1","NA","0","1","0","0"
"SER02514","Zac & Mia","2017","16+","8.1","NA","0","1","0","0"
"SER02515","Step by Step","1991","all","6.5","NA","0","1","0","0"
"SER02516","Outnumbered","2007","7+","8","NA","0","1","0","0"
"SER02517","The Accident","2019","NA","6","0.92","0","1","0","0"
"SER02518","Dimension 404","2017","7+","6.6","0.8","0","1","0","0"
"SER02519","Laverne & Shirley","1976","all","6.9","NA","0","1","0","0"
"SER02520","The Most Dangerous Animal of All","2020","16+","6.2","0.73","0","1","0","0"
"SER02521","The Kennedys","2011","18+","7.6","NA","0","1","0","0"
"SER02522","Him & Her","2010","16+","7.8","NA","0","1","0","0"
"SER02523","Un village français","2009","NA","8.3","NA","0","1","1","0"
"SER02524","Alone Together","2018","16+","6.3","0.62","0","1","0","0"
"SER02525","Love Stage!!","2014","18+","7.3","NA","0","1","0","0"
"SER02526","Burden of Truth","2018","16+","7.2","NA","0","1","0","0"
"SER02527","Tiny Toon Adventures","1990","all","7.5","NA","0","1","0","0"
"SER02528","Inside Amy Schumer","2013","18+","6","0.86","0","1","0","0"
"SER02529","The White Shadow","1978","NA","8","NA","0","1","0","0"
"SER02530","WWE NXT","2010","7+","7.7","NA","0","1","0","0"
"SER02531","Your Pretty Face Is Going to Hell","2013","18+","7.7","NA","0","1","0","0"
"SER02532","The Incredible Hulk","1978","7+","7","NA","0","1","0","0"
"SER02533","The Biggest Loser","2004","7+","5.4","NA","0","1","0","0"
"SER02534","Dice","2016","18+","7.4","0.33","0","1","0","0"
"SER02535","Good Bones","2015","NA","7.3","NA","0","1","0","0"
"SER02536","Yona of the Dawn","2014","16+","8.1","NA","0","1","0","0"
"SER02537","Dates","2013","NA","7.5","0.88","0","1","0","0"
"SER02538","Duncanville","2020","16+","5.6","0.89","0","1","0","0"
"SER02539","Bluff City Law","2019","16+","6.8","0.36","0","1","0","0"
"SER02540","MEGALOBOX","2018","16+","7.8","NA","0","1","0","0"
"SER02541","Rosewood","2015","16+","6.7","0.09","0","1","0","0"
"SER02542","20/20","1978","NA","6.6","NA","0","1","0","0"
"SER02543","Hellsing","2001","16+","7.9","NA","0","1","0","0"
"SER02544","Infinite Stratos","2011","18+","6.7","NA","0","1","0","0"
"SER02545","Plastic Memories","2015","16+","7.3","NA","0","1","0","0"
"SER02546","Midnattssol","2016","7+","7.5","NA","0","1","0","0"
"SER02547","Intruders","2014","16+","6.7","0.39","0","1","0","0"
"SER02548","Bad Banks","2018","7+","8","NA","0","1","0","0"
"SER02549","WWE Friday Night SmackDown","1999","7+","7.3","NA","0","1","0","0"
"SER02550","Melrose Place","1992","16+","5.8","NA","0","1","1","0"
"SER02551","To Love-Ru","2008","18+","6.9","NA","0","1","0","0"
"SER02552","Locked Up Abroad","2006","16+","8.2","NA","0","1","1","0"
"SER02553","Wiseguy","1987","7+","7.8","NA","0","1","0","0"
"SER02554","Graves","2016","18+","6.5","0.5","0","1","0","0"
"SER02555","Popeye the Sailor","1960","all","7.1","NA","0","1","0","0"
"SER02556","Perfect Harmony","2019","7+","6.6","0.62","0","1","0","0"
"SER02557","City Homicide","2001","NA","7.4","NA","0","1","1","0"
"SER02558","Hillary","2020","18+","5.9","0.77","0","1","0","0"
"SER02559","Mountain Men","2012","7+","7.3","NA","0","1","0","0"
"SER02560","Baywatch","1989","7+","5.3","NA","0","1","1","0"
"SER02561","MasterChef Junior","2013","all","6.7","NA","0","1","0","0"
"SER02562","Property Brothers","2011","all","7.2","NA","0","1","0","0"
"SER02563","The Odd Couple","2015","7+","6.4","NA","0","1","0","0"
"SER02564","Kingdom","2007","NA","7.9","NA","0","1","0","0"
"SER02565","Guilty Crown","2011","16+","7.1","NA","0","1","0","0"
"SER02566","A Certain Scientific Railgun","2009","16+","7.5","NA","0","1","0","0"
"SER02567","Mister Ed","1961","all","7","NA","0","1","0","0"
"SER02568","Sonic Boom","2014","7+","7","NA","0","1","0","0"
"SER02569","Cardfight!! Vanguard","2011","16+","7.2","NA","0","1","1","0"
"SER02570","The Bastard Executioner","2015","18+","6.2","0.47","0","1","0","0"
"SER02571","Clarence","2014","7+","6.5","NA","0","1","0","0"
"SER02572","Utopia Falls","2020","7+","4.9","0.43","0","1","0","0"
"SER02573","Dual Survival","2010","16+","7.5","NA","0","1","0","0"
"SER02574","Alias Smith and Jones","1971","7+","7.6","NA","0","1","0","0"
"SER02575","House Hunters International","2006","all","7","NA","0","1","0","0"
"SER02576","Danganronpa: The Animation","2013","18+","6.9","NA","0","1","0","0"
"SER02577","Naked and Afraid XL","2015","16+","7.3","NA","0","1","0","0"
"SER02578","Ben 10: Omniverse","2012","7+","5.7","NA","0","1","0","0"
"SER02579","The Qwaser of Stigmata","2010","18+","5.5","NA","0","1","0","0"
"SER02580","Haganai: I Don't Have Many Friends","2011","18+","7.2","NA","0","1","0","0"
"SER02581","American Gladiators","1989","7+","6.5","NA","0","1","0","0"
"SER02582","OK K.O.! Let's Be Heroes","2017","7+","7.1","NA","0","1","0","0"
"SER02583","The Real Housewives of Beverly Hills","2010","16+","4.8","NA","0","1","0","0"
"SER02584","Silk Stalkings","1991","16+","6.5","NA","0","1","0","0"
"SER02585","Packed to the Rafters","2008","18+","7.4","NA","0","1","0","0"
"SER02586","Damien","2016","16+","6.9","0.11","0","1","0","0"
"SER02587","Taggart","1983","18+","7.2","NA","0","1","0","0"
"SER02588","The Asterisk War","2015","16+","6.8","NA","0","1","0","0"
"SER02589","Hard Sun","2018","18+","6.6","0.48","0","1","0","0"
"SER02590","Justice League Action","2016","7+","7.7","NA","0","1","0","0"
"SER02591","Some Girls","2012","16+","7.6","NA","0","1","0","0"
"SER02592","Perfect Strangers","1986","7+","7.2","NA","0","1","0","0"
"SER02593","Lost in Space","1965","all","7.2","NA","0","1","0","0"
"SER02594","The Game","2006","16+","6.7","NA","0","1","0","0"
"SER02595","Love Island","2015","NA","5.1","NA","0","1","0","0"
"SER02596","America's Got Talent","2006","7+","5.8","NA","0","1","0","0"
"SER02597","Ironside","1967","7+","6.9","NA","0","1","0","0"
"SER02598","Deadbeat","2014","16+","7.5","NA","0","1","0","0"
"SER02599","Cutthroat Kitchen","2013","all","7.2","NA","0","1","0","0"
"SER02600","The Fruit of Grisaia","2014","18+","7.1","NA","0","1","0","0"
"SER02601","Whose Line Is It Anyway? (UK)","1988","7+","8.2","NA","0","1","1","0"
"SER02602","Chivalry of a Failed Knight","2015","18+","7.4","NA","0","1","0","0"
"SER02603","Alaska: The Last Frontier","2011","16+","7.7","NA","0","1","0","0"
"SER02604","Married","2014","18+","7","0.56","0","1","0","0"
"SER02605","Every Witch Way","2014","7+","5","NA","0","1","0","0"
"SER02606","Baghdad Central","2020","NA","7.1","0.88","0","1","0","0"
"SER02607","Living Single","1993","7+","7.3","NA","0","1","0","0"
"SER02608","Clannad After Story","2009","7+","8.6","NA","0","1","0","0"
"SER02609","Just Between Lovers","2017","NA","8","NA","0","1","0","0"
"SER02610","Grimgar of Fantasy and Ash","2016","16+","7.5","NA","0","1","0","0"
"SER02611","Wallander","2005","NA","7.6","NA","0","1","0","0"
"SER02612","Deadly Women","2005","16+","8","NA","0","1","1","0"
"SER02613","Fear Factor","2001","7+","5.6","NA","0","1","0","0"
"SER02614","My Life as a Teenage Robot","2003","all","7","NA","0","1","0","0"
"SER02615","Vanderpump Rules","2013","16+","5.4","NA","0","1","0","0"
"SER02616","The Last Alaskans","2015","18+","8.5","NA","0","1","0","0"
"SER02617","This Way Up","2019","NA","7.7","0.93","0","1","0","0"
"SER02618","D.Gray-man Hallow","2016","16+","7.7","NA","0","1","0","0"
"SER02619","My 600-lb Life","2012","16+","6.6","NA","0","1","0","0"
"SER02620","WATAMOTE","2013","16+","7.3","NA","0","1","0","0"
"SER02621","My Love Story!!","2015","7+","7.8","NA","0","1","0","0"
"SER02622","Love Island Australia","2018","18+","5.4","NA","0","1","0","0"
"SER02623","Doogie Howser, M.D.","1989","7+","6.5","NA","0","1","0","0"
"SER02624","grown-ish","2018","16+","6.4","NA","0","1","0","0"
"SER02625","Devil May Cry","2007","18+","7.1","NA","0","1","0","0"
"SER02626","The Four: Battle for Stardom","2018","NA","4.1","0.17","0","1","0","0"
"SER02627","All Saints","1998","16+","7","NA","0","1","0","0"
"SER02628","Bring It!","2014","7+","6.6","NA","0","1","1","0"
"SER02629","Beck","1997","NA","7.4","NA","0","1","0","0"
"SER02630","Maken-Ki! Battling Venus","2011","18+","6.2","NA","0","1","0","0"
"SER02631","Designing Women","1986","7+","7","NA","0","1","0","0"
"SER02632","Kämpfer","2009","18+","6.2","NA","0","1","0","0"
"SER02633","Hunter","1984","7+","6.8","NA","0","1","0","0"
"SER02634","Worst Cooks in America","2010","all","6.4","NA","0","1","0","0"
"SER02635","Barbarians Rising","2016","18+","7.8","NA","0","1","0","0"
"SER02636","Cake Boss","2009","7+","6.6","NA","0","1","0","0"
"SER02637","Bering Sea Gold","2012","all","6.6","NA","0","1","0","0"
"SER02638","The Real Housewives of New York City","2008","16+","4.3","NA","0","1","0","0"
"SER02639","Itazura na Kiss","2008","NA","7.5","NA","0","1","0","0"
"SER02640","Aesthetica of a Rogue Hero","2012","18+","7.2","NA","0","1","0","0"
"SER02641","Mysteries at the Museum","2010","7+","8.1","NA","0","1","0","0"
"SER02642","Blood Lad","2013","16+","7.1","NA","0","1","0","0"
"SER02643","7th Heaven","1996","7+","5.2","NA","0","1","1","0"
"SER02644","Voyage to the Bottom of the Sea","1964","7+","7.2","NA","0","1","0","0"
"SER02645","Reef Break","2019","7+","5.9","0.33","0","1","0","0"
"SER02646","The Dana Carvey Show","1996","NA","7.3","0.8","0","1","0","0"
"SER02647","Primeval: New World","2012","16+","6.5","NA","0","1","0","0"
"SER02648","Pramface","2012","16+","7.6","NA","0","1","0","0"
"SER02649","Classroom of the Elite","2017","16+","7.4","NA","0","1","0","0"
"SER02650","The Slap","2015","16+","7.6","0.67","0","1","1","0"
"SER02651","The Moodys","2019","16+","6.6","0.62","0","1","0","0"
"SER02652","Dietland","2018","16+","6.4","0.81","0","1","0","0"
"SER02653","Son of Zorn","2016","16+","6.7","0.58","0","1","0","0"
"SER02654","Buzzfeed Unsolved: Supernatural","2016","NA","8.7","NA","0","1","1","0"
"SER02655","Devils Line","2018","18+","6.8","NA","0","1","0","0"
"SER02656","Say Yes to the Dress","2007","7+","5.6","NA","0","1","1","0"
"SER02657","Father Knows Best","1954","all","7.4","NA","0","1","1","0"
"SER02658","Beyond the Boundary","2013","16+","7.3","NA","0","1","0","0"
"SER02659","BuzzFeed Unsolved - True Crime","2016","NA","8.9","NA","0","1","1","0"
"SER02660","Marido en Alquiler","2013","NA","8.4","NA","0","1","0","0"
"SER02661","Hollywood Game Night","2013","7+","7.3","NA","0","1","0","0"
"SER02662","Dog with a Blog","2012","all","4.8","NA","0","1","0","0"
"SER02663","Disappeared","2010","16+","8","NA","0","1","0","0"
"SER02664","Party of Five","2020","NA","5.3","NA","0","1","0","0"
"SER02665","Date a Live","2013","18+","7","NA","0","1","0","0"
"SER02666","Total Divas","2013","16+","6.5","NA","0","1","0","0"
"SER02667","Golden Time","2013","16+","7.5","NA","0","1","0","0"
"SER02668","Bloom","2019","18+","6.6","NA","0","1","0","0"
"SER02669","Hunter Street","2017","all","6.8","NA","0","1","0","0"
"SER02670","Daniel Deronda","2002","NA","7.2","NA","0","1","0","0"
"SER02671","Good Doctor","2013","NA","8.1","NA","0","1","0","0"
"SER02672","90 Day Fiancé: Happily Ever After?","2016","16+","6.3","NA","0","1","0","0"
"SER02673","Outmatched","2020","7+","5.6","0.22","0","1","0","0"
"SER02674","The Passing Bells","2014","NA","6.9","NA","0","1","1","0"
"SER02675","Kingdom","2012","16+","8","NA","0","1","0","0"
"SER02676","Wise Man’s Grandchild","2019","16+","6.7","NA","0","1","0","0"
"SER02677","Blast of Tempest","2012","16+","7.6","NA","0","1","0","0"
"SER02678","The Bachelorette","2003","16+","3.4","0.62","0","1","0","0"
"SER02679","Swamp People","2010","7+","6.3","NA","0","1","1","0"
"SER02680","Undercover Boss","2010","7+","5.8","NA","0","1","0","0"
"SER02681","Doc McStuffins","2012","all","6.7","NA","0","1","0","1"
"SER02682","Dante's Cove","2005","18+","6","NA","0","1","0","0"
"SER02683","Axe Cop","2013","18+","7.4","0.7","0","1","0","0"
"SER02684","The Smile Has Left Your Eyes","2018","all","7.4","NA","0","1","0","0"
"SER02685","Pure","2017","16+","7","NA","0","1","0","0"
"SER02686","Zomboat!","2019","NA","6.9","NA","0","1","0","0"
"SER02687","Kono Oto Tomare!: Sounds of Life","2019","7+","7.4","NA","0","1","0","0"
"SER02688","Sex&Drugs&Rock&Roll","2015","16+","7.1","NA","0","1","0","0"
"SER02689","OutDaughtered","2016","7+","7","NA","0","1","0","0"
"SER02690","Accel World","2012","16+","7.2","NA","0","1","0","0"
"SER02691","Project Runway All Stars","2012","7+","7","NA","0","1","0","0"
"SER02692","School Rumble","2004","7+","7.8","NA","0","1","0","0"
"SER02693","The Hills","2006","7+","3.5","0.52","0","1","1","0"
"SER02694","Slayers","1995","7+","7.5","NA","0","1","0","0"
"SER02695","Keeping Up with the Kardashians","2007","16+","2.8","NA","0","1","0","0"
"SER02696","Restaurant: Impossible","2011","all","6.8","NA","0","1","0","0"
"SER02697","Love It or List It","2008","all","6.3","NA","0","1","0","0"
"SER02698","East Los High","2013","16+","7","NA","0","1","0","0"
"SER02699","Maison Close","2010","18+","6.7","NA","0","1","0","0"
"SER02700","Total Bellas","2016","16+","5.8","NA","0","1","0","0"
"SER02701","Say ""I love you.""","2012","16+","7.4","NA","0","1","0","0"
"SER02702","Dr. Pimple Popper","2018","16+","6.6","NA","0","1","0","0"
"SER02703","Good Morning, Miss Bliss","1988","all","6.8","NA","0","1","0","0"
"SER02704","Bachelor in Paradise","2014","16+","5.2","NA","0","1","0","0"
"SER02705","Three Sheets","2006","18+","8.2","NA","0","1","0","0"
"SER02706","Paradox","2009","16+","7.1","NA","0","1","1","0"
"SER02707","Guy's Grocery Games","2013","all","6.5","NA","0","1","0","0"
"SER02708","Oreimo","2010","16+","6.5","NA","0","1","0","0"
"SER02709","The Lowe Files","2017","7+","6.7","0.6","0","1","1","0"
"SER02710","Freakish","2016","16+","6.4","NA","0","1","0","0"
"SER02711","The Next Step","2013","all","6","NA","0","1","0","0"
"SER02712","The Driver","2014","16+","7","NA","0","1","0","0"
"SER02713","Castaways","2018","NA","6.2","NA","0","1","0","0"
"SER02714","The Real Housewives of New Jersey","2009","16+","4","NA","0","1","0","0"
"SER02715","Good Eats: Reloaded","2018","all","8.8","NA","0","1","0","0"
"SER02716","Butterfly","2018","NA","6.2","0.93","0","1","0","0"
"SER02717","The Electric Company","1971","all","8.1","NA","0","1","1","0"
"SER02718","Tanked","2011","7+","6.6","NA","0","1","0","0"
"SER02719","A Crime to Remember","2013","16+","8.3","NA","0","1","0","0"
"SER02720","Air Gear","2006","18+","7.2","NA","0","1","0","0"
"SER02721","Toilet-Bound Hanako-kun","2020","16+","7.5","NA","0","1","0","0"
"SER02722","There's... Johnny!","2017","NA","7.2","0.83","0","1","0","0"
"SER02723","The Only Way Is Essex","2010","18+","3.1","NA","0","1","0","0"
"SER02724","Quick Draw","2013","NA","7.6","NA","0","1","1","0"
"SER02725","The Secret of Crickley Hall","2012","NA","6.9","NA","0","1","0","0"
"SER02726","Curious George","2006","all","7.1","NA","0","1","0","0"
"SER02727","Council of Dads","2020","7+","6.2","0.5","0","1","0","0"
"SER02728","The Real Housewives of Atlanta","2008","16+","4.3","NA","0","1","0","0"
"SER02729","Iron Chef America","2005","all","7.1","NA","0","1","0","0"
"SER02730","Black Bullet","2014","18+","7","NA","0","1","0","0"
"SER02731","Mayo Chiki!","2011","18+","7.1","NA","0","1","0","0"
"SER02732","Himouto! Umaru-chan","2015","16+","7","NA","0","1","1","0"
"SER02733","BOFURI: I Don’t Want to Get Hurt, so I’ll Max Out My Defense.","2020","16+","7.3","NA","0","1","0","0"
"SER02734","Elena's Ghost","2015","16+","7.6","NA","0","1","0","0"
"SER02735","Heathcliff","1984","7+","6.6","NA","0","1","0","0"
"SER02736","Criminal Minds: Suspect Behavior","2011","16+","6.3","0.42","0","1","1","0"
"SER02737","Agent X","2015","16+","6.2","0.28","0","1","0","0"
"SER02738","An American Murder Mystery: The Staircase","2018","16+","7.5","NA","0","1","0","0"
"SER02739","McHale's Navy","1962","all","7.4","NA","0","1","0","0"
"SER02740","Trust Me","2017","NA","7","0.79","0","1","0","0"
"SER02741","Unexpected","2017","16+","5.8","NA","0","1","0","0"
"SER02742","Astro Boy","1980","all","7.3","NA","0","1","1","0"
"SER02743","Renegade","1992","NA","6","NA","0","1","0","0"
"SER02744","Lincoln Heights","2007","7+","7.7","NA","0","1","0","0"
"SER02745","ID: INVADED","2020","18+","7.7","NA","0","1","0","0"
"SER02746","Black Jesus","2014","18+","6.9","NA","0","1","0","0"
"SER02747","Melrose Place","2009","16+","6","0.6","0","1","0","0"
"SER02748","Is This a Zombie?","2011","16+","7.1","NA","0","1","0","0"
"SER02749","The Comedians","2015","18+","6.7","0.58","0","1","0","0"
"SER02750","Celebrity Family Feud","2008","7+","6.1","NA","0","1","0","0"
"SER02751","I Love You, America","2017","18+","5.7","0.93","0","1","0","0"
"SER02752","Dragnet","1967","7+","7.5","NA","0","1","0","0"
"SER02753","Battleground","2012","NA","7.9","0.73","0","1","0","0"
"SER02754","Wolf Girl & Black Prince","2014","16+","7.1","NA","0","1","0","0"
"SER02755","Jumanji","1996","7+","6.4","NA","0","1","0","0"
"SER02756","Hikaru no Go","2001","all","8.3","NA","0","1","0","0"
"SER02757","Tim and Eric's Bedtime Stories","2014","18+","7.9","NA","0","1","0","0"
"SER02758","Amagami SS","2010","7+","6.8","NA","0","1","0","0"
"SER02759","Top Gear","2010","7+","5.3","NA","0","1","0","0"
"SER02760","The Wine Show","2016","NA","8.9","NA","0","1","0","0"
"SER02761","Arifureta: From Commonplace to World's Strongest","2019","16+","6.5","NA","0","1","0","0"
"SER02762","No Activity","2017","18+","6.7","NA","0","1","0","0"
"SER02763","The Food That Built America","2019","NA","8.4","NA","0","1","0","0"
"SER02764","Little Women: LA","2014","16+","5.4","NA","0","1","1","0"
"SER02765","Hetalia","2009","18+","7.4","NA","0","1","0","0"
"SER02766","Attack on Titan: Junior High","2015","16+","6.6","NA","0","1","0","0"
"SER02767","Hangin' with Mr. Cooper","1992","7+","6.4","NA","0","1","0","0"
"SER02768","The F Word","2005","18+","6.9","NA","0","1","0","0"
"SER02769","Jersey Shore","2009","16+","3.6","NA","0","1","0","0"
"SER02770","The Commish","1991","16+","7.1","NA","0","1","0","0"
"SER02771","Absolute Duo","2015","18+","6.5","NA","0","1","0","0"
"SER02772","Kiri","2018","NA","6.6","0.89","0","1","0","0"
"SER02773","Prey","2014","16+","7.2","NA","0","1","0","0"
"SER02774","The Bachelor Presents: Listen to Your Heart","2020","16+","5.2","NA","0","1","0","0"
"SER02775","Weird Science","1994","NA","6.8","NA","0","1","0","0"
"SER02776","Rick Steves' Europe","2000","all","8.4","NA","0","1","1","0"
"SER02777","Baka and Test: Summon the Beasts","2010","7+","7.4","NA","0","1","0","0"
"SER02778","Vanished","2006","18+","7","0.67","0","1","0","0"
"SER02779","The Circus","2016","16+","7.1","NA","0","1","0","0"
"SER02780","Angels of Death","2018","18+","6.4","NA","0","1","0","0"
"SER02781","Black Cat","2005","16+","7.1","NA","0","1","0","0"
"SER02782","The Great Food Truck Race","2010","all","6.6","NA","0","1","0","0"
"SER02783","Hollyoaks","1995","16+","4.7","NA","0","1","0","0"
"SER02784","Archangel","2005","NA","6.5","NA","0","1","0","0"
"SER02785","Blood-C","2011","18+","6.3","NA","0","1","0","0"
"SER02786","Upper Middle Bogan","2013","16+","7.9","NA","0","1","0","0"
"SER02787","Nicky, Ricky, Dicky & Dawn","2014","all","5.1","NA","0","1","0","0"
"SER02788","The New Woody Woodpecker Show","1999","all","6.5","NA","0","1","0","0"
"SER02789","What Would You Do?","2008","7+","7.2","NA","0","1","0","0"
"SER02790","Getting On","2009","16+","8.1","NA","0","1","0","0"
"SER02791","The Lucy Show","1962","7+","7.2","NA","0","1","0","0"
"SER02792","Big Windup!","2007","7+","7.6","NA","0","1","0","0"
"SER02793","Love & Hip Hop Hollywood","2014","16+","5.2","NA","0","1","0","0"
"SER02794","VanDread","2000","16+","7.1","NA","0","1","0","0"
"SER02795","The Weekly","2019","18+","6.5","0.38","0","1","0","0"
"SER02796","Princess Tutu","2002","16+","8.1","NA","0","1","1","0"
"SER02797","Plunderer","2020","16+","6.2","NA","0","1","0","0"
"SER02798","James May's Man Lab","2010","NA","7.8","NA","0","1","1","0"
"SER02799","Bedlam","2011","NA","6.6","0.44","0","1","0","0"
"SER02800","Second chance","2005","7+","6.9","NA","0","1","0","0"
"SER02801","Born This Way","2015","7+","8.3","NA","0","1","0","0"
"SER02802","Criminal Justice","2008","NA","7.8","NA","0","1","0","0"
"SER02803","F*ck That's Delicious","2016","18+","8","NA","0","1","0","0"
"SER02804","Unikitty","2017","7+","5.7","NA","0","1","0","0"
"SER02805","Abandoned","2016","16+","8.4","NA","0","1","0","0"
"SER02806","I Am Frankie","2017","all","6.1","NA","0","1","0","0"
"SER02807","Fashion House","2006","18+","6.5","NA","0","1","0","0"
"SER02808","Kids Baking Championship","2015","all","7","NA","0","1","0","0"
"SER02809","Kono Yuusha ga Ore Tueee Kuse ni Shinchou Sugiru","2019","NA","7.4","NA","0","1","0","0"
"SER02810","Bizarre Foods with Andrew Zimmern","2006","7+","7.8","NA","0","1","0","0"
"SER02811","Young Hercules","1998","7+","5.8","NA","0","1","0","0"
"SER02812","Little Big Shots","2016","all","7.2","NA","0","1","0","0"
"SER02813","Unusual Suspects","2010","16+","7.6","NA","0","1","0","0"
"SER02814","Bless the Harts","2019","16+","4.9","0.82","0","1","0","0"
"SER02815","Jimmy Kimmel Live!","2003","16+","6.6","NA","0","1","0","0"
"SER02816","The Little Couple","2009","all","6.8","NA","0","1","0","0"
"SER02817","The Beautiful Lie","2015","NA","7.3","NA","0","1","0","0"
"SER02818","Extreme Ghostbusters","1997","7+","6.9","NA","0","1","0","0"
"SER02819","Marriage Boot Camp: Reality Stars","2014","16+","4.5","NA","0","1","0","0"
"SER02820","Cold Squad","1998","16+","6.9","NA","0","1","1","0"
"SER02821","Space Brothers","2012","16+","8.1","NA","0","1","0","0"
"SER02822","The Real Housewives of Orange County","2006","16+","4.1","NA","0","1","0","0"
"SER02823","Corpse Princess","2008","7+","6.9","NA","0","1","0","0"
"SER02824","Genius Junior","2018","all","7.5","NA","0","1","0","0"
"SER02825","Astra Lost in Space","2019","16+","8","NA","0","1","0","0"
"SER02826","The Dick Cavett Show","1968","NA","8.4","NA","0","1","0","0"
"SER02827","Obsession: Dark Desires","2014","16+","7.4","NA","0","1","0","0"
"SER02828","Hakuoki -Demon Of The Fleeting Blossom-","2010","18+","7.4","NA","0","1","0","0"
"SER02829","Webster","1983","all","5.7","NA","0","1","0","0"
"SER02830","Ellen's Game of Games","2017","7+","5.6","NA","0","1","0","0"
"SER02831","Diesel Brothers","2016","16+","6.6","NA","0","1","0","0"
"SER02832","Feed the Beast","2016","16+","6.7","0.23","0","1","0","0"
"SER02833","Handy Manny","2006","all","5.5","NA","0","1","0","1"
"SER02834","Amagi Brilliant Park","2014","16+","7","NA","0","1","0","0"
"SER02835","Coupling","2000","7+","3.6","NA","0","1","0","0"
"SER02836","Treehouse Masters","2013","7+","7.3","NA","0","1","0","0"
"SER02837","My Favorite Martian","1963","all","7.3","NA","0","1","0","0"
"SER02838","The Strange Calls","2012","18+","7.4","NA","0","1","0","0"
"SER02839","Are You Smarter Than a 5th Grader?","2007","7+","4.9","NA","0","1","0","0"
"SER02840","Taken at Birth","2019","NA","8.3","NA","0","1","0","0"
"SER02841","Monster Rancher","1999","7+","7.1","NA","0","1","1","0"
"SER02842","Blue Dragon","2007","NA","6.3","NA","0","1","0","0"
"SER02843","The Bisexual","2018","NA","6","0.92","0","1","0","0"
"SER02844","Yu-Gi-Oh! 5D's","2008","all","6.7","NA","0","1","1","0"
"SER02845","Alvinnn!!! and The Chipmunks","2015","7+","4.5","NA","0","1","0","0"
"SER02846","Little Women: Atlanta","2016","16+","5.1","NA","0","1","0","0"
"SER02847","Beat Bobby Flay","2014","all","6.3","NA","0","1","0","0"
"SER02848","Saints & Sinners","2016","16+","7.3","NA","0","1","0","0"
"SER02849","Ask This Old House","2002","all","7.6","NA","0","1","0","0"
"SER02850","The Dude Perfect Show","2016","7+","6.6","NA","0","1","0","0"
"SER02851","<U+982D><U+6587><U+5B57>D First Stage","1998","7+","8.4","NA","0","1","0","0"
"SER02852","Bong Appétit","2016","16+","8","NA","0","1","0","0"
"SER02853","Arliss","1996","NA","7","NA","0","1","0","0"
"SER02854","Watch Over Me","2006","16+","6.4","NA","0","1","0","0"
"SER02855","Rosa Diamante","2012","NA","8.3","NA","0","1","0","0"
"SER02856","Seed","2013","18+","5.6","0.67","0","1","0","0"
"SER02857","Black Blood Brothers","2006","16+","7.1","NA","0","1","0","0"
"SER02858","Heartstrings","2011","16+","7.2","NA","0","1","0","0"
"SER02859","The Impostor","2014","NA","7.8","NA","0","1","0","0"
"SER02860","Tiger & Bunny","2011","16+","7.4","NA","0","1","0","0"
"SER02861","Behind Bars: Rookie Year","2015","16+","7.7","NA","0","1","0","0"
"SER02862","The Wall","2016","7+","6","NA","0","1","0","0"
"SER02863","Worth It","2016","NA","8.6","NA","0","1","1","0"
"SER02864","Flip or Flop","2013","all","6.1","NA","0","1","0","0"
"SER02865","L.A. Dragnet","2003","NA","7.1","NA","0","1","0","0"
"SER02866","Insane Pools: Off the Deep End","2015","7+","7.2","NA","0","1","0","0"
"SER02867","Sin tetas no hay paraíso","2008","18+","5.6","NA","0","1","0","0"
"SER02868","Aria the Scarlet Ammo","2011","16+","6.8","NA","0","1","0","0"
"SER02869","The Last Defense","2018","NA","7.3","NA","0","1","0","0"
"SER02870","The Gumby Show","1955","all","7","NA","0","1","1","0"
"SER02871","Still 17","2018","NA","7.8","NA","0","1","0","0"
"SER02872","Witchblade","2006","18+","7.2","NA","0","1","0","0"
"SER02873","Madeline","1993","all","6.9","NA","0","1","1","0"
"SER02874","Ruyi's Royal Love in the Palace","2018","NA","7.6","NA","0","1","1","0"
"SER02875","The Romeo Section","2015","16+","6.9","NA","0","1","0","0"
"SER02876","The Wallflower","2006","16+","7.5","NA","0","1","0","0"
"SER02877","Little Mosque on the Prairie","2007","7+","5.6","NA","0","1","0","0"
"SER02878","Curiosity","2011","16+","7.8","NA","0","1","1","0"
"SER02879","Who Wants to Be a Millionaire","2020","16+","6.1","NA","0","1","0","0"
"SER02880","Anyone But Me","2009","16+","7.1","NA","0","1","1","0"
"SER02881","Life and Death Row","2014","NA","8.3","NA","0","1","0","0"
"SER02882","Matador","2014","16+","5.7","0.67","0","1","0","0"
"SER02883","Threesome","2011","18+","7.6","NA","0","1","0","0"
"SER02884","Kung Fu Panda: Legends of Awesomeness","2011","7+","6.1","NA","0","1","0","0"
"SER02885","Undefeated Bahamut Chronicle","2016","NA","6.5","NA","0","1","0","0"
"SER02886","Conviction","2006","16+","7","NA","0","1","0","0"
"SER02887","High School USA!","2013","18+","6.4","0.44","0","1","0","0"
"SER02888","Cults and Extreme Belief","2018","16+","7.7","NA","0","1","0","0"
"SER02889","NASA's Unexplained Files","2012","all","6.7","NA","0","1","0","0"
"SER02890","Sister Wives","2010","16+","4.3","NA","0","1","0","0"
"SER02891","Hunderby","2012","16+","7.4","NA","0","1","0","0"
"SER02892","Australia's Next Top Model","2005","NA","6","NA","0","1","0","0"
"SER02893","Nanny and the Professor","1970","NA","7.1","NA","0","1","0","0"
"SER02894","I Am Jazz","2015","7+","4.1","NA","0","1","0","0"
"SER02895","Below the Surface","2017","NA","7.2","NA","0","1","0","0"
"SER02896","Rica, Famosa, Latina","2014","NA","5.5","NA","0","1","0","0"
"SER02897","StarTalk with Neil deGrasse Tyson","2015","all","7.8","NA","0","1","1","0"
"SER02898","Total Wipeout","2009","NA","6","NA","0","1","1","0"
"SER02899","Breaking Amish","2012","NA","5","NA","0","1","0","0"
"SER02900","Flying Witch","2016","all","7.2","NA","0","1","0","0"
"SER02901","Flea Market Flip","2012","all","6.6","NA","0","1","0","0"
"SER02902","No Activity","2015","18+","7.9","NA","0","1","0","0"
"SER02903","I Spy","1965","NA","7.1","NA","0","1","0","0"
"SER02904","You Bet Your Life","1947","NA","8.4","NA","0","1","0","0"
"SER02905","The First 48 Presents: Homicide Squad Atlanta","2019","16+","8.5","NA","0","1","1","0"
"SER02906","The Hotwives of Orlando","2014","16+","7.4","0.85","0","1","0","0"
"SER02907","Bleak House","1985","NA","7.4","NA","0","1","1","0"
"SER02908","T.U.F.F. Puppy","2010","7+","5.6","NA","0","1","0","0"
"SER02909","Sherman's Showcase","2019","18+","5.4","1","0","1","0","0"
"SER02910","Wild Things with Dominic Monaghan","2013","16+","8.4","NA","0","1","0","0"
"SER02911","The Gong Show","1976","7+","7","NA","0","1","0","0"
"SER02912","The Murder of Laci Peterson","2017","16+","7.4","NA","0","1","0","0"
"SER02913","Casey Anthony: An American Murder Mystery","2017","16+","7.2","NA","0","1","0","0"
"SER02914","Sherlock Holmes","1954","NA","7.7","NA","0","1","0","0"
"SER02915","Cake","2019","18+","6","NA","0","1","0","0"
"SER02916","Murder in the Heartland","2017","16+","7.8","NA","0","1","0","0"
"SER02917","My Strange Addiction","2010","16+","5.7","NA","0","1","0","0"
"SER02918","Food Network Star","2005","7+","6.3","NA","0","1","0","0"
"SER02919","Boy Band","2017","NA","5.2","NA","0","1","0","0"
"SER02920","Dream Corp LLC","2016","16+","7.1","NA","0","1","0","0"
"SER02921","Astroblast!","2014","all","6.7","NA","0","1","0","0"
"SER02922","Here's Lucy","1968","all","6.9","NA","0","1","1","0"
"SER02923","1969","2019","NA","6.9","NA","0","1","0","0"
"SER02924","Celia","2015","NA","8.2","NA","0","1","0","0"
"SER02925","Too Cute","2011","7+","8.5","NA","0","1","0","0"
"SER02926","Holiday Baking Championship","2014","all","7.5","NA","0","1","0","0"
"SER02927","Senryu Girl","2019","7+","7","NA","0","1","0","0"
"SER02928","Flirty Dancing","2019","7+","6.6","1","0","1","0","0"
"SER02929","Hidden Potential","2018","7+","7.3","NA","0","1","0","0"
"SER02930","Our Cartoon President","2018","18+","5.1","NA","0","1","0","0"
"SER02931","Cupcake Wars","2010","all","5.8","NA","0","1","0","0"
"SER02932","Brothers Conflict","2013","16+","6.1","NA","0","1","0","0"
"SER02933","Dancing with the Stars","2005","7+","4.4","NA","0","1","0","0"
"SER02934","Lucas Bros Moving Co","2013","18+","7","NA","0","1","0","0"
"SER02935","Harvey Beaks","2015","7+","7","NA","0","1","0","0"
"SER02936","The Aliens","2016","NA","6","NA","0","1","0","0"
"SER02937","Who The (Bleep) Did I Marry?","2010","7+","6.6","NA","0","1","0","0"
"SER02938","Brave 10","2012","7+","6.6","NA","0","1","0","0"
"SER02939","Mischief of the Gods","2014","16+","7.2","NA","0","1","0","0"
"SER02940","Beautiful Bones: Sakurako’s Investigation","2015","18+","6.9","NA","0","1","0","0"
"SER02941","Nightmare Next Door","2011","16+","7.1","NA","0","1","0","0"
"SER02942","Food Paradise","2007","all","8","NA","0","1","0","0"
"SER02943","The Tesla Files","2018","NA","7.3","NA","0","1","1","0"
"SER02944","The Librarians","2007","NA","6.9","NA","0","1","0","0"
"SER02945","The Ambition of Oda Nobuna","2012","16+","6.5","NA","0","1","0","0"
"SER02946","Dagashi Kashi","2016","16+","6.2","NA","0","1","0","0"
"SER02947","Blade Dance of Elementalers","2014","16+","6.7","NA","0","1","0","0"
"SER02948","Caillou","1998","all","4.1","NA","0","1","1","0"
"SER02949","Caribbean Life","2014","all","6.7","NA","0","1","0","0"
"SER02950","Jodi Arias: An American Murder Mystery","2018","NA","7","NA","0","1","0","0"
"SER02951","Indebted","2020","16+","4.3","0.25","0","1","0","0"
"SER02952","Long Island Medium","2011","7+","4.8","NA","0","1","0","0"
"SER02953","Kino's Journey: The Beautiful World - The Animated Series","2017","18+","7.1","NA","0","1","0","0"
"SER02954","Broken Angel","2013","7+","7.1","NA","0","1","0","0"
"SER02955","Cockroaches","2015","NA","6.2","NA","0","1","0","0"
"SER02956","Victoria's Secret Fashion Show","1999","18+","8.2","NA","0","1","0","0"
"SER02957","Tiny House Hunters","2014","all","6.1","NA","0","1","0","0"
"SER02958","Jeopardy! The Greatest of All Time","2020","7+","8.6","NA","0","1","0","0"
"SER02959","Saved by the Bell: The College Years","1993","7+","6.3","0.09","0","1","0","0"
"SER02960","Law & Order True Crime","2017","16+","7.4","NA","0","1","0","0"
"SER02961","Aoharu x Machinegun","2015","16+","6.6","NA","0","1","0","0"
"SER02962","Miz & Mrs","2018","16+","6.3","NA","0","1","0","0"
"SER02963","Your Worst Nightmare","2014","16+","7","NA","0","1","0","0"
"SER02964","Outbreak Company","2013","16+","7","NA","0","1","0","0"
"SER02965","Psychic Detective Yakumo","2010","16+","6.7","NA","0","1","0","0"
"SER02966","Mythbusters Jr.","2019","7+","6.8","NA","0","1","0","0"
"SER02967","The Real Housewives of Potomac","2016","16+","4.3","NA","0","1","0","0"
"SER02968","The Hunt with John Walsh","2014","16+","7.5","NA","0","1","0","0"
"SER02969","House Hunters Renovation","2012","all","6.4","NA","0","1","0","0"
"SER02970","Neon Joe, Werewolf Hunter","2015","16+","7.2","NA","0","1","0","0"
"SER02971","Filthy Rich","2016","NA","7.2","NA","0","1","0","0"
"SER02972","Sanjay and Craig","2013","7+","4.4","NA","0","1","0","0"
"SER02973","I Love New York","2007","16+","4.5","NA","0","1","0","0"
"SER02974","Nabari no Ou","2008","16+","6.5","NA","0","1","0","0"
"SER02975","Mr. D","2012","NA","6.5","NA","0","1","0","0"
"SER02976","<U+604B><U+3068><U+9078><U+6319><U+3068><U+30C1><U+30E7><U+30B3><U+30EC><U+30FC><U+30C8>","2012","18+","7.2","NA","0","1","0","0"
"SER02977","School of Rock","2016","all","4.3","NA","0","1","0","0"
"SER02978","Living With Fran","2005","NA","5.8","NA","0","1","0","0"
"SER02979","The Loop","2006","16+","7.4","NA","0","1","0","0"
"SER02980","Uta no Prince-sama","2011","NA","6.5","NA","0","1","0","0"
"SER02981","WITS Academy","2015","all","5.7","NA","0","1","0","0"
"SER02982","The Munsters Today","1988","NA","5.3","NA","0","1","0","0"
"SER02983","Holly Hobbie","2018","7+","6.4","NA","0","1","0","0"
"SER02984","I Am Cait","2015","16+","3.5","0.86","0","1","0","0"
"SER02985","Basketball Wives LA","2011","7+","4.2","NA","0","1","0","0"
"SER02986","The New Detectives","1996","7+","7.6","NA","0","1","0","0"
"SER02987","Cash Cab","2008","NA","7.3","NA","0","1","0","0"
"SER02988","Marrying Millions","2019","NA","5.7","NA","0","1","0","0"
"SER02989","To Tell the Truth","2016","NA","6.4","NA","0","1","0","0"
"SER02990","Property Virgins","2007","all","6.9","NA","0","1","0","0"
"SER02991","Negima!","2005","7+","6.1","NA","0","1","0","0"
"SER02992","Match Game","1973","16+","6","NA","0","1","1","0"
"SER02993","Gap Year","2017","NA","7","NA","0","1","0","0"
"SER02994","Love Connection","2017","NA","NA","NA","0","1","0","0"
"SER02995","Wasted","2016","NA","7.4","NA","0","1","0","0"
"SER02996","The Other Guy","2017","18+","6.8","NA","0","1","0","0"
"SER02997","Snake City","2014","NA","8.6","NA","0","1","0","0"
"SER02998","Make It Pop","2015","all","4.9","NA","0","1","0","0"
"SER02999","Next Great Baker","2010","16+","5.9","NA","0","1","0","0"
"SER03000","A Little Late with Lilly Singh","2019","16+","1.7","0.9","0","1","0","0"
"SER03001","Card Captor Sakura: Clear Card","2018","NA","7.9","NA","0","1","0","0"
"SER03002","I Love Jenni","2011","7+","8.1","NA","0","1","0","0"
"SER03003","Sex Sent Me to the ER","2013","18+","5.4","NA","0","1","1","0"
"SER03004","Shark Week","1987","16+","8.1","NA","0","1","0","0"
"SER03005","Tenchi Muyô! GXP","2002","7+","7.1","NA","0","1","0","0"
"SER03006","Man Up!","2011","7+","6.6","0.21","0","1","0","0"
"SER03007","My Dead Ex","2018","NA","7.1","NA","0","1","0","0"
"SER03008","Juana la virgen","2002","NA","5.9","NA","0","1","0","0"
"SER03009","Ready, Steady, Wiggle!","2013","all","8.4","NA","0","1","0","0"
"SER03010","The $100,000 Pyramid","2016","16+","6.2","NA","0","1","0","0"
"SER03011","Gordon Ramsay's Home Cooking","2013","NA","8.5","NA","0","1","0","0"
"SER03012","Napoleon Dynamite","2012","7+","6.4","0.25","0","1","0","0"
"SER03013","Kaleido Star","2003","16+","7.7","NA","0","1","0","0"
"SER03014","Soul Eater Not!","2014","16+","5.7","NA","0","1","0","0"
"SER03015","Part of Me","2014","16+","8.6","NA","0","1","0","0"
"SER03016","Samurai Harem","2009","18+","5.9","NA","0","1","0","0"
"SER03017","Tarzán","1991","NA","6","NA","0","1","0","0"
"SER03018","Blade and Soul","2014","18+","6","NA","0","1","0","0"
"SER03019","Late Night with Seth Meyers","2014","16+","6.1","NA","0","1","0","0"
"SER03020","Paradise Run","2016","all","6","NA","0","1","0","0"
"SER03021","Rock of Love with Bret Michaels","2007","18+","4.8","NA","0","1","0","0"
"SER03022","Siblings","2014","NA","7.1","NA","0","1","0","0"
"SER03023","Safe Harbor","1999","NA","7.3","0.83","0","1","0","0"
"SER03024","Destiny","2014","NA","9.6","NA","0","1","0","0"
"SER03025","Alguien Te Mira","2010","7+","7.4","NA","0","1","0","0"
"SER03026","The Millionaire Matchmaker","2008","7+","4.6","NA","0","1","0","0"
"SER03027","Gugure! Kokkuri-san","2014","NA","7.4","NA","0","1","0","0"
"SER03028","Scorned: Love Kills","2012","16+","6.8","NA","0","1","1","0"
"SER03029","Sunnyside","2019","NA","4.9","0.38","0","1","0","0"
"SER03030","Bloque de Búsqueda","2016","NA","7.8","NA","0","1","0","0"
"SER03031","Pinky, Elmyra & the Brain","1998","NA","5.8","NA","0","1","0","0"
"SER03032","Britain's Best Home Cook","2018","NA","7.8","NA","0","1","0","0"
"SER03033","Aquarion","2005","18+","6.6","NA","0","1","0","0"
"SER03034","Til Death Do Us Part","2019","NA","6.6","NA","0","1","0","0"
"SER03035","Children of the Snow","2019","16+","7.3","NA","0","1","0","0"
"SER03036","Major Lazer","2015","18+","7.5","NA","0","1","0","0"
"SER03037","The Adventures of Paddington Bear","1997","all","7.1","NA","0","1","0","0"
"SER03038","Miles from Tomorrowland","2015","all","6.7","NA","0","1","0","0"
"SER03039","The Killer Speaks","2013","16+","7.4","NA","0","1","0","0"
"SER03040","Flavor of Love","2006","16+","4.5","NA","0","1","0","0"
"SER03041","The Tower of Druaga: The Aegis of Uruk","2008","7+","6.8","NA","0","1","0","0"
"SER03042","Fresh Off the Boat","2012","16+","7.9","NA","0","1","0","0"
"SER03043","Basilisk","2005","18+","4.6","NA","0","1","0","0"
"SER03044","Stars Align","2019","16+","7","NA","0","1","0","0"
"SER03045","American Gladiators","2008","NA","5.6","NA","0","1","0","0"
"SER03046","Bridezillas","2004","16+","3.9","NA","0","1","0","0"
"SER03047","The Chew","2011","7+","5.2","NA","0","1","0","0"
"SER03048","The History of Comedy","2017","18+","7.8","NA","0","1","0","0"
"SER03049","Metástasis","2014","16+","2.5","NA","0","1","0","0"
"SER03050","The Awesomes","2013","16+","7.3","NA","0","1","0","0"
"SER03051","Cake Wars","2015","all","6.1","NA","0","1","0","0"
"SER03052","Sheriff Callie's Wild West","2013","all","6.4","NA","0","1","0","1"
"SER03053","Nutri Ventures – The Quest for the 7 Kingdoms","2013","all","7.3","NA","0","1","0","0"
"SER03054","Endlings","2020","NA","4.1","NA","0","1","0","0"
"SER03055","The Riveras","2016","7+","6.9","NA","0","1","0","0"
"SER03056","Beat Shazam","2017","16+","6.1","NA","0","1","0","0"
"SER03057","Wicked Tuna: Outer Banks","2014","16+","6.5","NA","0","1","0","0"
"SER03058","Fugget About It","2012","18+","5.8","NA","0","1","0","0"
"SER03059","Side Effects","2013","NA","7.4","NA","0","1","0","0"
"SER03060","Property Brothers: Buying and Selling","2012","all","7.1","NA","0","1","0","0"
"SER03061","The High Fructose Adventures of Annoying Orange","2012","7+","2","NA","0","1","1","0"
"SER03062",".hack","2002","7+","6.9","0.18","0","1","0","0"
"SER03063","Toopy and Binoo","2005","all","6.8","NA","0","1","0","0"
"SER03064","Guidance","2015","7+","5.7","NA","0","1","0","0"
"SER03065","The Menendez Murders: Erik Tells All","2017","NA","7.5","NA","0","1","0","0"
"SER03066","Chopped Junior","2015","NA","6.6","NA","0","1","0","0"
"SER03067","Max Steel","2000","7+","6.2","NA","0","1","0","0"
"SER03068","Demon Lord, Retry!","2019","16+","6.6","NA","0","1","0","0"
"SER03069","Tarzan: The Epic Adventures","1996","NA","6.6","NA","0","1","0","0"
"SER03070","Stacked","2005","7+","6","NA","0","1","0","0"
"SER03071","The Cisco Kid","1950","NA","7.3","NA","0","1","0","0"
"SER03072","Special A","2008","16+","7.3","NA","0","1","1","0"
"SER03073","Beachfront Bargain Hunt","2013","all","6.7","NA","0","1","0","0"
"SER03074","60 Days In: Narcoland","2019","16+","5.1","NA","0","1","0","0"
"SER03075","Uncle Grandpa","2013","7+","4.2","NA","0","1","0","0"
"SER03076","David Copperfield","1966","all","7.3","NA","0","1","1","0"
"SER03077","Azur Lane","2019","16+","5.7","NA","0","1","0","0"
"SER03078","Crimes of the Century","2013","NA","7.2","NA","0","1","0","0"
"SER03079","The Kennedys","2015","7+","7.2","NA","0","1","0","0"
"SER03080","Kids Behind Bars: Life or Parole","2019","NA","6.8","NA","0","1","1","0"
"SER03081","Spartan: Ultimate Team Challenge","2016","7+","5.7","NA","0","1","0","0"
"SER03082","VICE Investigates","2019","18+","6.2","NA","0","1","0","0"
"SER03083","Swiss Family Robinson","1974","7+","7","NA","0","1","1","0"
"SER03084","Hayate the Combat Butler","2007","NA","6.9","NA","0","1","0","0"
"SER03085","Four Weddings","2009","7+","5.4","NA","0","1","0","0"
"SER03086","Special 7: Special Crime Investigation Unit","2019","NA","6.3","NA","0","1","0","0"
"SER03087","Extreme Homes","2012","all","7","NA","0","1","0","0"
"SER03088","El Mariachi","2014","NA","8","NA","0","1","0","0"
"SER03089","What on Earth?","2015","7+","5.8","NA","0","1","0","0"
"SER03090","The Real Housewives of Miami","2011","16+","2.9","NA","0","1","0","0"
"SER03091","Fujiko","2015","NA","9","NA","0","1","0","0"
"SER03092","Hakumei and Mikochi","2018","16+","7.3","NA","0","1","0","0"
"SER03093","Coppelion","2013","16+","6.1","NA","0","1","0","0"
"SER03094","Flavor of Love Girls: Charm School","2007","NA","5.8","NA","0","1","0","0"
"SER03095","WWE Main Event","2012","7+","6.5","NA","0","1","0","0"
"SER03096","Hello Kitty's Furry Tale Theater","1987","all","6.2","NA","0","1","0","0"
"SER03097","I Couldn't Become a Hero, So I Reluctantly Decided to Get a Job.","2013","18+","6.4","NA","0","1","0","0"
"SER03098","Dead Boss","2012","NA","6.6","NA","0","1","0","0"
"SER03099","Sydney Sailboat","2015","NA","7.9","NA","0","1","0","0"
"SER03100","Veni Vidi Vici","2017","18+","5.9","NA","0","1","0","0"
"SER03101","Dies Irae","2017","18+","5.4","NA","0","1","0","0"
"SER03102","1990s: The Deadliest Decade","2018","16+","7.9","NA","0","1","0","0"
"SER03103","Afterlost","2019","NA","5.5","NA","0","1","0","0"
"SER03104","Survival School","2008","NA","7","NA","0","1","0","0"
"SER03105","Toddlers & Tiaras","2009","7+","1.8","NA","0","1","1","0"
"SER03106","The Golden State Killer: It's Not Over","2018","16+","6.9","NA","0","1","0","0"
"SER03107","Golan, The Insatiable","2013","16+","6.8","NA","0","1","0","0"
"SER03108","Kidô senshi Gandamu: The Origin I - Aoi hitomi no kyasubaru","2015","NA","7.5","NA","0","1","0","0"
"SER03109","Divorce Court","1999","NA","4.1","NA","0","1","0","0"
"SER03110","Hitler's Last Stand","2018","16+","NA","NA","0","1","0","0"
"SER03111","Mental Samurai","2019","7+","6.1","NA","0","1","0","0"
"SER03112","Chio's School Road","2018","NA","7.3","NA","0","1","0","0"
"SER03113","The Furchester Hotel","2014","all","6.8","NA","0","1","0","0"
"SER03114","Stone Quackers","2014","NA","6.7","NA","0","1","0","0"
"SER03115","Garo: The Animation","2014","all","6.7","NA","0","1","0","0"
"SER03116","Mrs. Piggle-Wiggle","1994","all","6.7","NA","0","1","0","0"
"SER03117","Pinky Dinky Doo","2006","all","6.3","NA","0","1","0","0"
"SER03118","Sea Rescue","2012","all","8.8","NA","0","1","1","0"
"SER03119","Nightcap","2016","7+","4.9","NA","0","1","0","0"
"SER03120","Abandoned","2012","NA","NA","NA","0","1","0","0"
"SER03121","Spoilers","2012","NA","6.8","NA","0","1","0","0"
"SER03122","Henry Hugglemonster","2013","all","5.2","NA","0","1","0","1"
"SER03123","Love Thy Neighbor","2013","7+","4.2","NA","0","1","0","0"
"SER03124","Love Daily","2018","NA","6.7","NA","0","1","0","0"
"SER03125","Mighty Magiswords","2015","7+","4.9","NA","0","1","0","0"
"SER03126","Hang Ups","2018","NA","6.3","NA","0","1","0","0"
"SER03127","Urara Meirocho","2017","16+","7.3","NA","0","1","0","0"
"SER03128","Mad Mad House","2004","NA","7.2","NA","0","1","0","0"
"SER03129","Ruff-Ruff, Tweet and Dave","2015","all","7.6","NA","0","1","0","0"
"SER03130","Inside the NFL","1977","7+","6.9","NA","0","1","0","0"
"SER03131","Girls Beyond the Wasteland","2016","NA","5.2","NA","0","1","0","0"
"SER03132","Biography: The Trump Dynasty","2019","16+","6.9","NA","0","1","0","0"
"SER03133","Special Forces","2012","NA","9","NA","0","1","0","0"
"SER03134","Forged in Fire: Knife or Death","2018","NA","6.1","NA","0","1","0","0"
"SER03135","All Night","2018","NA","5.6","NA","0","1","0","0"
"SER03136","The Return","2013","16+","7.3","NA","0","1","0","0"
"SER03137","Bajo el Mismo Cielo","2015","16+","7.9","NA","0","1","0","0"
"SER03138","Chandra Levy: An American Murder Mystery","2017","16+","6.3","NA","0","1","0","0"
"SER03139","NY-LON","2004","18+","7.5","NA","0","1","0","0"
"SER03140","Dama y Obrero","2013","NA","7.7","NA","0","1","0","0"
"SER03141","Infinite Dendrogram","2020","16+","6.5","NA","0","1","0","0"
"SER03142","Sorcerous Stabber Orphen","2020","16+","6.5","NA","0","1","0","0"
"SER03143","Behind the Mask","2013","NA","7.2","NA","0","1","0","0"
"SER03144","Breadwinners","2005","7+","2.4","NA","0","1","0","0"
"SER03145","My Super Sweet 16","2005","7+","1.8","NA","0","1","0","0"
"SER03146","The Proposal","2018","NA","1.8","NA","0","1","0","0"
"SER03147","To Catch a Smuggler","2012","7+","6.8","NA","0","1","0","0"
"SER03148","Pamela Smart: An American Murder Mystery","2018","16+","6.6","NA","0","1","0","0"
"SER03149","Murder on the Internet","2017","NA","7.2","NA","0","1","1","0"
"SER03150","Zou","2012","NA","7.1","NA","0","1","0","0"
"SER03151","Get Ace","2014","all","8.3","NA","0","1","0","0"
"SER03152","Barefoot Contessa: Back to Basics","2002","all","7.4","NA","0","1","0","0"
"SER03153","How The Earth Works","2013","NA","7.2","NA","0","1","0","0"
"SER03154","BEM","2019","NA","5.9","NA","0","1","0","0"
"SER03155","Dead By Dawn","2019","NA","7","NA","0","1","0","0"
"SER03156","The Case That Haunts Me","2018","16+","7.5","NA","0","1","0","0"
"SER03157","Kojak","2005","NA","5.4","0.33","0","1","0","0"
"SER03158","Jamie's Quick & Easy Food","2017","NA","8.4","NA","0","1","0","0"
"SER03159","Meet the Press","1947","all","5.5","NA","0","1","0","0"
"SER03160","Cruel Love","2010","7+","6.6","NA","0","1","0","0"
"SER03161","Gigantor","1963","7+","6.9","NA","0","1","0","0"
"SER03162","The Boonies","2016","NA","7","NA","0","1","0","0"
"SER03163","Charlie Rose","1991","all","7.5","NA","0","1","0","0"
"SER03164","Mickey's 90th Spectacular","2018","7+","7","NA","0","1","0","0"
"SER03165","Wiggle, Wiggle, Wiggle","2018","all","6.2","NA","0","1","0","0"
"SER03166","Wives with Knives","2012","16+","6.6","NA","0","1","0","0"
"SER03167","Big Block SingSong","2012","all","NA","NA","0","1","0","0"
"SER03168","Dreamland","2014","NA","4.7","NA","0","1","0","0"
"SER03169","Kendra on Top","2012","7+","3.8","NA","0","1","0","0"
"SER03170","Beach Hunters","2016","NA","4.6","NA","0","1","0","0"
"SER03171","The Powerpuff Girls","2016","7+","3.6","NA","0","1","0","0"
"SER03172","Home Free","2015","all","7","NA","0","1","0","0"
"SER03173","The Dating Guy","2009","18+","3.4","NA","0","1","0","0"
"SER03174","Mix: Meisei Story","2019","7+","7.3","NA","0","1","0","0"
"SER03175","Daisy of Love","2009","16+","4.5","NA","0","1","0","0"
"SER03176","After School Dice Club","2019","16+","6.5","NA","0","1","0","0"
"SER03177","The Young Turks","2005","16+","5.5","NA","0","1","1","0"
"SER03178","Hungry Henry","2014","NA","9.5","NA","0","1","0","0"
"SER03179","A3! Season Spring & Summer","2020","16+","5.6","NA","0","1","0","0"
"SER03180","The Interrogation Room","2018","16+","7.7","NA","0","1","0","0"
"SER03181","Planet Sheen","2010","7+","3","NA","0","1","0","0"
"SER03182","Good Morning America","1975","all","4.6","NA","0","1","0","0"
"SER03183","What Just Happened??! with Fred Savage","2019","16+","4.2","0.67","0","1","0","0"
"SER03184","ABC World News","1978","NA","5.8","NA","0","1","0","0"
"SER03185","Twisted Sisters","2018","16+","6.4","NA","0","1","0","0"
"SER03186","Phenoms","2018","7+","7.3","NA","0","1","0","0"
"SER03187","The Last Days of Phil Hartman","2019","NA","7.8","NA","0","1","0","0"
"SER03188","ClassicaLoid","2016","16+","6.4","NA","0","1","0","0"
"SER03189","Runaways","2012","16+","7.8","NA","0","1","0","0"
"SER03190","Many Sides of Jane","2019","NA","5.6","NA","0","1","0","0"
"SER03191","Cooks vs. Cons","2016","7+","5.2","NA","0","1","0","0"
"SER03192","Smile at the Runway","2020","16+","7","NA","0","1","0","0"
"SER03193","Gensomaden Saiyuki","2000","16+","7.4","NA","0","1","0","0"
"SER03194","Black Market: Dispatches","2016","18+","7.8","NA","0","1","0","0"
"SER03195","WTF Baron Davis","2019","18+","7.5","NA","0","1","0","0"
"SER03196","Container Homes","2016","NA","6.5","NA","0","1","0","0"
"SER03197","Kourtney & Khloé Take the Hamptons","2014","16+","3.6","NA","0","1","0","0"
"SER03198","Holiday Magic","2017","NA","7","NA","0","1","0","1"
"SER03199","Truth & Iliza","2017","7+","5.3","NA","0","1","0","0"
"SER03200","Blood Runs Cold","2018","16+","7.3","NA","0","1","0","0"
"SER03201","Place to Place","2012","7+","6.6","NA","0","1","0","0"
"SER03202","To LOVE<U+308B> -<U+3068><U+3089><U+3076><U+308B>- <U+30C0><U+30FC><U+30AF><U+30CD><U+30B9>2nd","2012","16+","7.1","NA","0","1","0","0"
"SER03203","L.A. Hair","2012","16+","6.2","NA","0","1","0","0"
"SER03204","My Knight and Me","2016","all","4.4","NA","0","1","0","0"
"SER03205","205 Live","2016","7+","7.1","NA","0","1","0","0"
"SER03206","Steve Harvey's Funderdome","2017","7+","7","NA","0","1","0","0"
"SER03207","Nightwatch Nation","2018","16+","NA","NA","0","1","0","0"
"SER03208","Nightline","1980","7+","5.6","NA","0","1","0","0"
"SER03209","Life of Kylie","2017","16+","3.5","NA","0","1","0","0"
"SER03210","Showtime at the Apollo","1987","NA","5.5","NA","0","1","0","0"
"SER03211","Mother Up!","2013","16+","4.5","NA","0","1","0","0"
"SER03212","Nostradamus Effect","2009","NA","5.1","NA","0","1","0","0"
"SER03213","American Scandals","2015","NA","8.4","NA","0","1","0","0"
"SER03214","Eva La Trailera","2017","16+","7.2","NA","0","1","0","0"
"SER03215","Jim Henson Presents Mother Goose Stories","1990","all","7.8","NA","0","1","0","0"
"SER03216","American Greed: The Fugitives","2012","NA","8","NA","0","1","0","0"
"SER03217","Man Finds Food","2015","7+","7.4","NA","0","1","0","0"
"SER03218","Ancient Top 10","2016","16+","7.7","NA","0","1","0","0"
"SER03219","The Great Christmas Light Fight","2013","all","6.3","NA","0","1","0","0"
"SER03220","Kids Say the Darndest Things","2019","7+","3.1","NA","0","1","0","0"
"SER03221","The Show Must Go On: The Queen + Adam Lambert Story","2019","NA","8.5","NA","0","1","0","0"
"SER03222","Alien Encounters","2012","7+","6.2","NA","0","1","0","0"
"SER03223","Close Up with The Hollywood Reporter","2015","16+","6.9","NA","0","1","0","0"
"SER03224","Ellen's Greatest Night of Giveaways","2019","7+","6.3","NA","0","1","0","0"
"SER03225","Open Door","2019","NA","6","NA","0","1","0","0"
"SER03226","Star Wars Galaxy's Edge: Adventure Awaits","2019","NA","6.3","NA","0","1","0","0"
"SER03227","Larry King Now","2013","NA","5.6","NA","0","1","0","0"
"SER03228","Bloomberg Game Changers","2010","NA","7.8","NA","0","1","0","0"
"SER03229","WWE Superstars","2009","7+","5.8","NA","0","1","0","0"
"SER03230","Ranger Rob","2016","all","6.2","NA","0","1","0","0"
"SER03231","Psychic Investigators","2006","7+","7.2","NA","0","1","1","0"
"SER03232","Where is Elisa?","2010","NA","7.3","NA","0","1","0","0"
"SER03233","Home Town","2017","NA","NA","NA","0","1","0","0"
"SER03234","Iconic Characters","2018","NA","7","NA","0","1","1","0"
"SER03235","Zorro the Chronicles","2015","all","6.9","NA","0","1","0","0"
"SER03236","New York Goes to Work","2009","NA","4.9","NA","0","1","1","0"
"SER03237","Finding Escobar's Millions","2017","16+","3.9","NA","0","1","0","0"
"SER03238","Cultureshock","2018","16+","6.5","NA","0","1","0","0"
"SER03239","Outsmarted","2017","NA","7.9","NA","0","1","1","0"
"SER03240","The Paynes","2018","NA","4.5","NA","0","1","0","0"
"SER03241","Behind Closed Doors","2011","NA","7.1","NA","0","1","0","0"
"SER03242","Chloe's Closet","2010","all","6.7","NA","0","1","1","0"
"SER03243","Natalie Wood: An American Murder Mystery","2018","16+","6.4","NA","0","1","0","0"
"SER03244","Rin-ne","2015","16+","6.6","NA","0","1","0","0"
"SER03245","Dead Again","2014","NA","7.2","NA","0","1","0","0"
"SER03246","The Untold Story","2019","16+","7.2","NA","0","1","0","0"
"SER03247","Puppy Bowl","2005","all","NA","NA","0","1","0","0"
"SER03248","Woman","2016","18+","7.2","NA","0","1","0","0"
"SER03249","Los Caballeros Las Prefieren Brutas","2011","NA","NA","NA","0","1","0","0"
"SER03250","The Wildlife Docs","2013","all","8.5","NA","0","1","0","0"
"SER03251","Dot.","2016","all","6.8","NA","0","1","0","0"
"SER03252","A Day in the Life","2011","NA","5.7","NA","0","1","0","0"
"SER03253","Out There with Jack Randall","2019","NA","6.9","NA","0","1","0","1"
"SER03254","Fox News Sunday","1996","NA","4.3","NA","0","1","0","0"
"SER03255","Making a Model with Yolanda Hadid","2018","NA","6.5","NA","0","1","0","0"
"SER03256","The Burger Show","2018","NA","7.2","NA","0","1","0","0"
"SER03257","En La Boca Del Lobo","2014","NA","NA","NA","0","1","0","0"
"SER03258","Terrific Trucks","2016","all","5.6","NA","0","1","0","0"
"SER03259","Bakers vs. Fakers","2016","all","6.5","NA","0","1","0","0"
"SER03260","Chiquis N'Control","2012","NA","7.4","NA","0","1","0","0"
"SER03261","CNBC Originals","2003","16+","NA","NA","0","1","0","0"
"SER03262","LA Story","2014","16+","6.4","NA","0","1","0","0"
"SER03263","Tengo Talento, Mucho Talento","2012","NA","NA","NA","0","1","0","0"
"SER03264","Last Call with Carson Daly","2002","16+","2.9","NA","0","1","0","0"
"SER03265","Vets Saving Pets","2018","NA","NA","NA","0","1","0","0"
"SER03266","The View","1997","16+","2.6","NA","0","1","0","0"
"SER03267","Tree Fu Tom","2012","all","5.2","NA","0","1","0","0"
"SER03268","Nerds and Monsters","2014","NA","5.3","NA","0","1","0","0"
"SER03269","This Week","1981","7+","5.5","NA","0","1","0","0"
"SER03270","Deadly Wives","2013","NA","8.2","NA","0","1","0","0"
"SER03271","Hot Package","2012","18+","6.6","NA","0","1","0","0"
"SER03272","RocketJump: The Show","2015","16+","7.2","NA","0","1","0","0"
"SER03273","Fill in the Prank","2017","NA","6.2","NA","0","1","0","0"
"SER03274","Glam Masters","2018","NA","4.6","NA","0","1","0","0"
"SER03275","A New Leaf","2019","NA","3.1","NA","0","1","0","0"
"SER03276","Spin the Wheel","2019","NA","4.8","NA","0","1","0","0"
"SER03277","The Bravest Knight","2019","NA","5.5","NA","0","1","0","0"
"SER03278","Born Behind Bars","2017","NA","8.4","NA","0","1","0","0"
"SER03279","Bobby Flay's Barbecue Addiction","2011","7+","6.4","NA","0","1","0","0"
"SER03280","The Family Chantel","2019","NA","2.9","NA","0","1","0","0"
"SER03281","Divided States","2018","16+","6","NA","0","1","0","0"
"SER03282","Malyshariki","2015","NA","7.1","NA","0","1","0","0"
"SER03283","Grey's Anatomy: B-Team","2018","NA","NA","NA","0","1","0","0"
"SER03284","Ladylike","2016","NA","5.9","NA","0","1","1","0"
"SER03285","Utawarerumono: The False Faces","2015","16+","6.5","NA","0","1","0","0"
"SER03286","Cold Hearted","2018","16+","6.8","NA","0","1","0","0"
"SER03287","O.J. Simpson: The Lost Confession?","2018","NA","6.6","NA","0","1","0","0"
"SER03288","THE REFLECTION","2017","18+","5.9","NA","0","1","0","0"
"SER03289","Flophouse","2016","16+","5.2","NA","0","1","0","0"
"SER03290","Joe and Jack","2012","all","4.9","NA","0","1","0","0"
"SER03291","America's Cutest","2009","7+","7.2","NA","0","1","0","0"
"SER03292","Noches con Platanito","2013","NA","5.4","NA","0","1","0","0"
"SER03293","Underworld, Inc.","2015","7+","2.1","NA","0","1","0","0"
"SER03294","Earth Odyssey with Dylan Dreyer","2019","NA","6.9","NA","0","1","0","0"
"SER03295","UFC Unleashed","2007","NA","7.8","NA","0","1","0","0"
"SER03296","Rudy Maxas World","2008","all","8","NA","0","1","1","0"
"SER03297","Egg Birds","2014","NA","NA","NA","0","1","0","0"
"SER03298","Jammers","2011","NA","NA","NA","0","1","0","0"
"SER03299","Crime Inc.","2010","NA","6.5","NA","0","1","1","0"
"SER03300","When Sharks Attack","2013","NA","7","NA","0","1","0","0"
"SER03301","Chiro and Friends","2007","NA","7.6","NA","0","1","0","0"
"SER03302","Doozers","2014","all","6.3","NA","0","1","0","0"
"SER03303","Tulli","2011","NA","6.1","NA","0","1","0","0"
"SER03304","Activate: The Global Citizen Movement","2019","NA","4.9","NA","0","1","0","0"
"SER03305","Supernoobs","2015","7+","3.5","NA","0","1","0","0"
"SER03306","CNBC Titans","2010","all","8.2","NA","0","1","0","0"
"SER03307","LittleBabyBum","2011","NA","9","NA","0","1","0","0"
"SER03308","Four of a Kind","2011","NA","5.2","NA","0","1","0","0"
"SER03309","How It Works","2007","all","8","NA","0","1","0","0"
"SER03310","AwesomenessTV","2013","7+","2.4","NA","0","1","0","0"
"SER03311","UFC Fight Flashback","2014","NA","8.8","NA","0","1","0","0"
"SER03312","WWE En Español","2012","7+","8.1","NA","0","1","0","0"
"SER03313","Atelier Escha & Logy : Alchemists of the Dusk Sky","2014","16+","5.9","NA","0","1","0","0"
"SER03314","Tiny Beats","2013","NA","NA","NA","0","1","0","0"
"SER03315","Consumer 101","2018","all","4","NA","0","1","0","0"
"SER03316","Sneaker Shopping","2014","NA","7.7","NA","0","1","0","0"
"SER03317","Dish Nation","2011","7+","4.2","NA","0","1","0","0"
"SER03318","UFO Conspiracies","2014","NA","NA","NA","0","1","0","0"
"SER03319","The Crowned Goddess","2015","7+","7.2","NA","0","1","0","0"
"SER03320","Los Cowboys","2015","NA","8.6","NA","0","1","0","0"
"SER03321","Counting On","2015","NA","NA","NA","0","1","0","0"
"SER03322","Paint Me a Story","2014","NA","NA","NA","0","1","0","0"
"SER03323","Countdown to UFC","2010","NA","8.3","NA","0","1","0","0"
"SER03324","Day of Gluttony","2014","NA","8.3","NA","0","1","0","0"
"SER03325","Night Guard","2015","18+","7.7","NA","0","1","0","0"
"SER03326","El Sexo Débil","2015","NA","NA","NA","0","1","0","0"
"SER03327","Redacted Tonight","2014","NA","7.7","NA","0","1","0","0"
"SER03328","Pressure Cook","2007","NA","7.3","NA","0","1","0","0"
"SER03329","The Little Rascals Classics","1931","NA","NA","NA","0","1","0","0"
"SER03330","Sean in the Wild","2017","NA","7.4","NA","0","1","0","0"
"SER03331","Hot Gay Comics","2008","NA","4.3","NA","0","1","0","0"
"SER03332","ABC News Specials","2010","NA","6","NA","0","1","0","0"
"SER03333","Fields of Glory","2004","NA","5.8","NA","0","1","0","0"
"SER03334","Pasión de Gavilanes","2003","NA","NA","NA","0","1","0","0"
"SER03335","Vegimer","2015","NA","NA","NA","0","1","0","0"
"SER03336","My Lottery Dream Home","2014","NA","NA","NA","0","1","0","0"
"SER03337","Package Deal","2013","NA","3.2","NA","0","1","0","0"
"SER03338","El Negocio","2014","NA","NA","NA","0","1","0","0"
"SER03339","The Happy Days of Garry Marshall","2020","NA","NA","NA","0","1","0","0"
"SER03340","HobbyKids Adventures","2019","NA","3","NA","0","1","0","0"
"SER03341","Oliver Discovers","2014","NA","NA","NA","0","1","0","0"
"SER03342","Songs & Rhymes","2012","NA","NA","NA","0","1","0","0"
"SER03343","Crafty Rafty","2014","NA","NA","NA","0","1","0","0"
"SER03344","Drain the Oceans","2018","NA","NA","NA","0","1","0","0"
"SER03345","Big Bugs Band","2011","NA","6","NA","0","1","0","0"
"SER03346","Savage Kingdom","2016","NA","NA","NA","0","1","0","0"
"SER03347","Zero Punctuation","2014","NA","NA","NA","0","1","0","0"
"SER03348","The Posh Frock Shop","2018","NA","8.1","NA","0","1","0","0"
"SER03349","Dinner with Dad","2017","NA","NA","NA","0","1","0","0"
"SER03350","Kenny & Goorie","2011","NA","NA","NA","0","1","0","0"
"SER03351","Kids Halloween Baking Championship","2016","NA","7","NA","0","1","0","0"
"SER03352","Los Beltrán","1999","NA","NA","NA","0","1","0","0"
"SER03353","Top 30","2017","NA","6.2","NA","0","1","0","0"
"SER03354","Sophie La Girafe","2017","NA","NA","NA","0","1","0","0"
"SER03355","Behind Tasty","2017","NA","NA","NA","0","1","1","0"
"SER03356","Nina's World","2015","NA","NA","NA","0","1","0","0"
"SER03357","TRANsitioning","2017","NA","NA","NA","0","1","0","0"
"SER03358","Pim & Pimba","2011","NA","NA","NA","0","1","0","0"
"SER03359","Page Six TV","2017","7+","4.6","NA","0","1","0","0"
"SER03360","What's New With Hulu","2019","NA","NA","NA","0","1","0","0"
"SER03361","Impact Wrestling","2006","NA","NA","NA","0","1","0","0"
"SER03362","Ultimate Survival WWII","2019","NA","NA","NA","0","1","0","0"
"SER03363","Amar y Temer","2011","NA","NA","NA","0","1","0","0"
"SER03364","Behind the Bar","2011","NA","4.4","NA","0","1","0","0"
"SER03365","Return to Downton Abbey: A Grand Event","2019","NA","NA","NA","0","1","0","0"
"SER03366","Hippa Hey","2011","NA","NA","NA","0","1","0","0"
"SER03367","With All Due Respect","2014","NA","8.2","NA","0","1","0","0"
"SER03368","Lost Treasures of Egypt","2019","NA","NA","NA","0","1","0","1"
"SER03369","NASA 360","2008","all","6.8","NA","0","1","0","0"
"SER03370","10 Essentials","2013","NA","NA","NA","0","1","0","0"
"SER03371","Buried Secrets of WWII","2019","NA","NA","NA","0","1","0","0"
"SER03372","Handcrafted","2017","NA","NA","NA","0","1","1","0"
"SER03373","Lo Que Callamos Las Mujeres","2012","NA","NA","NA","0","1","0","0"
"SER03374","Best of BabyTV","2015","NA","NA","NA","0","1","0","0"
"SER03375","The Alec Baldwin Show","2018","NA","3.3","NA","0","1","0","0"
"SER03376","Tricky Tracks","2012","NA","NA","NA","0","1","0","0"
"SER03377","Strahan & Sara","2019","NA","3.5","NA","0","1","0","0"
"SER03378","Go Eco","2014","NA","NA","NA","0","1","0","0"
"SER03379","Gold Medal Families","2016","18+","NA","NA","0","1","0","0"
"SER03380","Run","2013","NA","NA","NA","0","1","1","0"
"SER03381","Sad Hot Girls","2017","NA","NA","NA","0","1","0","0"
"SER03382","It's Alive with Brad","2018","NA","NA","NA","0","1","1","0"
"SER03383","Grandpa Joe's Magical Playground","2015","NA","NA","NA","0","1","0","0"
"SER03384","Pitch & Potch","2014","NA","NA","NA","0","1","0","0"
"SER03385","Cuddlies","2011","NA","NA","NA","0","1","0","0"
"SER03386","She's Living for This","2012","NA","5.1","NA","0","1","0","0"
"SER03387","Walter and Dude","2012","NA","NA","NA","0","1","0","0"
"SER03388","The Making of Frozen: A Return to Arendelle","2016","NA","6.8","NA","0","1","0","0"
"SER03389","Utano Princesama Revolutions","2015","NA","4.1","NA","0","1","0","0"
"SER03390","Howie Mandel's Animals Doing Things","2018","NA","3.5","NA","0","1","0","0"
"SER03391","Draco","2011","NA","NA","NA","0","1","0","0"
"SER03392","ABC Monsters","2010","all","NA","NA","0","1","0","0"
"SER03393","Bath & Bed","2011","NA","NA","NA","0","1","0","0"
"SER03394","Taraji and Terrence's White Hot Holidays","2015","NA","NA","NA","0","1","0","0"
"SER03395","31 Nights of Halloween Fan Fest","2019","NA","NA","NA","0","1","0","0"
"SER03396","On the Run Eating","2018","7+","NA","NA","0","1","0","0"
"SER03397","Tinder Takeover","2016","NA","NA","NA","0","1","0","0"
"SER03398","Charlie & the Numbers","2011","NA","NA","NA","0","1","0","0"
"SER03399","Gourmet Makes","2018","NA","NA","NA","0","1","1","0"
"SER03400","The Shirley Temple Collection","1960","NA","NA","NA","0","1","0","0"
"SER03401","We Day 2017","2017","NA","5.5","NA","0","1","0","0"
"SER03402","Videofashion! News","2006","NA","5.6","NA","0","1","1","0"
"SER03403","NASA X","2012","NA","NA","NA","0","1","0","0"
"SER03404","Aurora","2010","NA","NA","NA","0","1","0","0"
"SER03405","48 Hours with Kygo","2019","NA","NA","NA","0","1","0","0"
"SER03406","Maya and Yaya","2014","NA","NA","NA","0","1","0","0"
"SER03407","Billy Bam Bam","2011","NA","NA","NA","0","1","0","0"
"SER03408","Scott Peterson: An American Murder Mystery","2017","NA","NA","NA","0","1","0","0"
"SER03409","Play Time","2008","NA","NA","NA","0","1","0","0"
"SER03410","#ThatsHarassment","2018","NA","NA","NA","0","1","1","0"
"SER03411","South Park en Español","1997","NA","NA","NA","0","1","0","0"
"SER03412","2111","2012","NA","NA","NA","0","1","0","0"
"SER03413","Blissful Thinking","2017","NA","NA","NA","0","1","0","0"
"SER03414","Concertino","2011","NA","NA","NA","0","1","0","0"
"SER03415","Epic Conversations","2016","NA","NA","NA","0","1","0","0"
"SER03416","Grey's Anatomy: Post-Op","2017","NA","NA","NA","0","1","0","0"
"SER03417","Politicking with Larry King","2013","NA","NA","NA","0","1","0","0"
"SER03418","Mr. Snail","2014","NA","NA","NA","0","1","0","0"
"SER03419","Paranormal Lockdown UK","2018","NA","NA","NA","0","1","0","0"
"SER03420","pocket.watch JillianTubeHD Ultimate mishmash","2018","NA","NA","NA","0","1","0","0"
"SER03421","5 Levels","2017","NA","NA","NA","0","1","0","0"
"SER03422","Actually Me","2017","NA","NA","NA","0","1","1","0"
"SER03423","Stand Up to Cancer","2008","NA","NA","NA","0","1","0","0"
"SER03424","Time for Bed with Punam Patel","2017","NA","NA","NA","0","1","0","0"
"SER03425","A Murder on Orchard Street","2017","NA","NA","NA","0","1","0","0"
"SER03426","Stone Age The Legendary Pet","2018","NA","NA","NA","0","1","1","0"
"SER03427","Chickenwatch","2018","NA","NA","NA","0","1","1","0"
"SER03428","Drag Me","2020","NA","NA","NA","0","1","0","0"
"SER03429","ABC News Documentaries","2015","NA","NA","NA","0","1","0","0"
"SER03430","ABC News | Features","2016","NA","NA","NA","0","1","0","0"
"SER03431","Earth From Above","2011","NA","NA","NA","0","1","0","0"
"SER03432","pocket.watch Ryan Toys Review Ultimate mishmash","2018","NA","NA","NA","0","1","0","0"
"SER03433","The Adventures of Dr. Buckeye Bottoms","2017","NA","NA","NA","0","1","0","0"
"SER03434","Kids Try","2016","NA","NA","NA","0","1","1","0"
"SER03435","Going Si-ral","2016","NA","NA","NA","0","1","0","0"
"SER03436","Jenni Rivera La Vida de Una Diva","2013","NA","NA","NA","0","1","0","0"
"SER03437","A Brief History","2016","NA","NA","NA","0","1","0","0"
"SER03438","Bondi Harvest","2018","NA","NA","NA","0","1","0","0"
"SER03439","Laughs","2015","NA","NA","NA","0","1","0","0"
"SER03440","Superstructures: Engineering Marvels","2019","NA","NA","NA","0","1","0","0"
"SER03441","Lie Detector Test","2018","NA","NA","NA","0","1","1","0"
"SER03442","Chief Kim","2017","NA","NA","NA","0","1","0","0"
"SER03443","Stick with Mick","2011","NA","NA","NA","0","1","0","0"
"SER03444","Ryan's World Specials presented by pocket.watch","2019","NA","NA","NA","0","1","0","0"
"SER03445","Around The Way","2019","NA","NA","NA","0","1","0","0"
"SER03446","Andy Explores","2019","NA","NA","NA","0","1","0","0"
"SER03447","Canciones infantiles","2012","NA","NA","NA","0","1","0","0"
"SER03448","Asia's Underworld","2012","NA","NA","NA","0","1","1","0"
"SER03449","Hello World","2016","NA","NA","NA","0","1","1","0"
"SER03450","You Sang My Song","2017","NA","NA","NA","0","1","1","0"
"SER03451","Get Sweaty","2016","NA","NA","NA","0","1","0","0"
"SER03452","Thingstarter","2013","NA","NA","NA","0","1","0","0"
"SER03453","Untamed with Filipe DeAndrade","2017","NA","NA","NA","0","1","0","0"
"SER03454","pocket.watch EvanTubeHD mishmash","2018","NA","NA","NA","0","1","0","0"
"SER03455","Homebuddies","2017","NA","NA","NA","0","1","1","0"
"SER03456","BBQuest","2018","NA","NA","NA","0","1","0","0"
"SER03457","Entre Caníbales","2015","NA","NA","NA","0","1","0","0"
"SER03458","Truth and Lies: Watergate","2017","NA","NA","NA","0","1","0","0"
"SER03459","NASA Television Documentaries","2015","NA","NA","NA","0","1","0","0"
"SER03460","Modern Baby","2019","NA","NA","NA","0","1","0","0"
"SER03461","Wilderness Vet","2016","NA","NA","NA","0","1","0","0"
"SER03462","Flip and Flash","2014","NA","NA","NA","0","1","0","0"
"SER03463","In the Giggle Park","2014","NA","NA","NA","0","1","0","0"
"SER03464","Twitter Tech Support","2017","NA","NA","NA","0","1","0","0"
"SER03465","All the Pizza","2016","NA","NA","NA","0","1","1","0"
"SER03466","Tiny Nuts","2014","NA","NA","NA","0","1","0","0"
"SER03467","Triumph","2016","NA","NA","NA","0","1","0","0"
"SER03468","Coming to the Stage","2003","NA","NA","NA","0","1","0","0"
"SER03469","BabyFirst Nursery Songs","2015","NA","NA","NA","0","1","0","0"
"SER03470","Finding the Next","2016","NA","NA","NA","0","1","0","0"
"SER03471","Limomasters (Espanol)","2014","NA","NA","NA","0","1","0","0"
"SER03472","Eating Your Feed","2018","NA","NA","NA","0","1","1","0"
"SER03473","Magnificent Obsessions","2014","NA","NA","NA","0","1","0","0"
"SER03474","Feed Famous","2018","NA","NA","NA","0","1","1","0"
"SER03475","The 76th Annual Golden Globe Awards","2019","NA","NA","NA","0","1","0","0"
"SER03476","Fear Box","2018","NA","NA","NA","0","1","0","0"
"SER03477","Dates (US)","2015","NA","NA","NA","0","1","0","0"
"SER03478","Raw. Vegan. Not Gross.","2013","NA","NA","NA","0","1","0","0"
"SER03479","Pop Trigger","2012","NA","NA","NA","0","1","0","0"
"SER03480","Dessert Games","2017","NA","NA","NA","0","1","0","0"
"SER03481","Derek Does Stuff with a Friend","2016","NA","NA","NA","0","1","0","0"
"SER03482","Caption Contest","2017","NA","NA","NA","0","1","0","0"
"SER03483","Tasty 101","2016","NA","NA","NA","0","1","1","0"
"SER03484","ABC Primetime Nightline","2011","NA","NA","NA","0","1","0","0"
"SER03485","Rosaline","2016","NA","NA","NA","0","1","0","0"
"SER03486","Because of an Earlier Incident","2012","NA","NA","NA","0","1","0","0"
"SER03487","Magic Eye Shark Movie","2013","NA","NA","NA","0","1","0","0"
"SER03488","Celebrity Living","2015","NA","NA","NA","0","1","0","0"
"SER03489","Comedy InvAsian","2018","NA","NA","NA","0","1","0","0"
"SER03490","Election Cycle","2016","NA","NA","NA","0","1","0","0"
"SER03491","Back to Back Chef","2017","NA","NA","NA","0","1","1","0"
"SER03492","24 Hours With","2018","NA","NA","NA","0","1","0","0"
"SER03493","Pégate a Mick","2014","NA","NA","NA","0","1","0","0"
"SER03494","Struggle Meals","2017","NA","NA","NA","0","1","1","0"
"SER03495","Talks at GS","2017","NA","NA","NA","0","1","1","0"
"SER03496","ESL: Player vs Player","2017","NA","NA","NA","0","1","0","0"
"SER03497","Luke Gamble's Vet Adventures","2010","NA","NA","NA","0","1","1","0"
"SER03498","UFC Ultimate Knockouts","2014","NA","NA","NA","0","1","0","0"
"SER03499","ABC News | Garage Geniuses","2016","NA","NA","NA","0","1","0","0"
"SER03500","WildWoods","2017","NA","NA","NA","0","1","0","0"
"SER03501","GMA Day","2018","NA","NA","NA","0","1","0","0"
"SER03502","Build Small, Live Anywhere","2015","NA","NA","NA","0","1","0","0"
"SER03503","Things I Do","2015","NA","NA","NA","0","1","0","0"
"SER03504","Mujeres Rompiendo el Silencio","2018","NA","NA","NA","0","1","0","0"
"SER03505","Wooly","2010","NA","NA","NA","0","1","0","0"
"SER03506","Jeremiah Bullfrog Forks It","2017","NA","NA","NA","0","1","0","0"
"SER03507","Wedding Season","2017","NA","NA","NA","0","1","1","0"
"SER03508","Revolt","2017","NA","NA","NA","0","1","0","0"
"SER03509","Obsessed (WIRED)","2017","NA","NA","NA","0","1","0","0"
"SER03510","Tasty's Made By Hand","2018","NA","NA","NA","0","1","1","0"
"SER03511","Tasting Our Roots","2017","NA","NA","NA","0","1","1","0"
"SER03512","UFC Main Event","2007","NA","NA","NA","0","1","0","0"
"SER03513","Heart of a Champion","2016","NA","NA","NA","0","1","0","0"
"SER03514","Working 24 Hours At...","2015","NA","NA","NA","0","1","1","0"
"SER03515","MOJO's The Circuit","2008","NA","NA","NA","0","1","0","0"
"SER03516","Almost Impossible","2017","NA","NA","NA","0","1","0","0"
"SER03517","Mom In Progress","2018","NA","NA","NA","0","1","1","0"
"SER03518","Style Evolution","2018","NA","NA","NA","0","1","0","0"
"SER03519","Popcorn With Peter Travers","2010","NA","NA","NA","0","1","0","0"
"SER03520","The Oscars","1995","NA","NA","NA","0","1","0","0"
"SER03521","Trials of the Wild","2018","NA","NA","NA","0","1","0","0"
"SER03522","Health + Happiness with Mayo Clinic","2018","NA","NA","NA","0","1","0","0"
"SER03523","Heritage","2015","NA","NA","NA","0","1","0","0"
"SER03524","I Draw, You Cook","2018","NA","NA","NA","0","1","1","0"
"SER03525","Strait Talk with Matt & LZ","2016","NA","NA","NA","0","1","0","0"
"SER03526","Rudy Maxa's Travel","2001","NA","NA","NA","0","1","1","0"
"SER03527","Especiales de Historia de México","2012","NA","NA","NA","0","1","0","0"
"SER03528","For & Against","2012","NA","NA","NA","0","1","0","0"
"SER03529","The Big Vote","2018","NA","NA","NA","0","1","0","0"
"SER03530","Lost in the Supermarket","2016","NA","NA","NA","0","1","0","0"
"SER03531","Gen H","2012","NA","NA","NA","0","1","0","0"
"SER03532","Legendary Catch","2019","NA","NA","NA","0","1","0","0"
"SER03533","Secrets of Your Mind","2010","NA","NA","NA","0","1","0","0"
"SER03534","The Bravest Knight Who Ever Lived","2014","NA","NA","NA","0","1","0","0"
"SER03535","Puertas al Mas Alla","2012","NA","NA","NA","0","1","0","0"
"SER03536","Technique Critique","2016","NA","NA","NA","0","1","0","0"
"SER03537","ESL Bootcamp: Immortals","2017","NA","NA","NA","0","1","0","0"
"SER03538","Red Nose Day","2015","NA","NA","NA","0","1","0","0"
"SER03539","ESL: Replay","2017","NA","NA","NA","0","1","0","0"
"SER03540","The Paley Center","2000","NA","NA","NA","0","1","0","0"
"SER03541","ESL: Defining Moments","2017","NA","NA","NA","0","1","0","0"
"SER03542","pocket.watch HobbyKidsTV mishmash","2018","NA","NA","NA","0","1","0","0"
"SER03543","UFC Presents","2013","NA","NA","NA","0","1","0","0"
"SER03544","Real Estate with Rosanna","2017","NA","NA","NA","0","1","0","0"
"SER03545","Summertime","2016","NA","NA","NA","0","1","0","0"
"SER03546","Ventaneando","2012","NA","NA","NA","0","1","0","0"
"SER03547","WIRED's Autocomplete Interviews","2016","NA","NA","NA","0","1","1","0"
"SER03548","Bioterrorism: The Truth","2016","NA","NA","NA","0","1","0","0"
"SER03549","Out of Office with Brent Rose","2015","NA","NA","NA","0","1","1","0"
"SER03550","Stop, Breathe & Think Kids: Mindful Games","2017","NA","NA","NA","0","1","0","0"
"SER03551","On Stage","2017","NA","NA","NA","0","1","0","0"
"SER03552","The Champion Within","2017","NA","NA","NA","0","1","0","0"
"SER03553","Food Fetish","2011","NA","NA","NA","0","1","0","0"
"SER03554","A Woman's Job","2017","NA","NA","NA","0","1","0","0"
"SER03555","OUT: Face to Face","2010","NA","NA","NA","0","1","0","0"
"SER03556","Just Josh","2011","NA","NA","NA","0","1","0","0"
"SER03557","On This Day in Black History Month","2019","NA","NA","NA","0","1","0","0"
"SER03558","Bogus Beauty","2017","NA","NA","NA","0","1","1","0"
"SER03559","Crime Shock: Asia Exposed","2013","NA","NA","NA","0","1","0","0"
"SER03560","pocket.watch CaptainSparklez mishmash","2018","NA","NA","NA","0","1","0","0"
"SER03561","Dick Clark's Primetime New Year's Rockin' Eve","2013","NA","NA","NA","0","1","0","0"
"SER03562","Newsy","2016","NA","NA","NA","0","1","0","0"
"SER03563","Modd Couples","2016","NA","NA","NA","0","1","0","0"
"SER03564","Fantasy Forecast","2016","NA","NA","NA","0","1","0","0"
"SER03565","Secret Talent Theatre","2016","NA","NA","NA","0","1","0","0"
"SER03566","pocket.watch Challenge Squad","2018","NA","NA","NA","0","1","1","0"
"SER03567","The Wire","2002","18+","9.3","0.94","0","0","1","0"
"SER03568","Band of Brothers","2001","18+","9.4","0.94","0","0","1","0"
"SER03569","The Sopranos","1999","18+","9.2","0.92","0","0","1","0"
"SER03570","House","2004","16+","8.7","0.9","0","0","1","0"
"SER03571","Mr. Robot","2015","18+","8.5","0.94","0","0","1","0"
"SER03572","Suits","2011","16+","8.5","0.9","0","0","1","0"
"SER03573","The Boys","2019","18+","8.7","0.84","0","0","1","0"
"SER03574","The Expanse","2015","16+","8.5","0.93","0","0","1","0"
"SER03575","Fleabag","2016","18+","8.7","1","0","0","1","0"
"SER03576","Rome","2005","18+","8.7","0.86","0","0","1","0"
"SER03577","Bosch","2014","18+","8.4","0.97","0","0","1","0"
"SER03578","The Marvelous Mrs. Maisel","2017","18+","8.7","0.89","0","0","1","0"
"SER03579","Hannibal","2013","18+","8.5","0.92","0","0","1","0"
"SER03580","Curb Your Enthusiasm","2000","18+","8.7","0.92","0","0","1","0"
"SER03581","Boardwalk Empire","2010","18+","8.5","0.92","0","0","1","0"
"SER03582","The Americans","2013","18+","8.4","0.96","0","0","1","0"
"SER03583","Luther","2010","16+","8.5","0.88","0","0","1","0"
"SER03584","Orphan Black","2013","18+","8.3","0.93","0","0","1","0"
"SER03585","Six Feet Under","2001","18+","8.7","0.81","0","0","1","0"
"SER03586","Upload","2020","NA","8.2","0.81","0","0","1","0"
"SER03587","Chuck","2007","7+","8.2","0.89","0","0","1","0"
"SER03588","Psych","2006","7+","8.3","0.89","0","0","1","0"
"SER03589","Deadwood","2004","18+","8.6","0.92","0","0","1","0"
"SER03590","The Man in the High Castle","2015","18+","8","0.84","0","0","1","0"
"SER03591","Veep","2012","18+","8.3","0.93","0","0","1","0"
"SER03592","Banshee","2013","18+","8.4","0.89","0","0","1","0"
"SER03593","Oz","1997","18+","8.7","0.89","0","0","1","0"
"SER03594","Tom Clancy's Jack Ryan","2018","18+","8.1","0.71","0","0","1","0"
"SER03595","True Blood","2008","18+","7.8","0.7","0","0","1","0"
"SER03596","Good Omens","2019","7+","8.1","0.84","0","0","1","0"
"SER03597","Teen Wolf","2011","16+","7.6","0.81","0","0","1","0"
"SER03598","The Pacific","2010","18+","8.3","0.91","0","0","1","0"
"SER03599","Grimm","2011","16+","7.8","0.89","0","0","1","0"
"SER03600","The Fall","2013","18+","8.2","0.84","0","0","1","0"
"SER03601","The Night Manager","2016","16+","8.1","0.91","0","0","1","0"
"SER03602","The Grand Tour","2016","16+","8.7","0.66","0","0","1","0"
"SER03603","The Newsroom","2012","16+","8.6","0.59","0","0","1","0"
"SER03604","Counterpart","2017","18+","8.1","1","0","0","1","0"
"SER03605","Californication","2007","18+","8.3","0.57","0","0","1","0"
"SER03606","Homecoming","2018","16+","7.5","0.98","0","0","1","0"
"SER03607","Flight of the Conchords","2007","16+","8.5","0.94","0","0","1","0"
"SER03608","Entourage","2004","16+","8.4","0.66","0","0","1","0"
"SER03609","Sneaky Pete","2015","18+","8.2","0.96","0","0","1","0"
"SER03610","Downton Abbey","2010","16+","8.7","NA","0","0","1","0"
"SER03611","Undone","2019","18+","8.2","1","0","0","1","0"
"SER03612","Generation Kill","2008","18+","8.5","0.86","0","0","1","0"
"SER03613","Humans","2015","16+","8","0.94","0","0","1","0"
"SER03614","Farscape","1999","16+","8.2","0.9","0","0","1","0"
"SER03615","Monk","2002","7+","7.9","0.9","0","0","1","0"
"SER03616","The Thick of It","2005","18+","8.7","0.85","0","0","1","0"
"SER03617","The Missing","2014","16+","8.2","0.93","0","0","1","0"
"SER03618","Carnival Row","2019","18+","7.9","0.57","0","0","1","0"
"SER03619","Eastbound & Down","2009","18+","8.2","0.91","0","0","1","0"
"SER03620","Father Ted","1995","16+","8.6","0.93","0","0","1","0"
"SER03621","The Mentalist","2008","16+","8.1","NA","0","0","1","0"
"SER03622","Poldark","2015","16+","8.3","0.87","0","0","1","0"
"SER03623","Goliath","2016","16+","8.2","0.82","0","0","1","0"
"SER03624","Girls","2012","18+","7.3","0.89","0","0","1","0"
"SER03625","Catastrophe","2015","18+","8.2","0.98","0","0","1","0"
"SER03626","John Adams","2008","16+","8.5","0.81","0","0","1","0"
"SER03627","River","2015","7+","8","1","0","0","1","0"
"SER03628","Sex and the City","1998","18+","7.1","0.71","0","0","1","0"
"SER03629","The Lost Room","2006","7+","8.2","0.77","0","0","1","0"
"SER03630","Escape at Dannemora","2018","18+","8","0.89","0","0","1","0"
"SER03631","Tales from the Loop","2020","16+","7.5","0.68","0","0","1","0"
"SER03632","Modern Love","2019","18+","8","0.75","0","0","1","0"
"SER03633","Boss","2011","18+","8.1","0.81","0","0","1","0"
"SER03634","Mozart in the Jungle","2014","18+","8.2","0.94","0","0","1","0"
"SER03635","SpongeBob SquarePants","1999","7+","8.1","NA","0","0","1","0"
"SER03636","Hanna","2019","16+","7.5","0.67","0","0","1","0"
"SER03637","The Durrells","2016","7+","8.1","0.98","0","0","1","0"
"SER03638","Gavin & Stacey","2007","16+","8.1","0.97","0","0","1","0"
"SER03639","Angels in America","2003","18+","8.2","0.9","0","0","1","0"
"SER03640","Defiance","2013","18+","7","0.77","0","0","1","0"
"SER03641","The Addams Family","1964","all","7.9","1","0","0","1","0"
"SER03642","Patrick Melrose","2018","18+","8.1","0.9","0","0","1","0"
"SER03643","Treme","2010","18+","8.2","0.96","0","0","1","0"
"SER03644","Hunters","2020","18+","7.2","0.64","0","0","1","0"
"SER03645","Red Oaks","2014","18+","7.9","0.93","0","0","1","0"
"SER03646","The Family Man","2019","16+","8.6","NA","0","0","1","0"
"SER03647","ZeroZeroZero","2020","18+","8.2","0.8","0","0","1","0"
"SER03648","The Tick","2016","18+","7.4","0.95","0","0","1","0"
"SER03649","Patriot","2015","18+","8.3","0.9","0","0","1","0"
"SER03650","The Planets","2019","all","9.1","1","0","0","1","0"
"SER03651","Strike Back","2010","18+","8.2","NA","0","0","1","0"
"SER03652","In Treatment","2008","18+","8.3","0.88","0","0","1","0"
"SER03653","Bored to Death","2009","18+","7.9","0.79","0","0","1","0"
"SER03654","Animal Kingdom","2016","18+","8.2","NA","0","0","1","0"
"SER03655","Eureka","2006","7+","7.9","NA","0","0","1","0"
"SER03656","Mr. Show with Bob and David","1995","18+","8.3","1","0","0","1","0"
"SER03657","Mildred Pierce","2011","18+","7.7","0.8","0","0","1","0"
"SER03658","MacGyver","1985","7+","7.7","NA","0","0","1","0"
"SER03659","House of Lies","2012","18+","7.4","0.77","0","0","1","0"
"SER03660","Transparent","2014","18+","7.8","0.9","0","0","1","0"
"SER03661","Endeavour","2012","16+","8.6","0.86","0","0","1","0"
"SER03662","Eerie, Indiana","1991","7+","8.2","1","0","0","1","0"
"SER03663","Fortitude","2015","18+","7.4","0.84","0","0","1","0"
"SER03664","BrainDead","2016","16+","8.1","0.65","0","0","1","0"
"SER03665","A Very English Scandal","2018","16+","7.7","0.95","0","0","1","0"
"SER03666","Victoria","2016","16+","8.2","0.87","0","0","1","0"
"SER03667","Philip K. Dick's Electric Dreams","2017","18+","7.3","0.72","0","0","1","0"
"SER03668","Big Love","2006","18+","7.5","0.8","0","0","1","0"
"SER03669","Carnivàle","2003","18+","8.4","NA","0","0","1","0"
"SER03670","Harper's Island","2009","16+","7.5","0.64","0","0","1","0"
"SER03671","ALF","1986","all","7.4","NA","0","0","1","0"
"SER03672","Ordeal by Innocence","2018","NA","7.3","0.91","0","0","1","0"
"SER03673","Salvation","2017","16+","7","0.44","0","0","1","0"
"SER03674","The Tunnel","2013","18+","7.8","0.91","0","0","1","0"
"SER03675","Magnum, P.I.","1980","7+","7.5","NA","0","0","1","0"
"SER03676","Undercover","2011","7+","8.9","NA","0","0","1","0"
"SER03677","Extant","2014","16+","6.6","0.77","0","0","1","0"
"SER03678","Thirteen","2016","NA","7.3","0.94","0","0","1","0"
"SER03679","Flesh and Bone","2015","16+","8","0.62","0","0","1","0"
"SER03680","Hung","2009","18+","7.1","0.71","0","0","1","0"
"SER03681","Home Fires","2015","7+","8.2","1","0","0","1","0"
"SER03682","Inside Edge","2017","18+","8","NA","0","0","1","0"
"SER03683","Enlightened","2011","18+","7.5","0.87","0","0","1","0"
"SER03684","Briarpatch","2020","18+","6.4","0.77","0","0","1","0"
"SER03685","Wolf Hall","2015","16+","8.1","0.98","0","0","1","0"
"SER03686","The Comeback","2005","18+","8","0.72","0","0","1","0"
"SER03687","The Test: A New Era For Australia's Team","2020","NA","9","NA","0","0","1","0"
"SER03688","Vinland Saga","2019","NA","8.9","NA","0","0","1","0"
"SER03689","Absentia","2017","18+","7.3","0.5","0","0","1","0"
"SER03690","Mirzapur","2018","NA","8.5","NA","0","0","1","0"
"SER03691","Trapped","2015","18+","8.1","NA","0","0","1","0"
"SER03692","Tin Star","2017","18+","7.3","0.57","0","0","1","0"
"SER03693","Too Old to Die Young","2019","18+","7.4","0.69","0","0","1","0"
"SER03694","Kill Me, Heal Me","2015","16+","8.3","NA","0","0","1","0"
"SER03695","The Carol Burnett Show","1967","all","8.8","NA","0","0","1","0"
"SER03696","Beavis and Butt-head","1993","16+","7.5","NA","0","0","1","0"
"SER03697","How to Make It in America","2010","18+","7.9","0.66","0","0","1","0"
"SER03698","Unforgotten","2015","18+","8.2","NA","0","0","1","0"
"SER03699","Howards End","2017","7+","7.3","0.9","0","0","1","0"
"SER03700","Conversations with a Killer: The Ted Bundy Tapes","2019","18+","7.8","0.54","0","0","1","0"
"SER03701","Grantchester","2014","16+","7.9","0.95","0","0","1","0"
"SER03702","Baseball","1994","16+","9.2","NA","0","0","1","0"
"SER03703","Britannia","2018","16+","6.7","0.74","0","0","1","0"
"SER03704","Toradora!","2008","16+","8.1","NA","0","0","1","0"
"SER03705","A Different World","1987","NA","6.9","0.95","0","0","1","0"
"SER03706","Made In Abyss","2017","18+","8.4","NA","0","0","1","0"
"SER03707","Life's Too Short","2011","16+","7.5","0.53","0","0","1","0"
"SER03708","Forever","2018","18+","7.2","0.94","0","0","1","0"
"SER03709","Hustle","2004","16+","8.1","NA","0","0","1","0"
"SER03710","Spawn","1997","18+","8.1","NA","0","0","1","0"
"SER03711","Brideshead Revisited","1981","NA","8.5","NA","0","0","1","0"
"SER03712","Hunted","2012","18+","6.6","0.76","0","0","1","0"
"SER03713","Vanity Fair","2018","NA","7.3","0.88","0","0","1","0"
"SER03714","Informer","2018","NA","7.9","0.79","0","0","1","0"
"SER03715","Good Girls Revolt","2015","7+","8.2","0.73","0","0","1","0"
"SER03716","The Saint","1962","7+","7.5","NA","0","0","1","0"
"SER03717","Klondike","2014","16+","7.4","0.8","0","0","1","0"
"SER03718","Mad Dogs","2015","18+","7.5","0.66","0","0","1","0"
"SER03719","Detectorists","2014","NA","8.6","NA","0","0","1","0"
"SER03720","Arthur","1996","7+","7.3","NA","0","0","1","0"
"SER03721","American Experience","1988","7+","8.5","NA","0","0","1","0"
"SER03722","The Cosby Show","1984","all","7.3","NA","0","0","1","0"
"SER03723","Parade's End","2012","18+","7.6","NA","0","0","1","0"
"SER03724","Cold Feet","1998","7+","8.2","0.82","0","0","1","0"
"SER03725","Romanzo Criminale","2008","16+","8.6","NA","0","0","1","0"
"SER03726","Tell Me You Love Me","2007","18+","7.3","0.62","0","0","1","0"
"SER03727","Hello Ladies","2013","18+","7.4","0.52","0","0","1","0"
"SER03728","This Is England '86","2010","18+","8.3","NA","0","0","1","0"
"SER03729","Alpha House","2013","16+","7.5","0.79","0","0","1","0"
"SER03730","Family Tree","2013","18+","7.4","0.81","0","0","1","0"
"SER03731","Chacha Vidhayak Hain Humare","2018","NA","8","NA","0","0","1","0"
"SER03732","The Kettering Incident","2016","18+","6.9","0.67","0","0","1","0"
"SER03733","Laakhon Mein Ek","2017","NA","8.3","NA","0","0","1","0"
"SER03734","The ABC Murders","2018","16+","6.6","0.72","0","0","1","0"
"SER03735","Jean-Claude Van Johnson","2016","18+","7.7","0.64","0","0","1","0"
"SER03736","Just Add Magic","2015","7+","8.2","NA","0","0","1","0"
"SER03737","Isabel","2012","7+","8.3","NA","0","0","1","0"
"SER03738","Lewis","2007","16+","8","NA","0","0","1","0"
"SER03739","In Plain Sight","2008","16+","7.3","NA","0","0","1","0"
"SER03740","All or Nothing: Manchester City","2018","NA","8.3","NA","0","0","1","0"
"SER03741","Dororo","2019","18+","8.4","NA","0","0","1","0"
"SER03742","Little Women","2017","7+","7.2","0.82","0","0","1","0"
"SER03743","Mission: Impossible","1966","7+","7.6","NA","0","0","1","0"
"SER03744","Lucky Louie","2006","18+","7.9","0.45","0","0","1","0"
"SER03745","Fresh Meat","2011","18+","7.9","NA","0","0","1","0"
"SER03746","Our Girl","2014","16+","7.8","NA","0","0","1","0"
"SER03747","Princess Hours","2006","7+","7.7","NA","0","0","1","0"
"SER03748","Malgudi Days","1987","all","9.5","NA","0","0","1","0"
"SER03749","Indian Summers","2015","18+","7.2","0.83","0","0","1","0"
"SER03750","Comrade Detective","2017","18+","7.3","0.83","0","0","1","0"
"SER03751","Secret Diary of a Call Girl","2007","18+","7.4","NA","0","0","1","0"
"SER03752","Mister Rogers' Neighborhood","1968","all","8.6","NA","0","0","1","0"
"SER03753","4 Blocks","2017","NA","8.2","NA","0","0","1","0"
"SER03754","Shaun the Sheep","2007","all","8.2","NA","0","0","1","0"
"SER03755","Going Postal","2010","NA","7.8","NA","0","0","1","0"
"SER03756","Dance Academy","2010","16+","8.1","NA","0","0","1","0"
"SER03757","The Booth at the End","2010","16+","8.3","NA","0","0","1","0"
"SER03758","Doctor Thorne","2016","7+","7.2","0.87","0","0","1","0"
"SER03759","Hand of God","2014","18+","7.5","0.3","0","0","1","0"
"SER03760","A Gifted Man","2011","7+","7","0.66","0","0","1","0"
"SER03761","Tropical Heat","1991","NA","7.9","0.94","0","0","1","0"
"SER03762","Mercy Street","2016","7+","7.4","0.73","0","0","1","0"
"SER03763","The Men Who Built America","2012","7+","8.6","NA","0","0","1","0"
"SER03764","Garfunkel and Oates","2014","18+","7.5","1","0","0","1","0"
"SER03765","Breaking In","2011","16+","7.1","0.56","0","0","1","0"
"SER03766","The Last Tycoon","2016","18+","7.7","0.46","0","0","1","0"
"SER03767","Infinity Train","2019","7+","8.4","NA","0","0","1","0"
"SER03768","The Living and the Dead","2016","NA","7.5","0.78","0","0","1","0"
"SER03769","Underbelly","2008","18+","8.1","NA","0","0","1","0"
"SER03770","Made in Heaven","2019","18+","8.3","NA","0","0","1","0"
"SER03771","The Royals","2015","16+","7.5","NA","0","0","1","0"
"SER03772","Dr. Quinn, Medicine Woman","1993","7+","6.7","NA","0","0","1","0"
"SER03773","Hunting Hitler","2015","7+","7.5","NA","0","0","1","0"
"SER03774","The A Word","2016","NA","7.7","0.83","0","0","1","0"
"SER03775","Grounded for Life","2001","16+","7.4","NA","0","0","1","0"
"SER03776","The Widow","2019","18+","6.9","0.59","0","0","1","0"
"SER03777","American Gothic","2016","16+","6.7","0.58","0","0","1","0"
"SER03778","The Pale Horse","2020","all","6.1","0.79","0","0","1","0"
"SER03779","Banana Fish","2018","NA","7.9","NA","0","0","1","0"
"SER03780","Cops","1989","18+","7","NA","0","0","1","0"
"SER03781","Lore","2017","16+","6.7","0.65","0","0","1","0"
"SER03782","She Was Pretty","2015","NA","7.7","NA","0","0","1","0"
"SER03783","The Romanoffs","2018","7+","7","0.5","0","0","1","0"
"SER03784","Elizabeth I","2005","18+","7.9","NA","0","0","1","0"
"SER03785","Angry Boys","2011","18+","7.7","0.54","0","0","1","0"
"SER03786","Cadfael","1994","NA","8.1","NA","0","0","1","0"
"SER03787","Beware the Batman","2013","7+","7.3","0.82","0","0","1","0"
"SER03788","Sea Patrol","2007","7+","7.4","NA","0","0","1","0"
"SER03789","Totally Spies!","2001","7+","7","NA","0","0","1","0"
"SER03790","Blood Ties","2007","16+","7.2","NA","0","0","1","0"
"SER03791","Ghost Hunters","2004","7+","6.2","NA","0","0","1","0"
"SER03792","Betas","2013","18+","7","0.85","0","0","1","0"
"SER03793","Blood & Treasure","2019","16+","6.6","NA","0","0","1","0"
"SER03794","When the Levees Broke: A Requiem in Four Acts","2006","18+","8.5","0.97","0","0","1","0"
"SER03795","ReBoot","1994","7+","7.8","NA","0","0","1","0"
"SER03796","James May: Our Man In Japan","2020","NA","8.4","NA","0","0","1","0"
"SER03797","All or Nothing","2016","18+","8.6","NA","0","0","1","0"
"SER03798","Picnic at Hanging Rock","2018","16+","6.1","0.79","0","0","1","0"
"SER03799","The Bay","2010","NA","9.2","NA","0","0","1","0"
"SER03800","I Love Dick","2016","18+","6.2","0.87","0","0","1","0"
"SER03801","Neverland","2013","7+","6.4","0.57","0","0","1","0"
"SER03802","Time Team","1994","all","8.5","NA","0","0","1","0"
"SER03803","Making the Cut","2020","16+","6.6","0.63","0","0","1","0"
"SER03804","The Last Post","2017","18+","7.2","0.64","0","0","1","0"
"SER03805","6teen","2004","7+","7.2","NA","0","0","1","0"
"SER03806","Macross","1982","7+","8.6","NA","0","0","1","0"
"SER03807","Wildfire","2005","16+","7.5","NA","0","0","1","0"
"SER03808","The Street","2006","18+","8.3","NA","0","0","1","0"
"SER03809","Reading Rainbow","1983","all","8.3","NA","0","0","1","0"
"SER03810","Green Acres","1965","all","7.2","NA","0","0","1","0"
"SER03811","Thomas & Friends","1984","all","6.6","NA","0","0","1","0"
"SER03812","Between Two Ferns with Zach Galifianakis","2008","16+","8.4","NA","0","0","1","0"
"SER03813","Mr. Bean: The Animated Series","2002","all","6.8","NA","0","0","1","0"
"SER03814","Outrageous Fortune","2005","18+","8.3","NA","0","0","1","0"
"SER03815","R. L. Stine's The Haunting Hour","2010","7+","8","NA","0","0","1","0"
"SER03816","Frontline","1983","18+","8.5","NA","0","0","1","0"
"SER03817","Dr. G: Medical Examiner","2004","16+","8.3","NA","0","0","1","0"
"SER03818","The Darling Buds of May","1991","7+","7.8","NA","0","0","1","0"
"SER03819","Appropriate Adult","2011","18+","7.5","NA","0","0","1","0"
"SER03820","The Backyardigans","2004","7+","6.9","NA","0","0","1","0"
"SER03821","Earth: Final Conflict","1997","7+","6.2","NA","0","0","1","0"
"SER03822","Moon Embracing the Sun","2012","7+","8","NA","0","0","1","0"
"SER03823","Wilfred","2007","18+","7.9","NA","0","0","1","0"
"SER03824","Kung Fu Panda: The Paws of Destiny","2018","7+","7.6","NA","0","0","1","0"
"SER03825","The Feed","2019","NA","6.2","0.57","0","0","1","0"
"SER03826","ReGenesis","2004","18+","7.9","NA","0","0","1","0"
"SER03827","Bubble Guppies","2011","all","6.5","NA","0","0","1","0"
"SER03828","Ted Bundy: Falling for a Killer","2020","18+","7.9","NA","0","0","1","0"
"SER03829","Oliver Twist","2007","7+","7.4","NA","0","0","1","0"
"SER03830","Thunderbirds","1965","7+","7.8","NA","0","0","1","0"
"SER03831","The Tribe","2001","7+","7.7","NA","0","0","1","0"
"SER03832","Cybill","1995","7+","6.8","NA","0","0","1","0"
"SER03833","Young Dracula","2006","NA","7.7","NA","0","0","1","0"
"SER03834","The Young Riders","1989","7+","7.8","NA","0","0","1","0"
"SER03835","Falling Water","2016","16+","6.5","0.26","0","0","1","0"
"SER03836","Wild Kratts","2011","all","7.7","NA","0","0","1","0"
"SER03837","Hell Girl","2005","18+","7.5","NA","0","0","1","0"
"SER03838","A Touch of Cloth","2012","16+","8","NA","0","0","1","0"
"SER03839","John from Cincinnati","2007","NA","7.1","0.5","0","0","1","0"
"SER03840","Inazuma Eleven","2008","7+","7.9","NA","0","0","1","0"
"SER03841","Cagney & Lacey","1982","7+","6.7","NA","0","0","1","0"
"SER03842","The Slave Hunters","2010","NA","8.8","NA","0","0","1","0"
"SER03843","Code Lyoko","2003","7+","7.3","NA","0","0","1","0"
"SER03844","One Mississippi","2016","18+","7.3","NA","0","0","1","0"
"SER03845","Nature","1982","all","8.9","NA","0","0","1","0"
"SER03846","Middlemarch","1994","NA","7.4","NA","0","0","1","0"
"SER03847","The National Parks: America's Best Idea","2009","16+","8.6","NA","0","0","1","0"
"SER03848","Apparitions","2008","18+","8","NA","0","0","1","0"
"SER03849","The Bold and the Beautiful","1987","16+","3.4","NA","0","0","1","0"
"SER03850","Luck","2012","18+","7.5","NA","0","0","1","0"
"SER03851","To the Ends of the Earth","2005","NA","7.2","NA","0","0","1","0"
"SER03852","Gortimer Gibbon's Life on Normal Street","2014","all","8.2","NA","0","0","1","0"
"SER03853","I Shouldn't Be Alive","2005","7+","8","NA","0","0","1","0"
"SER03854","The Dust Bowl","2012","7+","8.2","NA","0","0","1","0"
"SER03855","Island at War","2004","NA","7.6","NA","0","0","1","0"
"SER03856","Drifters","2013","18+","7.7","NA","0","0","1","0"
"SER03857","I Love Money","2008","NA","6.1","NA","0","0","1","0"
"SER03858","Teen Mom OG","2009","7+","3.6","NA","0","0","1","0"
"SER03859","Red Rock","2015","7+","7.6","NA","0","0","1","0"
"SER03860","Touching Evil","1997","NA","7.8","NA","0","0","1","0"
"SER03861","Beyond Belief: Fact or Fiction","1998","7+","8","NA","0","0","1","0"
"SER03862","Titanic: Blood and Steel","2012","16+","7.3","NA","0","0","1","0"
"SER03863","Empire Falls","2005","16+","7.3","NA","0","0","1","0"
"SER03864","Secrets & Lies","2014","18+","7.5","NA","0","0","1","0"
"SER03865","Z: The Beginning of Everything","2017","16+","7.2","NA","0","0","1","0"
"SER03866","The Way We Live Now","2001","NA","7.6","NA","0","0","1","0"
"SER03867","The Cyanide & Happiness Show","2014","16+","8","NA","0","0","1","0"
"SER03868","Charles II: The Power and The Passion","2003","16+","7.5","NA","0","0","1","0"
"SER03869","Durham County","2007","18+","7.4","NA","0","0","1","0"
"SER03870","Rowan & Martin's Laugh-In","1968","7+","8","NA","0","0","1","0"
"SER03871","Emmerdale","1972","7+","4.8","NA","0","0","1","0"
"SER03872","Mankind: The Story of All of Us","2012","7+","7.7","NA","0","0","1","0"
"SER03873","Wild at Heart","2006","7+","7.4","NA","0","0","1","0"
"SER03874","Féminin/Féminin","2014","16+","8.4","NA","0","0","1","0"
"SER03875","Land of the Lustrous","2017","16+","7.9","NA","0","0","1","0"
"SER03876","That Girl","1966","7+","7.1","NA","0","0","1","0"
"SER03877","Kavanagh QC","1995","18+","7.5","NA","0","0","1","0"
"SER03878","Zoboomafoo","1999","7+","7.5","NA","0","0","1","0"
"SER03879","Legend of Earthsea","2004","NA","5.8","NA","0","0","1","0"
"SER03880","Our Mutual Friend","1998","NA","8.1","NA","0","0","1","0"
"SER03881","Empresses In The Palace","2012","7+","8.4","NA","0","0","1","0"
"SER03882","The Bible","2013","16+","7.5","0.14","0","0","1","0"
"SER03883","Thriller","1960","NA","8.2","NA","0","0","1","0"
"SER03884","Little Britain USA","2008","18+","7.6","0.64","0","0","1","0"
"SER03885","Celebrity Ghost Stories","2009","7+","7.1","NA","0","0","1","0"
"SER03886","Touched by an Angel","1994","7+","6","NA","0","0","1","0"
"SER03887","RahXephon","2002","16+","7.3","NA","0","0","1","0"
"SER03888","Olympus","2015","16+","6.2","NA","0","0","1","0"
"SER03889","Home and Away","1988","7+","5","NA","0","0","1","0"
"SER03890","Blue Water High","2005","all","7","NA","0","0","1","0"
"SER03891","The Collection","2016","7+","7.1","NA","0","0","1","0"
"SER03892","Grand Blue","2018","18+","7.7","NA","0","0","1","0"
"SER03893","Dilbert","1999","7+","7.3","NA","0","0","1","0"
"SER03894","GRAND PRIX Driver","2018","7+","7.7","NA","0","0","1","0"
"SER03895","Blue Murder","2003","NA","7.2","NA","0","0","1","0"
"SER03896","Texas Rising","2015","16+","6.7","0.19","0","0","1","0"
"SER03897","American Playboy: The Hugh Hefner Story","2017","18+","7.5","NA","0","0","1","0"
"SER03898","The Devil's Whore","2008","NA","7.1","NA","0","0","1","0"
"SER03899","The Twelve Kingdoms","2002","16+","8.1","NA","0","0","1","0"
"SER03900","Fearless","2017","18+","7.6","NA","0","0","1","0"
"SER03901","Titanic","2012","16+","6","0.38","0","0","1","0"
"SER03902","Ultimate Force","2002","18+","7.7","NA","0","0","1","0"
"SER03903","Grace Under Fire","1993","7+","6.3","NA","0","0","1","0"
"SER03904","Gordon Ramsay's Ultimate Cookery Course","2012","NA","8.4","NA","0","0","1","0"
"SER03905","Daniel Tiger's Neighborhood","2012","all","7.4","NA","0","0","1","0"
"SER03906","Ax Men","2008","7+","5.5","NA","0","0","1","0"
"SER03907","Cyberchase","2002","all","6.8","NA","0","0","1","0"
"SER03908","Clifford the Big Red Dog","2000","all","6.6","NA","0","0","1","0"
"SER03909","Meerkat Manor","2005","NA","8.2","NA","0","0","1","0"
"SER03910","The Scholar Who Walks the Night","2015","NA","7.3","NA","0","0","1","0"
"SER03911","Dora the Explorer","2000","all","4","NA","0","0","1","0"
"SER03912","Years of Living Dangerously","2014","7+","8.5","NA","0","0","1","0"
"SER03913","Bramwell","1995","all","8","NA","0","0","1","0"
"SER03914","Srugim","2008","16+","8.4","NA","0","0","1","0"
"SER03915","The Incredible Journey of Mary Bryant","2005","18+","7.4","NA","0","0","1","0"
"SER03916","Bakugan Battle Brawlers","2007","all","5.4","NA","0","0","1","0"
"SER03917","The Island with Bear Grylls","2014","NA","7.4","NA","0","0","1","0"
"SER03918","Westside","2015","NA","8","NA","0","0","1","0"
"SER03919","The Ruth Rendell Mysteries","1987","16+","6.8","NA","0","0","1","0"
"SER03920","Tenjho Tenge","2004","18+","7","NA","0","0","1","0"
"SER03921","Popular Mechanics for Kids","1997","all","8.4","NA","0","0","1","0"
"SER03922","Pingu","1986","all","7.4","NA","0","0","1","0"
"SER03923","Globe Trekker","2005","all","8.6","NA","0","0","1","0"
"SER03924","Wotakoi: Love is Hard for Otaku","2018","16+","7.6","NA","0","0","1","0"
"SER03925","Nu, pogodi!","1969","NA","8.6","NA","0","0","1","0"
"SER03926","Karakuri Circus","2018","NA","7.1","NA","0","0","1","0"
"SER03927","Miami Ink","2005","16+","6.5","NA","0","0","1","0"
"SER03928","Aristocrats","1999","7+","7.3","NA","0","0","1","0"
"SER03929","The King 2 Hearts","2012","7+","7.8","NA","0","0","1","0"
"SER03930","Secrets of the Dead","2000","7+","7.8","NA","0","0","1","0"
"SER03931","One Step Beyond","1959","all","7.8","NA","0","0","1","0"
"SER03932","Gordon's Great Escape","2010","NA","7.8","NA","0","0","1","0"
"SER03933","King of the Road","2016","16+","8.8","NA","0","0","1","0"
"SER03934","Cosby","1996","7+","6.4","NA","0","0","1","0"
"SER03935","Wahlburgers","2014","16+","6.8","NA","0","0","1","0"
"SER03936","The Busy World of Richard Scarry","1994","all","7.4","NA","0","0","1","0"
"SER03937","The Magnificent Seven","1998","NA","7.6","NA","0","0","1","0"
"SER03938","All or Nothing: Brazil National Team","2020","16+","7.4","NA","0","0","1","0"
"SER03939","All or Nothing: New Zealand All Blacks","2018","16+","8.3","NA","0","0","1","0"
"SER03940","7 Deadly Sins","2014","18+","7.1","NA","0","0","1","0"
"SER03941","Captain N and the New Super Mario World","1991","all","6.6","NA","0","0","1","0"
"SER03942","The Big Comfy Couch","1993","all","7.1","NA","0","0","1","0"
"SER03943","Accidentally on Purpose","2009","7+","6.3","0.33","0","0","1","0"
"SER03944","On Death Row","2012","7+","8","NA","0","0","1","0"
"SER03945","The Brain with Dr. David Eagleman","2015","7+","8.7","NA","0","0","1","0"
"SER03946","Mike Hammer","1984","7+","6.9","NA","0","0","1","0"
"SER03947","The Border","2008","7+","6.9","NA","0","0","1","0"
"SER03948","The Ray Bradbury Theater","1985","7+","7.5","NA","0","0","1","0"
"SER03949","Crisis in Six Scenes","2016","7+","6.6","0.17","0","0","1","0"
"SER03950","Top Shot","2010","7+","7.6","NA","0","0","1","0"
"SER03951","Empress Ki","2013","all","7.7","NA","0","0","1","0"
"SER03952","Peter Gunn","1958","NA","8","NA","0","0","1","0"
"SER03953","Bobby's World","1990","all","7.3","NA","0","0","1","0"
"SER03954","Charlie Jade","2005","16+","7.2","NA","0","0","1","0"
"SER03955","Strange Empire","2014","16+","6.4","NA","0","0","1","0"
"SER03956","Amazon","1999","NA","7.6","NA","0","0","1","0"
"SER03957","Petticoat Junction","1963","all","7","NA","0","0","1","0"
"SER03958","This Is Football","2019","16+","8.3","NA","0","0","1","0"
"SER03959","Tales of the Unexpected","1979","NA","7.7","NA","0","0","1","0"
"SER03960","Missing","2017","16+","6.3","NA","0","0","1","0"
"SER03961","Superheroes: A Never-Ending Battle","2013","7+","8.2","NA","0","0","1","0"
"SER03962","Whites","2010","18+","7.6","NA","0","0","1","0"
"SER03963","Team Umizoomi","2010","all","6","NA","0","0","1","0"
"SER03964","The Saddle Club","2001","all","5.9","NA","0","0","1","0"
"SER03965","Jane Eyre","1983","NA","8","NA","0","0","1","0"
"SER03966","Street Fighter: Resurrection","2016","16+","6.5","NA","0","0","1","0"
"SER03967","Oddities","2010","7+","8","NA","0","0","1","0"
"SER03968","Mayday","2013","NA","6.7","NA","0","0","1","0"
"SER03969","Rescue: Special Ops","2009","NA","7.4","NA","0","0","1","0"
"SER03970","Captain Scarlet and the Mysterons","1967","all","7.9","NA","0","0","1","0"
"SER03971","Martha Speaks","2008","all","6.7","NA","0","0","1","0"
"SER03972","LoliRock","2014","all","7.1","NA","0","0","1","0"
"SER03973","Dinosaur Train","2009","all","6.6","NA","0","0","1","0"
"SER03974","Beat","2018","18+","7.4","NA","0","0","1","0"
"SER03975","Russell Peters: Deported","2020","NA","6.1","NA","0","0","1","0"
"SER03976","Little Men","1998","NA","7.5","NA","0","0","1","0"
"SER03977","<U+0410><U+043D><U+043D><U+0430>-<U+0434><U+0435><U+0442><U+0435><U+043A><U+0442><U+0438><U+0432><U+044A>","2016","16+","7.7","NA","0","0","1","0"
"SER03978","Re:Creators","2017","18+","7","NA","0","0","1","0"
"SER03979","The Principal","2015","18+","7.5","NA","0","0","1","0"
"SER03980","Beowulf: Return to the Shieldlands","2016","7+","5.8","NA","0","0","1","0"
"SER03981","Secret Smile","2005","NA","6.9","NA","0","0","1","0"
"SER03982","Moby Dick","1998","7+","6.4","0.75","0","0","1","0"
"SER03983","How We Got to Now","2014","7+","8.6","NA","0","0","1","0"
"SER03984","The Man from Snowy River","1994","7+","7.2","NA","0","0","1","0"
"SER03985","Hamish Macbeth","1995","NA","7.8","NA","0","0","1","0"
"SER03986","Charlie and Lola","2005","all","6.6","NA","0","0","1","0"
"SER03987","Lorena","2019","18+","7.2","NA","0","0","1","0"
"SER03988","Vietnam in HD","2011","NA","8.3","NA","0","0","1","0"
"SER03989","Killing Bites","2018","18+","6.3","NA","0","0","1","0"
"SER03990","The Silence","2010","NA","7.3","NA","0","0","1","0"
"SER03991","MonsterQuest","2007","7+","7.1","NA","0","0","1","0"
"SER03992","Ronja the Robber's Daughter","2014","7+","7.1","NA","0","0","1","0"
"SER03993","Genius by Stephen Hawking","2016","all","7.7","NA","0","0","1","0"
"SER03994","Teen Mom 2","2011","7+","4.3","NA","0","0","1","0"
"SER03995","Where on Earth is Carmen Sandiego?","1994","7+","7.3","NA","0","0","1","0"
"SER03996","Just Add Magic: Mystery City","2020","all","7.4","NA","0","0","1","0"
"SER03997","The Restoration Man","2010","NA","7.8","NA","0","0","1","0"
"SER03998","Tumble Leaf","2013","all","8.7","NA","0","0","1","0"
"SER03999","Steven Seagal: Lawman","2009","16+","6.2","NA","0","0","1","0"
"SER04000","Barney & Friends","1992","all","3.8","NA","0","0","1","0"
"SER04001","Le Mans: Racing is Everything","2017","7+","7.4","NA","0","0","1","0"
"SER04002","This Giant Beast That Is The Global Economy","2019","16+","7.7","0.5","0","0","1","0"
"SER04003","The Blue Rose","2013","NA","7","NA","0","0","1","0"
"SER04004","Yancy Derringer","1958","16+","7.8","NA","0","0","1","0"
"SER04005","Undercover","2016","16+","6.8","0.75","0","0","1","0"
"SER04006","Hotel Impossible","2012","7+","7.8","NA","0","0","1","0"
"SER04007","Car 54, Where Are You?","1961","NA","7.7","NA","0","0","1","0"
"SER04008","The Hunger","1997","18+","6.3","NA","0","0","1","0"
"SER04009","My Mother and Other Strangers","2016","16+","7.4","NA","0","0","1","0"
"SER04010","London Irish","2013","NA","7.6","NA","0","0","1","0"
"SER04011","Do You Love Your Mom and Her Two-Hit Multi-Target Attacks?","2019","16+","5.2","NA","0","0","1","0"
"SER04012","Odd Squad","2014","all","6.5","NA","0","0","1","0"
"SER04013","Land of the Lost","1991","NA","6.9","NA","0","0","1","0"
"SER04014","Ice Pilots NWT","2009","7+","7.5","NA","0","0","1","0"
"SER04015","Free to Choose","1980","NA","9","NA","0","0","1","0"
"SER04016","The Dangerous Book for Boys","2018","7+","5.9","0.71","0","0","1","0"
"SER04017","Hitorijime My Hero","2017","NA","6.9","NA","0","0","1","0"
"SER04018","Secret Agent","1964","NA","8.2","NA","0","0","1","0"
"SER04019","Strictly Sexual The Series","2011","18+","6.6","NA","0","0","1","0"
"SER04020","Gidget","1965","all","6.7","NA","0","0","1","0"
"SER04021","Continuum","2012","NA","6.5","NA","0","0","1","0"
"SER04022","Ivanhoe","1997","7+","7.4","NA","0","0","1","0"
"SER04023","Danger Man","1960","7+","7.9","NA","0","0","1","0"
"SER04024","The New Yorker Presents","2016","18+","6.5","0.86","0","0","1","0"
"SER04025","Dark Knight","2000","13+","5.3","NA","0","0","1","0"
"SER04026","Unsealed: Alien Files","2012","NA","6.6","NA","0","0","1","0"
"SER04027","Bat Masterson","1958","NA","7.3","NA","0","0","1","0"
"SER04028","Peep and the Big Wide World","2004","all","6.9","NA","0","0","1","0"
"SER04029","Fetch! with Ruff Ruffman","2006","all","7.5","NA","0","0","1","0"
"SER04030","Harmony with A R Rahman","2018","NA","9.2","NA","0","0","1","0"
"SER04031","The Greatest Love","2011","16+","7.9","NA","0","0","1","0"
"SER04032","Anna Karenina","2017","18+","6.6","0.63","0","0","1","0"
"SER04033","Moby Dick","2011","18+","6.2","NA","0","0","1","0"
"SER04034","Funny or Die Presents","2010","18+","5.6","1","0","0","1","0"
"SER04035","Maddigan's Quest","2006","NA","7","NA","0","0","1","0"
"SER04036","Shaktimaan","1997","NA","8.1","NA","0","0","1","0"
"SER04037","Becoming Human","2011","16+","7.3","NA","0","0","1","0"
"SER04038","The Time of Our Lives","2013","NA","7.9","NA","0","0","1","0"
"SER04039","Raw","2008","NA","7.2","NA","0","0","1","0"
"SER04040","Everest: Beyond the Limit","2006","7+","8.4","NA","0","0","1","0"
"SER04041","William and Mary","2003","NA","7.6","NA","0","0","1","0"
"SER04042","Everyday Driver","2017","NA","9.2","NA","0","0","1","0"
"SER04043","After the Rain","2018","18+","7.4","NA","0","0","1","0"
"SER04044","Empire of the Tsars: Romanov Russia with Lucy Worsley","2016","7+","7.6","NA","0","0","1","0"
"SER04045","The Edwardian Country House","2003","NA","8.3","NA","0","0","1","0"
"SER04046","Hammer House of Horror","1980","18+","7.7","NA","0","0","1","0"
"SER04047","The Field of Blood","2011","18+","7.3","NA","0","0","1","0"
"SER04048","Hoarding: Buried Alive","2010","7+","6.6","NA","0","0","1","0"
"SER04049","The Mysterious Play","1995","16+","7.9","NA","0","0","1","0"
"SER04050","The Delivery Man","2015","16+","7.2","NA","0","0","1","0"
"SER04051","Einstein","2017","NA","6.4","NA","0","0","1","0"
"SER04052","Hopalong Cassidy","1952","NA","7.9","NA","0","0","1","0"
"SER04053","Deltora Quest","2007","all","7","NA","0","0","1","0"
"SER04054","Little Women: Dallas","2016","16+","6.5","NA","0","0","1","0"
"SER04055","Supermarket Sweep","1990","all","7.3","NA","0","0","1","0"
"SER04056","The Straits","2012","NA","7.4","NA","0","0","1","0"
"SER04057","Bridget & Eamon","2016","16+","7.7","NA","0","0","1","0"
"SER04058","Very British Problems","2015","NA","7.2","NA","0","0","1","0"
"SER04059","Witness","2012","NA","7.9","NA","0","0","1","0"
"SER04060","Mata Hari","2017","NA","6.3","NA","0","0","1","0"
"SER04061","Long Strange Trip","2017","18+","8.2","NA","0","0","1","0"
"SER04062","Space Precinct","1994","NA","6.6","NA","0","0","1","0"
"SER04063","Gordon Behind Bars","2012","NA","7.5","NA","0","0","1","0"
"SER04064","Timmy Time","2009","all","7","NA","0","0","1","0"
"SER04065","Laid","2011","NA","7.4","NA","0","0","1","0"
"SER04066","Felix the Cat","1958","NA","6.8","NA","0","0","1","0"
"SER04067","One Night Stand","1989","18+","8.2","NA","0","0","1","0"
"SER04068","Bikini Destinations","2003","18+","6.5","NA","0","0","1","0"
"SER04069","Valemont","2009","7+","5.3","NA","0","0","1","0"
"SER04070","Lillie","1978","NA","8","NA","0","0","1","0"
"SER04071","Elizabeth I","2017","NA","7.3","NA","0","0","1","0"
"SER04072","London's Burning","1986","NA","7","NA","0","0","1","0"
"SER04073","Hole in the Wall","2008","all","3.1","NA","0","0","1","0"
"SER04074","Boundless","2013","NA","8.6","NA","0","0","1","0"
"SER04075","Maggie and the Ferocious Beast","2000","all","6.5","NA","0","0","1","0"
"SER04076","Thunderbirds Are Go!","2015","all","6.7","NA","0","0","1","0"
"SER04077","Step Dave","2014","all","7.5","NA","0","0","1","0"
"SER04078","Jessica","2004","16+","7.6","NA","0","0","1","0"
"SER04079","Broken Blade","2014","18+","7","NA","0","0","1","0"
"SER04080","Lucky Dog","2013","all","8.6","NA","0","0","1","0"
"SER04081","Go Girls","2009","18+","7","NA","0","0","1","0"
"SER04082","UFO Hunters","2008","7+","6.5","NA","0","0","1","0"
"SER04083","Girls' Last Tour","2017","16+","7.5","NA","0","0","1","0"
"SER04084","The Adventures of Robin Hood","1955","NA","7.8","NA","0","0","1","0"
"SER04085","The Fabric of the Cosmos","2011","NA","8.7","NA","0","0","1","0"
"SER04086","Great British Railway Journeys","2010","all","7.9","NA","0","0","1","0"
"SER04087","City of Vice","2008","NA","7.6","NA","0","0","1","0"
"SER04088","James May's Toy Stories","2009","7+","8.1","NA","0","0","1","0"
"SER04089","The Kicks","2015","all","7","NA","0","0","1","0"
"SER04090","Hitoshi Matsumoto Presents Documental","2016","NA","8.1","NA","0","0","1","0"
"SER04091","Sarazanmai","2019","7+","7","NA","0","0","1","0"
"SER04092","Tornado Chasers","2012","NA","8","NA","0","0","1","0"
"SER04093","Dino Dana","2017","all","6.6","NA","0","0","1","0"
"SER04094","All or Nothing: The Michigan Wolverines","2018","NA","7.5","NA","0","0","1","0"
"SER04095","Candle in the Tomb","2016","NA","7.3","NA","0","0","1","0"
"SER04096","Romeo y Julieta","2014","NA","6.6","NA","0","0","1","0"
"SER04097","The New Adventures of Flash Gordon","1979","7+","7","NA","0","0","1","0"
"SER04098","Inside the Ambulance","2016","NA","8.6","NA","0","0","1","0"
"SER04099","Defenders of the Earth","1986","7+","7.1","NA","0","0","1","0"
"SER04100","Acapulco H.E.A.T.","1993","16+","5.9","NA","0","0","1","0"
"SER04101","The Real McCoys","1957","NA","7.5","NA","0","0","1","0"
"SER04102","Sophia","2017","NA","7.7","NA","0","0","1","0"
"SER04103","Sigmund and the Sea Monsters","1973","all","7","NA","0","0","1","0"
"SER04104","David el gnomo","1988","all","7.4","NA","0","0","1","0"
"SER04105","Kratts' Creatures","1996","all","8.1","NA","0","0","1","0"
"SER04106","Budding Prospects","2017","18+","7.3","0.8","0","0","1","0"
"SER04107","The Last Place on Earth","1985","16+","8.1","NA","0","0","1","0"
"SER04108","Fury","1955","NA","7.3","NA","0","0","1","0"
"SER04109","The Adventures of Maya the Honey Bee","1975","all","6.7","NA","0","0","1","0"
"SER04110","The Gymkhana Files","2018","NA","7.9","NA","0","0","1","0"
"SER04111","Merlin's Apprentice","2006","16+","5.3","NA","0","0","1","0"
"SER04112","Zero Hour","2004","7+","7.9","NA","0","0","1","0"
"SER04113","Nova ScienceNow","2005","all","8.5","NA","0","0","1","0"
"SER04114","Prime Suspect: Tennison","2017","16+","7.5","0.47","0","0","1","0"
"SER04115","All or Nothing: The Dallas Cowboys","2018","18+","7.7","NA","0","0","1","0"
"SER04116","Highlander: The Raven","1998","7+","5.3","NA","0","0","1","0"
"SER04117","Gator Boys","2012","NA","7","NA","0","0","1","0"
"SER04118","Mamon","2015","NA","7.4","NA","0","0","1","0"
"SER04119","WordWorld","2007","all","6.7","NA","0","0","1","0"
"SER04120","Mansfield Park","1983","all","6.7","NA","0","0","1","0"
"SER04121","Nanny 911","2004","7+","5.4","NA","0","0","1","0"
"SER04122","Unscripted","2005","NA","7.1","NA","0","0","1","0"
"SER04123","Salvage Hunters","2011","NA","7.8","NA","0","0","1","0"
"SER04124","Sensing Murder","2006","NA","6.1","NA","0","0","1","0"
"SER04125","Pete the Cat","2017","all","7.5","NA","0","0","1","0"
"SER04126","True Tears","2008","7+","7.3","NA","0","0","1","0"
"SER04127","JourneyQuest","2010","NA","7.9","NA","0","0","1","0"
"SER04128","East West 101","2007","18+","7.3","NA","0","0","1","0"
"SER04129","Green Paradise","2011","all","9.3","NA","0","0","1","0"
"SER04130","Life In Squares","2015","NA","6.5","NA","0","0","1","0"
"SER04131","Shakespeare Uncovered","2012","NA","8.5","NA","0","0","1","0"
"SER04132","One Mic Stand","2019","NA","6.6","NA","0","0","1","0"
"SER04133","Alice in Paris","2016","NA","8.9","NA","0","0","1","0"
"SER04134","Urban Legends","2007","NA","6.7","NA","0","0","1","0"
"SER04135","Boarding School Juliet","2018","16+","6.8","NA","0","0","1","0"
"SER04136","Hooked","2015","18+","7.6","NA","0","0","1","0"
"SER04137","Lorna Doone","2000","NA","6.9","NA","0","0","1","0"
"SER04138","Hearts Afire","1992","7+","7","0.5","0","0","1","0"
"SER04139","10.5: Apocalypse","2006","NA","4.5","NA","0","0","1","0"
"SER04140","Lost in Oz","2015","7+","7.7","NA","0","0","1","0"
"SER04141","Dino Dan","2009","all","5.2","NA","0","0","1","0"
"SER04142","Finding Bigfoot","2011","7+","4.2","NA","0","0","1","0"
"SER04143","Kannazuki no Miko","2004","16+","6.6","NA","0","0","1","0"
"SER04144","Great Expectations","1998","18+","7.2","0.37","0","0","1","0"
"SER04145","Peg + Cat","2013","all","7.8","NA","0","0","1","0"
"SER04146","Pioneers of Television","2008","7+","7.9","NA","0","0","1","0"
"SER04147","Tangle","2009","NA","7.7","NA","0","0","1","0"
"SER04148","Inuyashiki Last Hero","2017","NA","6.6","NA","0","0","1","0"
"SER04149","Eat the World with Emeril Lagasse","2016","16+","7.9","NA","0","0","1","0"
"SER04150","The History of Tom Jones","1997","NA","7.6","NA","0","0","1","0"
"SER04151","Shifting Gears with Aaron Kaufman","2018","NA","5.6","NA","0","0","1","0"
"SER04152","Namaste Yoga","2005","NA","7.4","NA","0","0","1","0"
"SER04153","Pensacola: Wings of Gold","1997","NA","6.1","NA","0","0","1","0"
"SER04154","Most Haunted","2002","NA","5","NA","0","0","1","0"
"SER04155","Grimoire of Zero","2017","16+","7","NA","0","0","1","0"
"SER04156","Flipper","1995","NA","5.4","NA","0","0","1","0"
"SER04157","Kokkoku, Moment by Moment","2018","18+","7","NA","0","0","1","0"
"SER04158","Canimals","2011","all","7","NA","0","0","1","0"
"SER04159","The Jury","2002","NA","7.7","NA","0","0","1","0"
"SER04160","18 to Life","2010","NA","6","0.2","0","0","1","0"
"SER04161","American Ripper","2017","16+","6.3","NA","0","0","1","0"
"SER04162","HBO Comedy Half-Hour","1994","7+","7.9","NA","0","0","1","0"
"SER04163","Fireball XL5","1962","7+","7.4","NA","0","0","1","0"
"SER04164","Just Because!","2017","7+","6.8","NA","0","0","1","0"
"SER04165","Soviet Storm: WWII in the East","2011","7+","NA","NA","0","0","1","0"
"SER04166","El Dorado","2010","NA","4.7","NA","0","0","1","0"
"SER04167","Love in a Cold Climate","1980","NA","7.7","NA","0","0","1","0"
"SER04168","Worricker","2011","NA","8.9","NA","0","0","1","0"
"SER04169","50 Ways To Kill Your Mammy","2014","NA","8.1","NA","0","0","1","0"
"SER04170","Meet the Romans with Mary Beard","2012","NA","7.9","NA","0","0","1","0"
"SER04171","The Underground","2006","18+","5.4","NA","0","0","1","0"
"SER04172","The Roy Rogers Show","1951","NA","7.2","NA","0","0","1","0"
"SER04173","La Femme Musketeer","2004","NA","5.7","NA","0","0","1","0"
"SER04174","Shirley Temple's Storybook","1958","NA","7.6","NA","0","0","1","0"
"SER04175","Til Debt Do Us Part","2005","NA","7.7","NA","0","0","1","0"
"SER04176","Fireman Sam","1987","all","6.2","NA","0","0","1","0"
"SER04177","Fighter of the Destiny","2017","NA","7.4","NA","0","0","1","0"
"SER04178","Nature Cat","2015","all","7.1","NA","0","0","1","0"
"SER04179","Blade of the Immortal","2008","16+","6.7","NA","0","0","1","0"
"SER04180","Happy Sugar Life","2018","NA","6.3","NA","0","0","1","0"
"SER04181","Clifford's Puppy Days","2003","all","6.7","NA","0","0","1","0"
"SER04182","Wild Boys","2011","7+","7","NA","0","0","1","0"
"SER04183","Girl/Girl Scene","2010","18+","5.4","NA","0","0","1","0"
"SER04184","When We Go to War","2015","16+","7","NA","0","0","1","0"
"SER04185","1st & Ten","1984","NA","6.4","NA","0","0","1","0"
"SER04186","The Danny Thomas Show","1957","all","7.4","NA","0","0","1","0"
"SER04187","The Simple Life","2003","16+","3.8","0.35","0","0","1","0"
"SER04188","The Legend of William Tell","1998","NA","7.2","NA","0","0","1","0"
"SER04189","L.A. Heat","1999","NA","7.4","NA","0","0","1","0"
"SER04190","Geeking Out","2016","NA","7.2","NA","0","0","1","0"
"SER04191","The Legend of Prince Valiant","1991","all","7.4","NA","0","0","1","0"
"SER04192","IRODUKU: The World in Colors","2018","16+","7.3","NA","0","0","1","0"
"SER04193","Body & Soul","1993","NA","8.1","NA","0","0","1","0"
"SER04194","Princess Principal","2017","18+","7.3","NA","0","0","1","0"
"SER04195","The R.I.P. Files","2012","NA","7.6","NA","0","0","1","0"
"SER04196","Six Dreams","2018","NA","7.9","NA","0","0","1","0"
"SER04197","Flash Gordon","2007","7+","4.8","0.15","0","0","1","0"
"SER04198","Black Widows","2014","NA","6.8","NA","0","0","1","0"
"SER04199","Beatless","2018","NA","5.6","NA","0","0","1","0"
"SER04200","The Veil","1958","NA","7.5","NA","0","0","1","0"
"SER04201","Leah Remini: It's All Relative","2014","16+","6.9","NA","0","0","1","0"
"SER04202","The Sea Hunters","2002","all","8","NA","0","0","1","0"
"SER04203","Cape Town","2016","16+","6.1","NA","0","0","1","0"
"SER04204","Stingray","1964","NA","7.3","NA","0","0","1","0"
"SER04205","The Occult History of the Third Reich","1990","NA","7.1","NA","0","0","1","0"
"SER04206","Fluffy's Food Adventures","2015","7+","6.9","NA","0","0","1","0"
"SER04207","The Brief","2004","NA","7.3","NA","0","0","1","0"
"SER04208","Rebel","2017","16+","5.2","0.38","0","0","1","0"
"SER04209","Philip Marlowe, Private Eye","1983","NA","7.9","NA","0","0","1","0"
"SER04210","Transformers: Combiner Wars","2016","16+","5.5","NA","0","0","1","0"
"SER04211","The Rebel","1959","NA","7.7","NA","0","0","1","0"
"SER04212","Walking Through History","2013","NA","8.1","NA","0","0","1","0"
"SER04213","In Justice","2006","NA","7.3","NA","0","0","1","0"
"SER04214","Barter Kings","2012","7+","5","NA","0","0","1","0"
"SER04215","Angel's Friends","2009","NA","7.4","NA","0","0","1","0"
"SER04216","An American Girl Story - Melody 1963: Love Has to Win","2016","all","7.6","NA","0","0","1","0"
"SER04217","Metropolis","2015","NA","7.7","NA","0","0","1","0"
"SER04218","Decoy","1957","NA","7.9","NA","0","0","1","0"
"SER04219","Date My Dad","2017","all","7.2","NA","0","0","1","0"
"SER04220","If It's for My Daughter, I'd Even Defeat a Demon Lord","2019","NA","NA","NA","0","0","1","0"
"SER04221","The Annoying Orange","2009","7+","NA","NA","0","0","1","0"
"SER04222","Starhunter ReduX","2018","NA","5.6","NA","0","0","1","0"
"SER04223","Crime Investigation Australia","2005","18+","7.9","NA","0","0","1","0"
"SER04224","Niko and the Sword of Light","2017","all","7.7","NA","0","0","1","0"
"SER04225","Mr. Lucky","1959","NA","7.8","NA","0","0","1","0"
"SER04226","The Eleven","2017","16+","6.7","NA","0","0","1","0"
"SER04227","Blippi","2016","all","8.2","NA","0","0","1","0"
"SER04228","Annedroids","2014","all","6.2","NA","0","0","1","0"
"SER04229","Bizarre ER","2008","NA","7.5","NA","0","0","1","0"
"SER04230","GetBackers","2002","16+","7.4","NA","0","0","1","0"
"SER04231","A Very British Coup","1988","18+","8.3","NA","0","0","1","0"
"SER04232","This Is Personal: The Hunt for the Yorkshire Ripper","2000","NA","7.7","NA","0","0","1","0"
"SER04233","ToddWorld","2004","NA","6.8","NA","0","0","1","0"
"SER04234","Child Genius","2015","7+","6.9","NA","0","0","1","0"
"SER04235","Oasis","2017","18+","8.3","NA","0","0","1","0"
"SER04236","Plane Resurrection","2016","NA","7.1","NA","0","0","1","0"
"SER04237","Strange Events","2017","NA","4.8","NA","0","0","1","0"
"SER04238","Atlantis High","2001","all","7.9","NA","0","0","1","0"
"SER04239","Charlie's Angels","2011","16+","4.4","NA","0","0","1","0"
"SER04240","Welcome to the Ballroom","2017","16+","7.7","NA","0","0","1","0"
"SER04241","Julia and Jacques Cooking at Home","1999","all","8.6","NA","0","0","1","0"
"SER04242","The Hive","2010","all","6.8","NA","0","0","1","0"
"SER04243","Homefront","2012","16+","6.4","NA","0","0","1","0"
"SER04244","Ancient Inventions","1998","NA","7.8","NA","0","0","1","0"
"SER04245","America Divided","2016","16+","3.8","NA","0","0","1","0"
"SER04246","Comicstaan","2018","18+","6.8","NA","0","0","1","0"
"SER04247","The Casagrandes","2019","NA","6.5","NA","0","0","1","0"
"SER04248","Hitler's bodyguard","2010","7+","7.6","NA","0","0","1","0"
"SER04249","My Girlfriend is Shobitch","2017","NA","NA","NA","0","0","1","0"
"SER04250","Enemy at the Door","1978","NA","7.8","NA","0","0","1","0"
"SER04251","The Stinky & Dirty Show","2016","all","7.1","NA","0","0","1","0"
"SER04252","Sergeant Preston of the Yukon","1955","NA","7.6","NA","0","0","1","0"
"SER04253","Long Shadow","2014","NA","7.8","NA","0","0","1","0"
"SER04254","Rage of Bahamut Virgin Soul","2017","NA","7.3","NA","0","0","1","0"
"SER04255","Busytown Mysteries","2007","all","6.3","NA","0","0","1","0"
"SER04256","Game of Arms","2014","NA","6.2","NA","0","0","1","0"
"SER04257","Love and Lies","2017","16+","5.9","NA","0","0","1","0"
"SER04258","Single and Anxious","2016","NA","9.2","NA","0","0","1","0"
"SER04259","Warrior Women","2003","NA","8","NA","0","0","1","0"
"SER04260","Alexander the Great","2014","7+","6.8","NA","0","0","1","0"
"SER04261","Truckers","2013","NA","6.8","NA","0","0","1","0"
"SER04262","Unsealed: Conspiracy Files","2012","NA","6.2","NA","0","0","1","0"
"SER04263","Arthur & George","2015","all","5.5","NA","0","0","1","0"
"SER04264","Bad Guy","2010","16+","7.8","NA","0","0","1","0"
"SER04265","Tokyo Girl","2016","NA","8.1","NA","0","0","1","0"
"SER04266","Lancelot Link, Secret Chimp","1970","NA","7.5","NA","0","0","1","0"
"SER04267","Postcards from Buster","2004","all","6.1","NA","0","0","1","0"
"SER04268","The White Guard","2012","NA","6.2","NA","0","0","1","0"
"SER04269","The Pitch","2012","NA","7","NA","0","0","1","0"
"SER04270","Spaceballs: The Animated Series","2008","18+","4.3","NA","0","0","1","0"
"SER04271","Full Custom Garage","2014","NA","8.4","NA","0","0","1","0"
"SER04272","On the Spot","2014","NA","8.1","NA","0","0","1","0"
"SER04273","Bonekickers","2008","NA","4.9","NA","0","0","1","0"
"SER04274","No Easy Days","2018","NA","5.6","NA","0","0","1","0"
"SER04275","The Nightmare Worlds of H.G. Wells","2016","NA","6","NA","0","0","1","0"
"SER04276","Big Pacific","2017","all","8.4","NA","0","0","1","0"
"SER04277","A Fortunate Life","1986","7+","7.9","NA","0","0","1","0"
"SER04278","Yuki Yuna is a Hero","2014","16+","6.6","NA","0","0","1","0"
"SER04279","Crime Stories","1999","NA","7.3","NA","0","0","1","0"
"SER04280","Wildest Africa","2013","7+","8.1","NA","0","0","1","0"
"SER04281","Wild America","1982","all","8.6","NA","0","0","1","0"
"SER04282","Jayde Adams: Serious Black Jumper","2020","NA","6.9","NA","0","0","1","0"
"SER04283","Day Zero","2013","NA","7","NA","0","0","1","0"
"SER04284","Pioneer Quest: A Year in the Real West","2000","NA","7.2","NA","0","0","1","0"
"SER04285","The Pickwick Papers","1985","NA","7.1","NA","0","0","1","0"
"SER04286","Westinghouse Studio One","1948","NA","7.8","NA","0","0","1","0"
"SER04287","Strowlers","2018","NA","5.3","NA","0","0","1","0"
"SER04288","Secrets of Archeology","2014","NA","7.7","NA","0","0","1","0"
"SER04289","The Manners of Downton Abbey","2015","NA","7.6","NA","0","0","1","0"
"SER04290","Inside Jokes","2018","16+","7.2","NA","0","0","1","0"
"SER04291","A Little Snow Fairy Sugar","2001","NA","7.3","NA","0","0","1","0"
"SER04292","Switch","2012","NA","6.7","NA","0","0","1","0"
"SER04293","Grand Star","2007","NA","5.6","NA","0","0","1","0"
"SER04294","Jack Hunter and the Lost Treasure of Ugarit","2008","7+","4.7","NA","0","0","1","0"
"SER04295","Handcrafted America","2016","NA","8.7","NA","0","0","1","0"
"SER04296","Pound House","2013","NA","8.3","NA","0","0","1","0"
"SER04297","Wild Roses","2009","NA","6.9","NA","0","0","1","0"
"SER04298","Amish Mafia","2012","16+","3","NA","0","0","1","0"
"SER04299","The Vigilantes in Masks","2011","16+","7.8","NA","0","0","1","0"
"SER04300","Only in America with Larry the Cable Guy","2011","16+","6.4","NA","0","0","1","0"
"SER04301","The Detectives","2015","NA","7.8","NA","0","0","1","0"
"SER04302","The Queen","2009","NA","7.2","NA","0","0","1","0"
"SER04303","Real People","1979","NA","7.1","NA","0","0","1","0"
"SER04304","Samurai Girls","2010","18+","6.6","NA","0","0","1","0"
"SER04305","Drop Kick on my Devil!","2018","NA","6.4","NA","0","0","1","0"
"SER04306","Contact","2015","NA","7.5","NA","0","0","1","0"
"SER04307","America Revealed","2012","NA","8","NA","0","0","1","0"
"SER04308","Black Harbour","1996","NA","7.8","NA","0","0","1","0"
"SER04309","The Naked Archaeologist","2005","NA","7.3","NA","0","0","1","0"
"SER04310","Ilana Glazer: The Planet Is Burning","2020","NA","3.7","NA","0","0","1","0"
"SER04311","Are You Lost?","2019","NA","6.2","NA","0","0","1","0"
"SER04312","Tokyo Vampire Hotel","2018","NA","6.1","0.63","0","0","1","0"
"SER04313","The Kacey Musgraves Christmas Show","2019","NA","7.2","NA","0","0","1","0"
"SER04314","Played","2013","NA","6.3","NA","0","0","1","0"
"SER04315","Goku Midnight Eye","1989","NA","6.9","NA","0","0","1","0"
"SER04316","The Swiss Family Robinson","1975","NA","6.8","NA","0","0","1","0"
"SER04317","Survive This","2009","7+","6.6","NA","0","0","1","0"
"SER04318","Il giovane Mussolini","1994","18+","5.8","NA","0","0","1","0"
"SER04319","Rob Delaney: Jackie","2020","NA","6.4","NA","0","0","1","0"
"SER04320","Wildest India","2012","NA","8.1","NA","0","0","1","0"
"SER04321","The Buccaneers","1956","NA","7.6","NA","0","0","1","0"
"SER04322","Londongrad","2015","7+","5.8","NA","0","0","1","0"
"SER04323","Thelma's Gypsy Girls","2012","NA","6.4","NA","0","0","1","0"
"SER04324","Making It In Music City","2017","NA","8.2","NA","0","0","1","0"
"SER04325","Pandora's Box","2012","16+","8.5","NA","0","0","1","0"
"SER04326","Circus","2010","7+","8.3","NA","0","0","1","0"
"SER04327","Zack Morris is Trash","2017","NA","7.8","NA","0","0","1","0"
"SER04328","Colonel March of Scotland Yard","1956","NA","7.3","NA","0","0","1","0"
"SER04329","Culture in Decline","2012","NA","8.4","NA","0","0","1","0"
"SER04330","Rome","2012","NA","5.7","NA","0","0","1","0"
"SER04331","Chillers","1990","NA","6.8","NA","0","0","1","0"
"SER04332","Stories from the Stone Age","2004","all","8.5","NA","0","0","1","0"
"SER04333","A Woman Named Jackie","1991","7+","6.7","NA","0","0","1","0"
"SER04334","The Karate Kid","1989","NA","4.9","NA","0","0","1","0"
"SER04335","Happy Marriage!?","2016","NA","7.3","NA","0","0","1","0"
"SER04336","Donnie Loves Jenny","2015","16+","5.4","NA","0","0","1","0"
"SER04337","<U+90A3><U+5E74><U+82B1><U+958B><U+6708><U+6B63><U+5713>","2017","7+","7.8","NA","0","0","1","0"
"SER04338","Hollywood Weapons","2017","7+","7.6","NA","0","0","1","0"
"SER04339","Science And Islam","2009","NA","8","NA","0","0","1","0"
"SER04340","Italy's Invisible Cities","2016","NA","8.1","NA","0","0","1","0"
"SER04341","999: What's Your Emergency?","2012","NA","7","NA","0","0","1","0"
"SER04342","The Adventures of Jim Bowie","1956","NA","7.1","NA","0","0","1","0"
"SER04343","Hero: 108","2010","all","5.5","NA","0","0","1","0"
"SER04344","Legend of Master Legend","2017","NA","NA","0.73","0","0","1","0"
"SER04345","Password Plus","1979","all","7.6","NA","0","0","1","0"
"SER04346","Inventions That Shook the World","2011","NA","8.2","NA","0","0","1","0"
"SER04347","Ready Jet Go!","2016","all","6","NA","0","0","1","0"
"SER04348","Egypt (1998)","1998","NA","8.3","NA","0","0","1","0"
"SER04349","Battle Castle","2012","NA","7.8","NA","0","0","1","0"
"SER04350","Geu-hu","2017","NA","6.9","NA","0","0","1","0"
"SER04351","The Roman Empire in the First Century","2001","NA","7.5","NA","0","0","1","0"
"SER04352","Wagner","1983","NA","7.7","NA","0","0","1","0"
"SER04353","Sworn to Secrecy: Secrets of War","1998","16+","7.4","NA","0","0","1","0"
"SER04354","Brum","1991","7+","6.2","NA","0","0","1","0"
"SER04355","Glorious Gardens from Above","2014","NA","NA","NA","0","0","1","0"
"SER04356","Mobile","2007","NA","7.4","NA","0","0","1","0"
"SER04357","Forensic Factor","2003","18+","7.3","NA","0","0","1","0"
"SER04358","Unsolved History","2002","NA","7","NA","0","0","1","0"
"SER04359","Harts of the West","1993","NA","7","NA","0","0","1","0"
"SER04360","Jestination Unknown","2019","16+","6.2","NA","0","0","1","0"
"SER04361","First Peoples","2015","all","7.9","NA","0","0","1","0"
"SER04362","Popeye and Son","1987","all","5.7","NA","0","0","1","0"
"SER04363","The Broker's Man","1997","NA","6.5","NA","0","0","1","0"
"SER04364","Cheetah in August","2015","NA","6.4","NA","0","0","1","0"
"SER04365","Flint: Redemption","2013","NA","5.3","NA","0","0","1","0"
"SER04366","Wildest Indochina","2014","NA","8.3","NA","0","0","1","0"
"SER04367","Animal Mechanicals","2008","all","5.7","NA","0","0","1","0"
"SER04368","Makimi","2013","NA","7.7","NA","0","0","1","0"
"SER04369","The Story of Women and Power","2018","NA","7","NA","0","0","1","0"
"SER04370","A Craftsman’s Legacy","2014","all","9","NA","0","0","1","0"
"SER04371","Ultimate Survival: Everest","2004","NA","7.2","NA","0","0","1","0"
"SER04372","Xavier Riddle and the Secret Museum","2019","all","7.6","NA","0","0","1","0"
"SER04373","Confessions: Animal Hoarding","2010","NA","7","NA","0","0","1","0"
"SER04374","World War II The Last Heroes","2011","NA","8.5","NA","0","0","1","0"
"SER04375","Billion Dollar Wreck","2016","7+","4.7","NA","0","0","1","0"
"SER04376","Seven Senses of the Re'Union","2018","NA","4.6","NA","0","0","1","0"
"SER04377","Marco Polo","2007","NA","6","NA","0","0","1","0"
"SER04378","Dusty's Trail","1973","NA","5.6","NA","0","0","1","0"
"SER04379","Rich Bride, Poor Bride","2006","all","5.9","NA","0","0","1","0"
"SER04380","Gotthard","2016","NA","6.5","NA","0","0","1","0"
"SER04381","Sweet Dreams","2011","NA","NA","NA","0","0","1","0"
"SER04382","Xploration DIY Sci","2016","all","8.8","NA","0","0","1","0"
"SER04383","Horseland","2006","all","5.8","NA","0","0","1","0"
"SER04384","The Timeline","2015","NA","8.2","NA","0","0","1","0"
"SER04385","Wild North","2015","NA","7.3","NA","0","0","1","0"
"SER04386","The Snowy Day","2016","all","7.2","NA","0","0","1","0"
"SER04387","Cool McCool","1966","7+","7.2","NA","0","0","1","0"
"SER04388","Jackson's Wharf","1999","NA","6.3","NA","0","0","1","0"
"SER04389","Judge Faith","2014","7+","7","NA","0","0","1","0"
"SER04390","Dagger Kiss","2016","NA","5.3","NA","0","0","1","0"
"SER04391","Amethyst, Princess of Gemworld","2013","NA","7.3","NA","0","0","1","0"
"SER04392","Beyond","2005","NA","7","NA","0","0","1","0"
"SER04393","Eat. Race. Win.","2018","NA","7.1","NA","0","0","1","0"
"SER04394","If You Give a Mouse a Cookie","2015","7+","6.1","NA","0","0","1","0"
"SER04395","All About Colors","2015","all","NA","NA","0","0","1","0"
"SER04396","The Back Pages","2017","NA","5.4","NA","0","0","1","0"
"SER04397","The Hunt","2014","NA","6.5","NA","0","0","1","0"
"SER04398","Baby Talk","1991","all","4.2","NA","0","0","1","0"
"SER04399","Fukuyadou Honpo: Kyoto Love Story","2016","NA","7.7","NA","0","0","1","0"
"SER04400","Vipo: Adventures of the Flying Dog","2007","NA","5.8","NA","0","0","1","0"
"SER04401","Perfect Couple","2014","NA","8.2","NA","0","0","1","0"
"SER04402","The New V.I.P.'s","2017","NA","NA","0.5","0","0","1","0"
"SER04403","I Am Innocent","2015","18+","7.2","NA","0","0","1","0"
"SER04404","Hi-5","1999","all","6.4","NA","0","0","1","0"
"SER04405","YouTubers React","2012","NA","5","NA","0","0","1","0"
"SER04406","Blockbusters","1980","NA","7.2","NA","0","0","1","0"
"SER04407","The Amazing Gayl Pile","2015","NA","5.1","NA","0","0","1","0"
"SER04408","Glenn Martin, DDS","2009","16+","4.1","0.36","0","0","1","0"
"SER04409","Trail of Tears","1999","all","8.2","NA","0","0","1","0"
"SER04410","Liverpool 1","1998","7+","7","NA","0","0","1","0"
"SER04411","Onihei","2017","NA","7.4","NA","0","0","1","0"
"SER04412","The Dog Rescuers","2013","NA","7.7","NA","0","0","1","0"
"SER04413","Ghost Stories","1997","NA","6.6","NA","0","0","1","0"
"SER04414","Honest Ads","2017","NA","8.2","NA","0","0","1","0"
"SER04415","Project G.e.e.K.e.R.","1996","all","7.5","NA","0","0","1","0"
"SER04416","The Best of the Dean Martin Celebrity Roasts","1974","NA","NA","NA","0","0","1","0"
"SER04417","Catherine","2013","NA","7.1","NA","0","0","1","0"
"SER04418","Design Squad","2007","all","7.5","NA","0","0","1","0"
"SER04419","The Adventures of Kit Carson","1951","NA","7.4","NA","0","0","1","0"
"SER04420","Medieval Dead","2013","NA","7.4","NA","0","0","1","0"
"SER04421","The Ultimate Civil War Series: 150th Anniversary Edition","2012","NA","7.7","NA","0","0","1","0"
"SER04422","Knock Knock Ghost","2015","NA","6.8","NA","0","0","1","0"
"SER04423","Danger & Eggs","2017","all","6.6","0.44","0","0","1","0"
"SER04424","Life on the Reef","2015","NA","8","NA","0","0","1","0"
"SER04425","The Prize - The Epic Quest for Oil, Money and Power","1992","NA","8.3","NA","0","0","1","0"
"SER04426","Great Artists with Tim Marlow","2001","NA","8.2","NA","0","0","1","0"
"SER04427","Tricky Business","2012","NA","6.2","NA","0","0","1","0"
"SER04428","Engineering Giants","2012","NA","8.4","NA","0","0","1","0"
"SER04429","LEGO City","2011","all","5.2","NA","0","0","1","0"
"SER04430","Moses the Lawgiver","1975","all","6","NA","0","0","1","0"
"SER04431","Stacey David's GearZ","2010","all","8.8","NA","0","0","1","0"
"SER04432","Into the Wild","2014","NA","8.2","NA","0","0","1","0"
"SER04433","Dangerous Encounters","2005","all","7.1","NA","0","0","1","0"
"SER04434","Looped","2016","all","6.3","NA","0","0","1","0"
"SER04435","Hot Girl","2016","NA","6.6","NA","0","0","1","0"
"SER04436","Big Easy Motors","2016","7+","6.2","NA","0","0","1","0"
"SER04437","The Bug Diaries","2019","all","5.5","NA","0","0","1","0"
"SER04438","Clifford the Big Red Dog","2019","all","5.9","NA","0","0","1","0"
"SER04439","Infidelity","2011","NA","6.2","NA","0","0","1","0"
"SER04440","Jessy & Nessy","2020","all","8","NA","0","0","1","0"
"SER04441","Two Worlds","1998","NA","6.4","NA","0","0","1","0"
"SER04442","Greatest Tank Battles","2010","16+","7.2","NA","0","0","1","0"
"SER04443","Lunch Monkeys","2008","NA","6.4","NA","0","0","1","0"
"SER04444","Mystery Files","2010","all","7","NA","0","0","1","0"
"SER04445","Killer Wave","2007","16+","4.4","NA","0","0","1","0"
"SER04446","Mr. & Mrs. North","1952","NA","7.4","NA","0","0","1","0"
"SER04447","Immortal Egypt","2016","NA","8","NA","0","0","1","0"
"SER04448","Franny's Feet","2004","all","6.3","NA","0","0","1","0"
"SER04449","Hostages of the SS","2015","7+","7.4","NA","0","0","1","0"
"SER04450","Starhyke","2009","NA","3.8","NA","0","0","1","0"
"SER04451","Almost Naked Animals","2011","7+","3","NA","0","0","1","0"
"SER04452","Raggs","2006","NA","NA","NA","0","0","1","0"
"SER04453","Legends of Power with Tony Robinson","2003","NA","NA","NA","0","0","1","0"
"SER04454","Black Jack","1993","NA","7.4","NA","0","0","1","0"
"SER04455","Vials","2017","NA","NA","NA","0","0","1","0"
"SER04456","Nikola Tesla and the End of the World","2015","NA","5","NA","0","0","1","0"
"SER04457","Haunting: Australia","2014","16+","5.7","NA","0","0","1","0"
"SER04458","Tricked","2013","NA","7.3","NA","0","0","1","0"
"SER04459","For the Love of Ray J","2009","NA","3.3","NA","0","0","1","0"
"SER04460","WWII's Greatest Raids","2014","7+","7.1","NA","0","0","1","0"
"SER04461","999: Killer on the Line?","2016","NA","7.4","NA","0","0","1","0"
"SER04462","Hackers of CypherCon","2018","NA","7","NA","0","0","1","0"
"SER04463","Vatican Miracle Examiner","2017","NA","6.5","NA","0","0","1","0"
"SER04464","Battlefront","1999","NA","8.3","NA","0","0","1","0"
"SER04465","Creative Galaxy","2013","all","4.9","NA","0","0","1","0"
"SER04466","Chi's Sweet Adventure","2016","NA","7.5","NA","0","0","1","0"
"SER04467","Real Chance of Love","2008","NA","4.1","NA","0","0","1","0"
"SER04468","Judge Roy Bean","1955","NA","7.3","NA","0","0","1","0"
"SER04469","Dance Moms: Miami","2012","16+","4","NA","0","0","1","0"
"SER04470","Lidia's Kitchen","2013","all","7.6","NA","0","0","1","0"
"SER04471","Qumi-Qumi","2012","NA","8","NA","0","0","1","0"
"SER04472","Wildest Arctic","2012","NA","8.4","NA","0","0","1","0"
"SER04473","Roughing It","2002","NA","7","NA","0","0","1","0"
"SER04474","Kemurikusa","2019","all","7.1","NA","0","0","1","0"
"SER04475","Minecraft Villagers","2013","NA","6.8","NA","0","0","1","0"
"SER04476","Closer to Truth","2000","all","8.4","NA","0","0","1","0"
"SER04477","Devil's Brigade","2006","NA","7.1","NA","0","0","1","0"
"SER04478","Xploration Outer Space","2014","all","7.8","NA","0","0","1","0"
"SER04479","The Crimean War","2018","NA","7.7","NA","0","0","1","0"
"SER04480","Bali","2006","all","5.5","NA","0","0","1","0"
"SER04481","Time Team America","2009","all","6.5","NA","0","0","1","0"
"SER04482","Life in the Carolinas","2008","NA","7.8","NA","0","0","1","0"
"SER04483","Parents","2012","16+","5.8","NA","0","0","1","0"
"SER04484","Queens","2017","NA","6.3","NA","0","0","1","0"
"SER04485","Impossible Builds","2018","7+","7.2","NA","0","0","1","0"
"SER04486","72 Hours","2013","16+","5.8","NA","0","0","1","0"
"SER04487","Super Skyscrapers","2014","all","7.9","NA","0","0","1","0"
"SER04488","Renaissance Unchained","2016","NA","8.2","NA","0","0","1","0"
"SER04489","Barbie Dreamtopia","2017","NA","6.1","NA","0","0","1","0"
"SER04490","Brandi and Jarrod: Married to the Job","2014","NA","4.2","NA","0","0","1","0"
"SER04491","Doctor in the House","1969","NA","7.5","NA","0","0","1","0"
"SER04492","Ground Warfare","2010","NA","NA","NA","0","0","1","0"
"SER04493","Nature's Power Revealed","2008","NA","9","NA","0","0","1","0"
"SER04494","Owlegories","2016","NA","8.7","NA","0","0","1","0"
"SER04495","Fast Food Mania","2012","7+","7.7","NA","0","0","1","0"
"SER04496","Civilisation","2015","NA","6.4","NA","0","0","1","0"
"SER04497","The Attackers","2013","NA","7.1","NA","0","0","1","0"
"SER04498","Vanity","2015","NA","6.6","NA","0","0","1","0"
"SER04499","Millenniums","2018","NA","6.2","NA","0","0","1","0"
"SER04500","Wildest Latin America","2012","NA","NA","NA","0","0","1","0"
"SER04501","Pompidou","2015","NA","4","NA","0","0","1","0"
"SER04502","FBI Takedowns","2015","7+","7.8","NA","0","0","1","0"
"SER04503","First Civilizations","2018","NA","6.7","NA","0","0","1","0"
"SER04504","Miami Swat","2009","NA","7.5","NA","0","0","1","0"
"SER04505","The Celts","2001","NA","8","NA","0","0","1","0"
"SER04506","Ancient Roads from Christ to Constantine","2015","NA","8","NA","0","0","1","0"
"SER04507","The Sheriffs are Coming","2012","all","6.8","NA","0","0","1","0"
"SER04508","Crackanory","2013","NA","7","NA","0","0","1","0"
"SER04509","Enchantimals","2018","NA","8.7","NA","0","0","1","0"
"SER04510","Forensics: You Decide","2009","NA","7.2","NA","0","0","1","0"
"SER04511","Delayed Gratification Series","2017","NA","8.7","NA","0","0","1","0"
"SER04512","Cosmic Quantum Ray","2009","all","5.7","NA","0","0","1","0"
"SER04513","Frauen, die Geschichte machten","2013","NA","7.3","NA","0","0","1","0"
"SER04514","Gangstars","2018","NA","7.4","NA","0","0","1","0"
"SER04515","Leo the Wildlife Ranger","2015","NA","7","NA","0","0","1","0"
"SER04516","Rob the Robot","2013","NA","7.7","NA","0","0","1","0"
"SER04517","Foxy Ladies","2016","NA","5.6","NA","0","0","1","0"
"SER04518","Private Sales","2016","NA","5.6","NA","0","0","1","0"
"SER04519","Nightmare in Suburbia","2008","NA","7.9","NA","0","0","1","0"
"SER04520","Shadow Force","2008","16+","7.4","NA","0","0","1","0"
"SER04521","SciGirls","2010","all","7.2","NA","0","0","1","0"
"SER04522","Pet Alien","2005","all","5.1","NA","0","0","1","0"
"SER04523","Cosmic Vistas","2009","NA","8.6","NA","0","0","1","0"
"SER04524","La La's Full Court Life","2011","16+","6.4","NA","0","0","1","0"
"SER04525","Napoleon: The Campaign of Russia","2014","NA","7.2","NA","0","0","1","0"
"SER04526","Money Hungry","2010","16+","6.9","NA","0","0","1","0"
"SER04527","Curious Traveler","2015","NA","7.8","NA","0","0","1","0"
"SER04528","The Irish Mob","2016","16+","7.3","NA","0","0","1","0"
"SER04529","Music & Murder","2016","18+","8.5","NA","0","0","1","0"
"SER04530","Baby Class First Words And Numbers","2015","NA","NA","NA","0","0","1","0"
"SER04531","Elders React","2012","NA","5.8","NA","0","0","1","0"
"SER04532","The Tube: Going Underground","2016","NA","8.2","NA","0","0","1","0"
"SER04533","Wishenpoof!","2015","all","4.5","NA","0","0","1","0"
"SER04534","The Baker and the Beauty","2013","NA","NA","NA","0","0","1","0"
"SER04535","Deadliest Journeys","2010","7+","7.9","NA","0","0","1","0"
"SER04536","Originalos","2010","NA","6.8","NA","0","0","1","0"
"SER04537","Orphen","1998","NA","6","NA","0","0","1","0"
"SER04538","South Beach Classics","2011","NA","6","NA","0","0","1","0"
"SER04539","Backroads USA","2013","NA","7.4","NA","0","0","1","0"
"SER04540","Boing: The Play Ranger","2015","NA","7.3","NA","0","0","1","0"
"SER04541","Chop Cut Rebuild","2004","NA","7.9","NA","0","0","1","0"
"SER04542","Drovers' Gold","1997","NA","7.6","NA","0","0","1","0"
"SER04543","Empires","2000","all","NA","NA","0","0","1","0"
"SER04544","The Vietnam War: Before, During, After","2017","NA","7.1","NA","0","0","1","0"
"SER04545","NOVA Wonders","2018","all","7.4","NA","0","0","1","0"
"SER04546","THURSTON-The Western Web Series","2011","NA","6","NA","0","0","1","0"
"SER04547","The Remarkable 20th Century","2004","NA","7.7","NA","0","0","1","0"
"SER04548","Mix Master: King of Cards","2005","NA","7.2","NA","0","0","1","0"
"SER04549","Beat the Clock","1979","NA","6.7","NA","0","0","1","0"
"SER04550","Diagnosis: Unknown","2002","NA","8.5","NA","0","0","1","0"
"SER04551","Hot Date","2017","NA","NA","NA","0","0","1","0"
"SER04552","Strange Love","2005","NA","2.3","NA","0","0","1","0"
"SER04553","Bake with Anna Olson","2012","all","7","NA","0","0","1","0"
"SER04554","Mud Men","2011","7+","NA","NA","0","0","1","0"
"SER04555","Great Estates Scotland","2014","all","7.4","NA","0","0","1","0"
"SER04556","Queen Victoria's Letters: A Monarch Unveiled","2014","NA","8","NA","0","0","1","0"
"SER04557","Spies Must Die: The Crimea","2008","NA","5.8","NA","0","0","1","0"
"SER04558","David and Olivia? - Naked in Scotland","2018","NA","NA","NA","0","0","1","0"
"SER04559","Juan Happy Love Story","2016","NA","7.4","NA","0","0","1","0"
"SER04560","Great Greek Myths","2015","NA","NA","NA","0","0","1","0"
"SER04561","Tainted Dreams","2017","NA","7.8","NA","0","0","1","0"
"SER04562","Nerve Center","2018","7+","6.5","NA","0","0","1","0"
"SER04563","The Other F Word","2017","NA","8","NA","0","0","1","0"
"SER04564","Fresh Tracks","2016","NA","8.8","NA","0","0","1","0"
"SER04565","Kit ^n^ Kate","2014","NA","6.6","NA","0","0","1","0"
"SER04566","Jungle Beat","2014","all","7.3","NA","0","0","1","0"
"SER04567","Fountain Of Youth","2017","NA","5.8","NA","0","0","1","0"
"SER04568","The Video Game Years","2012","NA","8.2","NA","0","0","1","0"
"SER04569","The New Howdy Doody Show","1976","NA","7.1","NA","0","0","1","0"
"SER04570","Shakespeare: The King's Man","2012","NA","7","NA","0","0","1","0"
"SER04571","Religions of the World","2015","NA","5.7","NA","0","0","1","0"
"SER04572","Life on Fire","2010","NA","8.3","NA","0","0","1","0"
"SER04573","First Footprints","2013","NA","8.4","NA","0","0","1","0"
"SER04574","Weird Homes","1998","NA","7.2","NA","0","0","1","0"
"SER04575","The Indian Wars: A Change of Worlds","2016","NA","5","NA","0","0","1","0"
"SER04576","My House of Paranormal","2017","NA","4","NA","0","0","1","0"
"SER04577","Blue Zoo","2018","NA","7.9","NA","0","0","1","0"
"SER04578","Narco Finance","2015","NA","7.8","NA","0","0","1","0"
"SER04579","The Wheelchair President","2015","NA","6.4","NA","0","0","1","0"
"SER04580","Superships","2001","all","8.4","NA","0","0","1","0"
"SER04581","Mount Royal","1988","NA","6.8","NA","0","0","1","0"
"SER04582","MuscleCar","2000","all","NA","NA","0","0","1","0"
"SER04583","Marine Machines","2005","NA","NA","NA","0","0","1","0"
"SER04584","Constitution USA with Peter Sagal","2013","NA","NA","NA","0","0","1","0"
"SER04585","Islam and the West","2011","all","NA","NA","0","0","1","0"
"SER04586","Super Structures of the World","1998","NA","NA","NA","0","0","1","0"
"SER04587","La Usurpadora","2019","NA","NA","NA","0","0","1","0"
"SER04588","Deals from the Dark Side","2011","NA","6.1","NA","0","0","1","0"
"SER04589","Grand Tours of Scotland's Lochs","2017","NA","7.3","NA","0","0","1","0"
"SER04590","The Prosecutors: In Pursuit Of Justice","2000","NA","7.5","NA","0","0","1","0"
"SER04591","Fashion News Live","2004","NA","6.2","NA","0","0","1","0"
"SER04592","Death - A Series About Life","2014","NA","7.7","NA","0","0","1","0"
"SER04593","Love It or Lose It","2004","NA","6","NA","0","0","1","0"
"SER04594","Flying Through Time","2004","all","NA","NA","0","0","1","0"
"SER04595","Strictly Ballet","2014","NA","6.6","NA","0","0","1","0"
"SER04596","Shark Gordon","2000","NA","8.2","NA","0","0","1","0"
"SER04597","Infieles","2009","NA","NA","NA","0","0","1","0"
"SER04598","Miracle Pets","2001","NA","7.5","NA","0","0","1","0"
"SER04599","Christmas Through the Decades","2015","NA","7.9","NA","0","0","1","0"
"SER04600","Dark Temptations","2014","NA","5.6","NA","0","0","1","0"
"SER04601","Accident Investigator","2005","NA","7.5","NA","0","0","1","0"
"SER04602","Teens React","2011","NA","5.6","NA","0","0","1","0"
"SER04603","Ancient Warriors","1994","NA","6.3","NA","0","0","1","0"
"SER04604","Makeover Wish","2007","NA","4.5","NA","0","0","1","0"
"SER04605","Mofy","2013","all","7","NA","0","0","1","0"
"SER04606","Super Ma'am","2017","NA","6.4","NA","0","0","1","0"
"SER04607","Crusade in Europe","1949","NA","7.1","NA","0","0","1","0"
"SER04608","Worth It: Lifestyle","2017","NA","7.4","NA","0","0","1","0"
"SER04609","Small Business Revolution: Main Street","2016","NA","7.7","NA","0","0","1","0"
"SER04610","The Worst Thing I Ever Did","2014","16+","5.4","NA","0","0","1","0"
"SER04611","The Suspects: True Australian Thrillers","2010","16+","7.9","NA","0","0","1","0"
"SER04612","Conversations in L.A.","2017","NA","6.4","NA","0","0","1","0"
"SER04613","The Kitchen Job","2008","NA","7.4","NA","0","0","1","0"
"SER04614","Teletubbies: Nursery Rhymes","2017","NA","5.1","NA","0","0","1","0"
"SER04615","The Weight of the Nation for Kids","2012","NA","NA","NA","0","0","1","0"
"SER04616","Road Side Stories","2016","NA","NA","0.5","0","0","1","0"
"SER04617","Counting with Paula","2015","NA","7","NA","0","0","1","0"
"SER04618","My Fair Brady","2005","NA","3.8","NA","0","0","1","0"
"SER04619","War in the Pacific","2017","NA","6","NA","0","0","1","0"
"SER04620","Murderers and Their Mothers","2016","NA","5.4","NA","0","0","1","0"
"SER04621","The Presidents: From Politics To Power","2014","NA","6.4","NA","0","0","1","0"
"SER04622","Chef School","2008","NA","5.9","NA","0","0","1","0"
"SER04623","Wrench Wars","2018","NA","5.8","NA","0","0","1","0"
"SER04624","Austin Stevens - Adventures","2009","NA","8.2","NA","0","0","1","0"
"SER04625","Ultimate Journeys","2013","NA","7.4","NA","0","0","1","0"
"SER04626","Claimed and Shamed","2012","NA","5.7","NA","0","0","1","0"
"SER04627","Kids React","2010","NA","5","NA","0","0","1","0"
"SER04628","Little Princess","2007","all","5.7","NA","0","0","1","0"
"SER04629","The Really Big Flip","2017","NA","5.3","NA","0","0","1","0"
"SER04630","Star April","2017","NA","6.8","NA","0","0","1","0"
"SER04631","Ken Burns: American Lives","1997","NA","NA","NA","0","0","1","0"
"SER04632","Monster Moves","2005","NA","6.8","NA","0","0","1","0"
"SER04633","Long Haired Businessmen","2013","NA","8.2","NA","0","0","1","0"
"SER04634","New York Confidential","2017","NA","8","NA","0","0","1","0"
"SER04635","Mission NinetyTwo","2015","NA","4.2","NA","0","0","1","0"
"SER04636","Mario Lopez: Saved By the Baby","2010","NA","5.2","NA","0","0","1","0"
"SER04637","Avoiding Apocalypse","2012","NA","5.6","NA","0","0","1","0"
"SER04638","Fanny by Gaslight","1981","NA","6.6","NA","0","0","1","0"
"SER04639","#MeToo, Now What?","2018","NA","6.6","NA","0","0","1","0"
"SER04640","Death Unexplained","2012","NA","6.9","NA","0","0","1","0"
"SER04641","One-Eyed Horse: The Series","2009","NA","3.6","NA","0","0","1","0"
"SER04642","Doctor MacWheelie","2014","NA","NA","NA","0","0","1","0"
"SER04643","Extinct","2001","NA","6.3","NA","0","0","1","0"
"SER04644","Could it Be a Miracle","1997","NA","6.9","NA","0","0","1","0"
"SER04645","Cake Walk","2011","NA","4.4","NA","0","0","1","0"
"SER04646","Morganville: The series","2014","NA","5.8","NA","0","0","1","0"
"SER04647","The Underdogs","2010","all","7.3","NA","0","0","1","0"
"SER04648","Betsy's Kindergarten Adventures","2008","NA","4.9","NA","0","0","1","0"
"SER04649","MegaWorld","2008","all","6.5","NA","0","0","1","0"
"SER04650","Hawaii - Inside Paradise","2011","NA","7","NA","0","0","1","0"
"SER04651","Ben Earl: Trick Artist","2013","NA","5.8","NA","0","0","1","0"
"SER04652","Pretty Dangerous","2008","NA","5.5","NA","0","0","1","0"
"SER04653","Space: The New Frontier","1901","NA","NA","NA","0","0","1","0"
"SER04654","The Z Virus","2017","NA","2.8","NA","0","0","1","0"
"SER04655","Bookaboo","2016","all","7.8","NA","0","0","1","0"
"SER04656","History's Verdict","2013","NA","NA","NA","0","0","1","0"
"SER04657","Voyage of the Continents","2012","NA","NA","NA","0","0","1","0"
"SER04658","Betrayal!","2004","NA","NA","NA","0","0","1","0"
"SER04659","About Him: Freshman Year","2017","NA","NA","NA","0","0","1","0"
"SER04660","Family Travel with Colleen Kelly","2013","NA","7.8","NA","0","0","1","0"
"SER04661","American Muscle Car","1998","all","6.8","NA","0","0","1","0"
"SER04662","Black in Latin America","2011","NA","7.6","NA","0","0","1","0"
"SER04663","Mr Swimmer","2018","NA","7.1","NA","0","0","1","0"
"SER04664","Ancient Worlds Brought to Life","2008","NA","6.5","NA","0","0","1","0"
"SER04665","Engine Masters","2015","NA","NA","NA","0","0","1","0"
"SER04666","It's A Miracle","1998","NA","NA","NA","0","0","1","0"
"SER04667","The Urban Vegetarian","2017","NA","5.3","NA","0","0","1","0"
"SER04668","Very Superstitious with George Lopez","2018","NA","6.8","NA","0","0","1","0"
"SER04669","Napoleon Hill's Master Key","1954","NA","5.2","NA","0","0","1","0"
"SER04670","Kids on the Edge","2016","NA","6.8","NA","0","0","1","0"
"SER04671","The Story of Furong","2015","NA","NA","NA","0","0","1","0"
"SER04672","The Hollywood Puppet Show","2017","NA","5.2","NA","0","0","1","0"
"SER04673","Hilarious Helmet History","2017","NA","6.9","NA","0","0","1","0"
"SER04674","How Tech Works","2016","NA","6.6","NA","0","0","1","0"
"SER04675","Best of BabyFirst Art Music Language And More","2015","NA","NA","NA","0","0","1","0"
"SER04676","A Desert Between Us and Them","2013","NA","7.5","NA","0","0","1","0"
"SER04677","Puppy in My Pocket","2010","NA","5.9","NA","0","0","1","0"
"SER04678","Treetop Family - Super Simple","2017","NA","6.8","NA","0","0","1","0"
"SER04679","Instruments of Death","2012","NA","8.3","NA","0","0","1","0"
"SER04680","Gods & Monsters with Tony Robinson","1901","NA","NA","NA","0","0","1","0"
"SER04681","NASA: A Journey Through Space","2016","NA","5.3","NA","0","0","1","0"
"SER04682","Ghost Dimension","2016","7+","6.2","NA","0","0","1","0"
"SER04683","Ghost Cases","2010","NA","5.2","NA","0","0","1","0"
"SER04684","Ritual","2017","NA","6.7","NA","0","0","1","0"
"SER04685","The American Dream Project","2015","NA","6.8","NA","0","0","1","0"
"SER04686","1001 Nights","2006","NA","NA","NA","0","0","1","0"
"SER04687","WellieWishers","2016","NA","7.4","NA","0","0","1","0"
"SER04688","Mafia Undercover","2016","NA","NA","NA","0","0","1","0"
"SER04689","MayDay: Air Disaster Investigations","2010","NA","NA","NA","0","0","1","0"
"SER04690","The Source Series","2014","NA","6.8","NA","0","0","1","0"
"SER04691","Hope And Wire","2014","NA","6.1","NA","0","0","1","0"
"SER04692","Gown And Out In Beverly Hills","2017","NA","5.1","NA","0","0","1","0"
"SER04693","Ekaterina: The Rise of Catherine the Great","2014","NA","NA","NA","0","0","1","0"
"SER04694","Monster Hunters","2002","NA","5","NA","0","0","1","0"
"SER04695","Crime Scene Solvers","2018","NA","NA","NA","0","0","1","0"
"SER04696","Pure Stock","2013","NA","5.6","NA","0","0","1","0"
"SER04697","Dangerous Waters","2013","NA","6.8","NA","0","0","1","0"
"SER04698","Paranormal Egypt","2008","NA","3","NA","0","0","1","0"
"SER04699","Wildlife Quest","2016","NA","6.1","NA","0","0","1","0"
"SER04700","Room to Improve","2012","NA","NA","NA","0","0","1","0"
"SER04701","The Practice (2014)","2014","NA","4","NA","0","0","1","0"
"SER04702","History of Westinghouse","1904","NA","NA","NA","0","0","1","0"
"SER04703","DoongDoong","2020","NA","NA","NA","0","0","1","0"
"SER04704","Anna's Wild Life","2011","NA","8.4","NA","0","0","1","0"
"SER04705","Basic Colors with BabyFirst","2011","NA","NA","NA","0","0","1","0"
"SER04706","Academia","2015","NA","NA","NA","0","0","1","0"
"SER04707","DNA Detectives","2011","NA","NA","NA","0","0","1","0"
"SER04708","Stalkers Who Kill","2016","NA","3.8","NA","0","0","1","0"
"SER04709","UQ Holder!","2017","NA","NA","NA","0","0","1","0"
"SER04710","Anthony Bourdain Explains Everything","1970","NA","NA","NA","0","0","1","0"
"SER04711","All Men are Brothers","2011","NA","NA","NA","0","0","1","0"
"SER04712","Betty Boop","1932","all","NA","NA","0","0","1","0"
"SER04713","In Search of Hidden Holy Sites","2013","NA","NA","NA","0","0","1","0"
"SER04714","Peanuts","1965","NA","NA","NA","0","0","1","0"
"SER04715","Crimes that Made History","2017","NA","NA","NA","0","0","1","0"
"SER04716","Sam's Game","2001","NA","5.1","NA","0","0","1","0"
"SER04717","Legend of the Fist: Chen Zhen","2008","NA","NA","NA","0","0","1","0"
"SER04718","The GiggleBellies - Monster Truck Learning","2017","NA","NA","NA","0","0","1","0"
"SER04719","Little Big Awesome","2016","NA","NA","NA","0","0","1","0"
"SER04720","Just For Laughs Gags","2012","NA","NA","NA","0","0","1","0"
"SER04721","Tales of Tatonka","2010","NA","5.9","NA","0","0","1","0"
"SER04722","Rev & Roll","2019","NA","7.4","NA","0","0","1","0"
"SER04723","300 Million Years","2015","NA","NA","NA","0","0","1","0"
"SER04724","0 - 3 Months Baby Development Tutorials by BabyPillars","2017","NA","NA","NA","0","0","1","0"
"SER04725","Flowering Heart","2018","NA","NA","NA","0","0","1","0"
"SER04726","City Slickers In Westworld featuring Billy Crystal","2017","NA","NA","NA","0","0","1","0"
"SER04727","Trinity and Beyond","2018","NA","NA","NA","0","0","1","0"
"SER04728","Mix Master: Final Force","2011","NA","NA","NA","0","0","1","0"
"SER04729","Cam & Leon","2017","NA","7.2","NA","0","0","1","0"
"SER04730","World's Funniest Moments","2008","NA","2.9","NA","0","0","1","0"
"SER04731","Brooklyn Kinda Love","2011","NA","NA","NA","0","0","1","0"
"SER04732","Police Women","2010","NA","NA","NA","0","0","1","0"
"SER04733","Mono Mario","2016","NA","NA","NA","0","0","1","0"
"SER04734","Ultimate Wheels","2014","NA","5.1","NA","0","0","1","0"
"SER04735","Carl's Car Wash - Super Simple","2016","NA","5","NA","0","0","1","0"
"SER04736","Rat-A-Tat","2015","NA","NA","NA","0","0","1","0"
"SER04737","Conquering Southern China","2016","NA","NA","NA","0","0","1","0"
"SER04738","Cut the Rope - Om Nom Stories","2012","NA","NA","NA","0","0","1","0"
"SER04739","Katsugeki/Touken Ranbu","2017","NA","NA","NA","0","0","1","0"
"SER04740","Space Adventure Legend Quest","2013","NA","NA","NA","0","0","1","0"
"SER04741","Garage Dreams","2016","NA","NA","NA","0","0","1","0"
"SER04742","Ancient Secrets of the Bible","2006","NA","NA","NA","0","0","1","0"
"SER04743","Crazy TV Pranks. Funny Surprises","2013","NA","NA","NA","0","0","1","0"
"SER04744","Kung Food","2011","NA","NA","NA","0","0","1","0"
"SER04745","The Most Ridiculous Things From The Walking Dead","2017","NA","NA","NA","0","0","1","0"
"SER04746","Blood and Water","2015","NA","NA","NA","0","0","1","0"
"SER04747","Gloriavale","2014","NA","NA","NA","0","0","1","0"
"SER04748","Looking for the Hobbit","2014","NA","NA","NA","0","0","1","0"
"SER04749","An Egg's Guide to Minecraft","2012","NA","NA","NA","0","0","1","0"
"SER04750","Dog Dynasty","2016","NA","NA","NA","0","0","1","0"
"SER04751","Africa's Great Civilizations","2017","NA","NA","NA","0","0","1","0"
"SER04752","Dirty Dancing","2017","NA","NA","NA","0","0","1","0"
"SER04753","Wendy","2013","7+","NA","NA","0","0","1","0"
"SER04754","Flint","2012","NA","NA","NA","0","0","1","0"
"SER04755","Blippi - Videos for Kids","2016","NA","NA","NA","0","0","1","0"
"SER04756","Yoga For Back Pain, Neck Pain & Stress Relief - Lindsey Samper","2017","NA","NA","NA","0","0","1","0"
"SER04757","Tom the Tow Truck","2016","NA","NA","NA","0","0","1","0"
"SER04758","60 Second Docs","2016","NA","NA","NA","0","0","1","0"
"SER04759","Trains","2016","NA","NA","NA","0","0","1","0"
"SER04760","Best Motorcycle Movies (Biker Documentary Anthology)","2017","NA","NA","NA","0","0","1","0"
"SER04761","NHL Road to the Outdoor Classics","2016","NA","NA","NA","0","0","1","0"
"SER04762","Lego Set Builds Spongebob Squarepants - Artifex","2017","NA","NA","NA","0","0","1","0"
"SER04763","All About My Siblings","2014","NA","NA","NA","0","0","1","0"
"SER04764","Beetle Bailey","1963","NA","NA","NA","0","0","1","0"
"SER04765","Origins","2017","NA","NA","NA","0","0","1","0"
"SER04766","Project Restoration","2016","NA","NA","NA","0","0","1","0"
"SER04767","True Ghost Stories","2017","NA","NA","NA","0","0","1","0"
"SER04768","Casper and Friends","1943","7+","NA","NA","0","0","1","0"
"SER04769","73 Questions Answered By Your Favorite Celebs","2014","NA","NA","NA","0","0","1","0"
"SER04770","The Very Best Of Kristen Bell","2010","NA","NA","NA","0","0","1","0"
"SER04771","Running Man","2016","NA","NA","NA","0","0","1","0"
"SER04772","Lego Set Builds Star Wars - Artifex","2016","NA","NA","NA","0","0","1","0"
"SER04773","The Notekins","2012","NA","NA","NA","0","0","1","0"
"SER04774","Flash Gordon (1996)","1996","NA","NA","NA","0","0","1","0"
"SER04775","Catherine The Great","2015","NA","NA","NA","0","0","1","0"
"SER04776","The Sweet Spot: A Treasury of Baseball Stories","2016","NA","NA","NA","0","0","1","0"
"SER04777","Cut the Rope - Coloring Books","2017","NA","NA","NA","0","0","1","0"
"SER04778","Breaking Homicide","2018","NA","NA","NA","0","0","1","0"
"SER04779","The Prince of Han Dynasty 1","2001","NA","NA","NA","0","0","1","0"
"SER04780","Puppy Prep","2018","NA","NA","NA","0","0","1","0"
"SER04781","About Joey'","2017","NA","NA","NA","0","0","1","0"
"SER04782","Color Inspirations: Art And Music","2011","NA","NA","NA","0","0","1","0"
"SER04783","Angels","2017","NA","NA","NA","0","0","1","0"
"SER04784","Wonder Balls","2015","NA","NA","NA","0","0","1","0"
"SER04785","Delinquent Hamsters","2013","NA","NA","NA","0","0","1","0"
"SER04786","David Hand's Animaland","1948","NA","NA","NA","0","0","1","0"
"SER04787","Another Dirty Room","2016","NA","NA","NA","0","0","1","0"
"SER04788","The Magical Adventures of Quasimodo","1996","NA","NA","NA","0","0","1","0"
"SER04789","Adam & Eve","2016","NA","NA","NA","0","0","1","0"
"SER04790","X-Files History","2018","NA","NA","NA","0","0","1","0"
"SER04791","Dr. Baby","2011","NA","NA","NA","0","0","1","0"
"SER04792","Tales of The Wild West","2017","NA","NA","NA","0","0","1","0"
"SER04793","Baby Einstein's Holiday Special","2009","NA","NA","NA","0","0","1","0"
"SER04794","Socially Awkward","2017","NA","NA","NA","0","0","1","0"
"SER04795","The Korean War","2012","NA","NA","NA","0","0","1","0"
"SER04796","Whitney Bjerken Gymnastics Level 9 Competitions","2017","NA","NA","NA","0","0","1","0"
"SER04797","Unveiling our 5 Senses","2018","NA","NA","NA","0","0","1","0"
"SER04798","Always and Forever","2003","NA","NA","NA","0","0","1","0"
"SER04799","14 Year Old President of the Smallest Country in the World","2017","NA","NA","NA","0","0","1","0"
"SER04800","Alisa Knows What To Do!","2013","NA","NA","NA","0","0","1","0"
"SER04801","Try Guys","2017","NA","NA","NA","0","0","1","0"
"SER04802","Monument Men - The Road to Rushmore","2015","NA","NA","NA","0","0","1","0"
"SER04803","Model Diaries","2017","NA","NA","NA","0","0","1","0"
"SER04804","All Your History Are Belong To Us","2012","NA","NA","NA","0","0","1","0"
"SER04805","Dibo the Gift Dragon","2012","NA","NA","NA","0","0","1","0"
"SER04806","Lanester","2014","NA","NA","NA","0","0","1","0"
"SER04807","Cleopatra","2018","NA","NA","NA","0","0","1","0"
"SER04808","Lifers: Behind Bars","2017","NA","NA","NA","0","0","1","0"
"SER04809","Life on Mar's: The Home Makeover Show","2015","NA","NA","NA","0","0","1","0"
"SER04810","Pet Medics: New Zealand","2016","NA","NA","NA","0","0","1","0"
"SER04811","The Marijuana Show","2016","NA","NA","NA","0","0","1","0"
"SER04812","Local Hauntings","2018","NA","NA","NA","0","0","1","0"
"SER04813","Cars, Cops & Criminals","2008","NA","NA","NA","0","0","1","0"
"SER04814","Siege in Fog","2018","NA","NA","NA","0","0","1","0"
"SER04815","Battlefields of the World Wars","2014","NA","NA","NA","0","0","1","0"
"SER04816","Let's Fall in Love -«<U+54B1><U+4EEC><U+76F8><U+7231><U+5427>»","2018","NA","NA","NA","0","0","1","0"
"SER04817","DIY Destinations Budget Travel Show","2017","NA","NA","NA","0","0","1","0"
"SER04818","Zumba Awesome Legs & Booty System","2014","NA","NA","NA","0","0","1","0"
"SER04819","A Century of Science Fiction","2001","NA","NA","NA","0","0","1","0"
"SER04820","Designing Ireland","2015","NA","NA","NA","0","0","1","0"
"SER04821","The Crusaders","2005","NA","NA","NA","0","0","1","0"
"SER04822","True Nordic Crimes","2017","NA","NA","NA","0","0","1","0"
"SER04823","Castle Builders","2015","NA","NA","NA","0","0","1","0"
"SER04824","Never Let Me Go","2016","NA","NA","NA","0","0","1","0"
"SER04825","ABC Galaxy","2015","NA","NA","NA","0","0","1","0"
"SER04826","Frenemies with Eliza Coupe","2012","NA","NA","NA","0","0","1","0"
"SER04827","Paranormal Matrix","2017","NA","NA","NA","0","0","1","0"
"SER04828","Flip Flap","2017","NA","NA","NA","0","0","1","0"
"SER04829","Kings in Grass Castles","1998","NA","NA","NA","0","0","1","0"
"SER04830","Invisivle TOKYO","2016","NA","NA","NA","0","0","1","0"
"SER04831","Mrs. Fitzgerald Is Missing","2018","NA","NA","NA","0","0","1","0"
"SER04832","Helicopter ER","2016","NA","NA","NA","0","0","1","0"
"SER04833","Irredeemables","2017","NA","NA","NA","0","0","1","0"
"SER04834","Discover Dvorak's 'New World'","2018","NA","NA","NA","0","0","1","0"
"SER04835","Julie Nolke","2015","NA","NA","NA","0","0","1","0"
"SER04836","Pinkfong! Healthy Habit Songs","2017","NA","NA","NA","0","0","1","0"
"SER04837","Besties","2013","NA","NA","NA","0","0","1","0"
"SER04838","Night In/Night Out","2018","NA","NA","NA","0","0","1","0"
"SER04839","Quark Science","2018","NA","NA","NA","0","0","1","0"
"SER04840","Lego Set Builds City - Artifex","2016","NA","NA","NA","0","0","1","0"
"SER04841","Can We Cure","2018","NA","NA","NA","0","0","1","0"
"SER04842","The Evolution of Us","2016","NA","NA","NA","0","0","1","0"
"SER04843","Gas, Grub, and Ghosts","2017","NA","NA","NA","0","0","1","0"
"SER04844","The Grind","2016","NA","NA","NA","0","0","1","0"
"SER04845","Mickey's Farm","2009","NA","NA","NA","0","0","1","0"
"SER04846","Treasure Houses of Britain","2011","NA","NA","NA","0","0","1","0"
"SER04847","Food Hacks","2017","NA","NA","NA","0","0","1","0"
"SER04848","Beginnings","2016","NA","NA","NA","0","0","1","0"
"SER04849","Fish Mavericks","2017","NA","NA","NA","0","0","1","0"
"SER04850","The Hotel Barclay","2015","NA","NA","NA","0","0","1","0"
"SER04851","Day of The Gun - The Series","2018","NA","NA","NA","0","0","1","0"
"SER04852","Onyx Kids","2016","NA","NA","NA","0","0","1","0"
"SER04853","Fluffy Gardens","2007","NA","NA","NA","0","0","1","0"
"SER04854","Livin' 'Neath The Law with Jack McBrayer","2007","NA","NA","NA","0","0","1","0"
"SER04855","The F.B.I. Files Specials","2002","NA","NA","NA","0","0","1","0"
"SER04856","Behind Bars: The World's Toughest Prisons","2016","NA","NA","NA","0","0","1","0"
"SER04857","Saving Ghosts","2018","NA","NA","NA","0","0","1","0"
"SER04858","Mu Guiying Takes Command","2012","NA","NA","NA","0","0","1","0"
"SER04859","Wild Animal Rescue","2017","NA","NA","NA","0","0","1","0"
"SER04860","I Love Toy Trains - I Love Big Trains","2005","NA","NA","NA","0","0","1","0"
"SER04861","Global Child","2017","NA","NA","NA","0","0","1","0"
"SER04862","LEGO Dimensions Gameplay","2017","NA","NA","NA","0","0","1","0"
"SER04863","Living in the Shadow of WWII","2017","NA","NA","NA","0","0","1","0"
"SER04864","Richard E. Grant's 7 Deadly Sins of the Animal Kingdom","2015","NA","NA","NA","0","0","1","0"
"SER04865","Blue City","2015","NA","NA","NA","0","0","1","0"
"SER04866","Gugu","1950","NA","NA","NA","0","0","1","0"
"SER04867","Sketch","2018","NA","NA","NA","0","0","1","0"
"SER04868","Sea Power","2005","NA","NA","NA","0","0","1","0"
"SER04869","Hitler's Propaganda Machine","2017","NA","NA","NA","0","0","1","0"
"SER04870","Pinkfong! Baby Shark Special","2017","NA","NA","NA","0","0","1","0"
"SER04871","Fraud Squad TV","2007","NA","NA","NA","0","0","1","0"
"SER04872","NTParanormal After Dark","2018","NA","NA","NA","0","0","1","0"
"SER04873","Tried + True","2017","NA","NA","NA","0","0","1","0"
"SER04874","Celebrity Snackdown","2017","NA","NA","NA","0","0","1","0"
"SER04875","Van Der Week","2011","NA","NA","NA","0","0","1","0"
"SER04876","Barn Find Hunter","2016","NA","NA","NA","0","0","1","0"
"SER04877","Sex & the Single Lady","2018","NA","NA","NA","0","0","1","0"
"SER04878","The Bumble Nums","2017","all","NA","NA","0","0","1","0"
"SER04879","Revival Radio TV","2017","NA","NA","NA","0","0","1","0"
"SER04880","Graham Kerr's Kitchen","1992","NA","NA","NA","0","0","1","0"
"SER04881","Drawing PS4 Spider-Man","2018","NA","NA","NA","0","0","1","0"
"SER04882","Subzero","2018","NA","NA","NA","0","0","1","0"
"SER04883","Baking with Toddlers","2017","NA","NA","NA","0","0","1","0"
"SER04884","Secrets of Ancient Empires","2001","NA","NA","NA","0","0","1","0"
"SER04885","Siyaasat","2015","NA","NA","NA","0","0","1","0"
"SER04886","YaYa & Zouk","2016","NA","NA","NA","0","0","1","0"
"SER04887","MegaSpeed","2014","NA","NA","NA","0","0","1","0"
"SER04888","Woodwalkers","2017","NA","NA","NA","0","0","1","0"
"SER04889","Easy Living","2010","NA","NA","NA","0","0","1","0"
"SER04890","Microsoft Outlook 2016 - Training","2017","NA","NA","NA","0","0","1","0"
"SER04891","Clip: Adventures of Buttman (Annoying Orange Grand Theft Auto V Gaming)","2017","NA","NA","NA","0","0","1","0"
"SER04892","Crew","1970","NA","NA","NA","0","0","1","0"
"SER04893","Frequency","2012","NA","NA","NA","0","0","1","0"
"SER04894","Human Nature","2013","NA","NA","NA","0","0","1","0"
"SER04895","Behind the Scenes","2010","NA","NA","NA","0","0","1","0"
"SER04896","Looi","2014","NA","NA","NA","0","0","1","0"
"SER04897","Inked in Erie","2012","NA","NA","NA","0","0","1","0"
"SER04898","World War II: Total War","2018","NA","NA","NA","0","0","1","0"
"SER04899","Fitness Challenge","2017","NA","NA","NA","0","0","1","0"
"SER04900","Home Remedy","2017","NA","NA","NA","0","0","1","0"
"SER04901","Cosmic Kids Yoga Adventures","2012","NA","NA","NA","0","0","1","0"
"SER04902","Flannery's Porch","2016","NA","NA","NA","0","0","1","0"
"SER04903","Car Patrol: The Adventures of Matt the Police Car and Frank the Firetruck","2016","NA","NA","NA","0","0","1","0"
"SER04904","Double Dare 76 & 77","1977","NA","NA","NA","0","0","1","0"
"SER04905","History's Biggest Secrets","2013","NA","NA","NA","0","0","1","0"
"SER04906","Eat Yourself Sexy","2009","NA","NA","NA","0","0","1","0"
"SER04907","Underworld Wrestling","2018","NA","NA","NA","0","0","1","0"
"SER04908","Strictly Dumpling","2017","NA","NA","NA","0","0","1","0"
"SER04909","FUNnel Vision: Challenges","2018","NA","NA","NA","0","0","1","0"
"SER04910","Gringos","2017","NA","NA","NA","0","0","1","0"
"SER04911","Hitler's Holocaust","2001","NA","NA","NA","0","0","1","0"
"SER04912","She Is Beautiful","2018","NA","NA","NA","0","0","1","0"
"SER04913","Eyewitness Weather Disasters","2012","NA","NA","NA","0","0","1","0"
"SER04914","USWA Memphis Wrestling","1989","NA","NA","NA","0","0","1","0"
"SER04915","From Beyond","2017","NA","NA","NA","0","0","1","0"
"SER04916","ReCore Video Gameplay","2017","NA","NA","NA","0","0","1","0"
"SER04917","Desperate Love","2012","NA","NA","NA","0","0","1","0"
"SER04918","Inside Joke with Asif Ali","2018","NA","NA","NA","0","0","1","0"
"SER04919","Popeye: The Continuing Adventures","1978","NA","NA","NA","0","0","1","0"
"SER04920","Dr. Qin","2018","NA","NA","NA","0","0","1","0"
"SER04921","The Lost World","2002","NA","NA","NA","0","0","1","0"
"SER04922","Junk Drawer Magic","2015","NA","NA","NA","0","0","1","0"
"SER04923","Curious?","2017","NA","NA","NA","0","0","1","0"
"SER04924","Asias Monarchies","2010","NA","NA","NA","0","0","1","0"
"SER04925","Ghost Stories Of Scotland","2017","NA","NA","NA","0","0","1","0"
"SER04926","Blue Realm","2017","NA","NA","NA","0","0","1","0"
"SER04927","The Winning of World War II: Road to Victory","2014","NA","NA","NA","0","0","1","0"
"SER04928","Hollywood's 10 Best","2017","NA","NA","NA","0","0","1","0"
"SER04929","Africa from the Ground Up","1999","NA","NA","NA","0","0","1","0"
"SER04930","Mafia Queens","2018","NA","NA","NA","0","0","1","0"
"SER04931","Tom The Tow Truck's Paint Shop","2016","NA","NA","NA","0","0","1","0"
"SER04932","BabyFirst Halloween Special","2017","NA","NA","NA","0","0","1","0"
"SER04933","Gardens of the World","2007","NA","NA","NA","0","0","1","0"
"SER04934","Car Patrol of Car City","2017","NA","NA","NA","0","0","1","0"
"SER04935","5 Facts","2014","NA","NA","NA","0","0","1","0"
"SER04936","SMOSH Babies","2013","NA","NA","NA","0","0","1","0"
"SER04937","Jesse James Austin Speed Shop","2012","NA","NA","NA","0","0","1","0"
"SER04938","True War Stories","2015","NA","NA","NA","0","0","1","0"
"SER04939","The Adventure Series","2016","NA","NA","NA","0","0","1","0"
"SER04940","The Rise of Mankind","2018","NA","NA","NA","0","0","1","0"
"SER04941","Desperate Widows","2016","NA","NA","NA","0","0","1","0"
"SER04942","Barney Google & Snuffy Smith","1963","NA","NA","NA","0","0","1","0"
"SER04943","Backcountry Fly Fishing","2014","NA","NA","NA","0","0","1","0"
"SER04944","Tales of the Unexplained","2004","NA","NA","NA","0","0","1","0"
"SER04945","ANGRY ALIENS","2016","NA","NA","NA","0","0","1","0"
"SER04946","21 Day Transformation","2000","NA","NA","NA","0","0","1","0"
"SER04947","Under The Sea: The Great Barrier Reef","2017","NA","NA","NA","0","0","1","0"
"SER04948","Fantastic Festivals of the World","2004","NA","NA","NA","0","0","1","0"
"SER04949","Where I'd Rather Be","2017","NA","NA","NA","0","0","1","0"
"SER04950","A Fishing Story with Ronnie Green","2017","NA","NA","NA","0","0","1","0"
"SER04951","Reelin' in the Keys","2017","NA","NA","NA","0","0","1","0"
"SER04952","In the Dream to Find the Answer","2015","NA","NA","NA","0","0","1","0"
"SER04953","Timelines Of Ancient Civilizations: 7-part Series","1990","NA","NA","NA","0","0","1","0"
"SER04954","An Unknown Enemy","2018","NA","NA","NA","0","0","1","0"
"SER04955","Pinkfong! Dinosaur Musical Stories","2017","NA","NA","NA","0","0","1","0"
"SER04956","Heart to Heart","2015","NA","NA","NA","0","0","1","0"
"SER04957","Decoding The Ancients","2010","NA","NA","NA","0","0","1","0"
"SER04958","Gamer Next Door","2015","NA","NA","NA","0","0","1","0"
"SER04959","Dowry","2015","NA","NA","NA","0","0","1","0"
"SER04960","I, Caesar: The Rise and Fall of the Roman Empire","1997","NA","NA","NA","0","0","1","0"
"SER04961","The Aces' War","2017","NA","NA","NA","0","0","1","0"
"SER04962","Christianity for Beginners","2016","NA","NA","NA","0","0","1","0"
"SER04963","Hotel Sacher","2016","NA","NA","NA","0","0","1","0"
"SER04964","Carl Transform of Car City","2016","NA","NA","NA","0","0","1","0"
"SER04965","Troy in Train Town","2016","NA","NA","NA","0","0","1","0"
"SER04966","I've Got a Secret","1961","NA","NA","NA","0","0","1","0"
"SER04967","Lockout","2016","NA","NA","NA","0","0","1","0"
"SER04968","Altair: A Record of Battles","2017","NA","NA","NA","0","0","1","0"
"SER04969","Freud`s Method","2012","NA","NA","NA","0","0","1","0"
"SER04970","Nature's Treasure Islands","2014","NA","NA","NA","0","0","1","0"
"SER04971","Galaxy Racers","2005","NA","NA","NA","0","0","1","0"
"SER04972","Laver Cup 2018","2018","NA","NA","NA","0","0","1","0"
"SER04973","Chasing Bigfoot: The Quest For Truth","2016","NA","NA","NA","0","0","1","0"
"SER04974","America's Monsters","2013","NA","NA","NA","0","0","1","0"
"SER04975","Myths, Magic & Monsters","2007","NA","NA","NA","0","0","1","0"
"SER04976","The Hunting Public","2017","NA","NA","NA","0","0","1","0"
"SER04977","South Bend's Lunkerville","2017","NA","NA","NA","0","0","1","0"
"SER04978","The Queen's Diamond Decades","2013","NA","NA","NA","0","0","1","0"
"SER04979","Best Laid Plans","2010","NA","NA","NA","0","0","1","0"
"SER04980","Breakfast with Bevan","2013","NA","NA","NA","0","0","1","0"
"SER04981","Full Body Flexibility Beginners Yoga Workouts - Krystin Scott","2017","NA","NA","NA","0","0","1","0"
"SER04982","The Duke Of Mount Deer","2014","NA","NA","NA","0","0","1","0"
"SER04983","Bounty Hamster","2003","NA","NA","NA","0","0","1","0"
"SER04984","Mega Mechanics","2018","NA","NA","NA","0","0","1","0"
"SER04985","Haunted France","2018","NA","NA","NA","0","0","1","0"
"SER04986","Classic Popeye","1960","NA","NA","NA","0","0","1","0"
"SER04987","The Chickens","2017","NA","NA","NA","0","0","1","0"
"SER04988","1Life","2016","NA","NA","NA","0","0","1","0"
"SER04989","Game Changers","2012","NA","NA","NA","0","0","1","0"
"SER04990","Lots & Lots of Fire Trucks","2010","NA","NA","NA","0","0","1","0"
"SER04991","The Golden Age of Toy Trains","2012","NA","NA","NA","0","0","1","0"
"SER04992","Lego Pirates of the Caribbean Playthrough","2017","NA","NA","NA","0","0","1","0"
"SER04993","Bobby Ashley's Repercussions","2014","NA","NA","NA","0","0","1","0"
"SER04994","Kickstart or Die","2013","NA","NA","NA","0","0","1","0"
"SER04995","Blake Griffin's Internship","2011","NA","NA","NA","0","0","1","0"
"SER04996","I Am","2014","NA","NA","NA","0","0","1","0"
"SER04997","World War II Diaries - The Complete War Report","2017","NA","NA","NA","0","0","1","0"
"SER04998","Oh My General","2017","NA","NA","NA","0","0","1","0"
"SER04999","Lego Set Builds Nexo Knights - Artifex","2016","NA","NA","NA","0","0","1","0"
"SER05000","Warbirds Over the Trenches","2014","NA","NA","NA","0","0","1","0"
"SER05001","The Story Of British Pathé","2011","NA","NA","NA","0","0","1","0"
"SER05002","Backline","2017","NA","NA","NA","0","0","1","0"
"SER05003","GayTerns","2016","NA","NA","NA","0","0","1","0"
"SER05004","Victorious Living with Kenneth Copeland","2016","NA","NA","NA","0","0","1","0"
"SER05005","Logos Hope - Port Reports","2015","NA","NA","NA","0","0","1","0"
"SER05006","Love in Memory","2013","NA","NA","NA","0","0","1","0"
"SER05007","Inside Scotland Yard with Trevor McDonald","2016","NA","NA","NA","0","0","1","0"
"SER05008","Grandma's Cats (Are Trying To Kill Her!)","2015","NA","NA","NA","0","0","1","0"
"SER05009","Super Mario 64 Playthrough","2017","NA","NA","NA","0","0","1","0"
"SER05010","The Happy Family Show","2012","NA","NA","NA","0","0","1","0"
"SER05011","Nursery Rhymes For Babies and Toddlers","2017","NA","NA","NA","0","0","1","0"
"SER05012","The Flavors of Italy","2013","NA","NA","NA","0","0","1","0"
"SER05013","Gym Class Science","2015","NA","NA","NA","0","0","1","0"
"SER05014","Where There's Blame, There's a Claim","2017","NA","NA","NA","0","0","1","0"
"SER05015","The Entrepreneurs","2013","NA","NA","NA","0","0","1","0"
"SER05016","What's Up In Space: The Solar System For Kids Series","2010","NA","NA","NA","0","0","1","0"
"SER05017","Sesame Street: 3,2,1 Let's Go","2010","NA","NA","NA","0","0","1","0"
"SER05018","Board AF","2016","NA","NA","NA","0","0","1","0"
"SER05019","Extreme Constructions","2017","NA","NA","NA","0","0","1","0"
"SER05020","Nature Adventures with Terri and Todd","2018","NA","NA","NA","0","0","1","0"
"SER05021","Deals in the Desert","2018","NA","NA","NA","0","0","1","0"
"SER05022","Kenneth Copeland Ministries","2016","NA","NA","NA","0","0","1","0"
"SER05023","Home to Flip","2009","NA","NA","NA","0","0","1","0"
"SER05024","Tales of Morrissa","2017","NA","NA","NA","0","0","1","0"
"SER05025","Missy Mila Twisted Tales","2015","NA","NA","NA","0","0","1","0"
"SER05026","Dombey and Son","1983","NA","NA","NA","0","0","1","0"
"SER05027","Sirenetta & the Second Star","2017","NA","NA","NA","0","0","1","0"
"SER05028","See Deng","2017","NA","NA","NA","0","0","1","0"
"SER05029","Museum Diaries","2014","NA","NA","NA","0","0","1","0"
"SER05030","Fish Trails","2013","NA","NA","NA","0","0","1","0"
"SER05031","Tank Biathlon","2017","NA","NA","NA","0","0","1","0"
"SER05032","No Country for Americans","2016","NA","NA","NA","0","0","1","0"
"SER05033","Iria: Zeiram The Bounty Hunter","1994","NA","NA","NA","0","0","1","0"
"SER05034","The Crack!","2011","NA","NA","NA","0","0","1","0"
"SER05035","Halloween Songs for Kids","2016","NA","NA","NA","0","0","1","0"
"SER05036","The Lifted Life","2017","NA","NA","NA","0","0","1","0"
"SER05037","The Cupcake Girls","2010","NA","NA","NA","0","0","1","0"
"SER05038","Travel Beside Me","2016","NA","NA","NA","0","0","1","0"
"SER05039","Saints & Sinners: The History of the Popes","2013","NA","NA","NA","0","0","1","0"
"SER05040","Television Playhouse","1947","NA","NA","NA","0","0","1","0"
"SER05041","Minecraft Shorts","2014","NA","NA","NA","0","0","1","0"
"SER05042","Fin Chasers","2017","NA","NA","NA","0","0","1","0"
"SER05043","Where were you? Events that Changed the World","2010","NA","NA","NA","0","0","1","0"
"SER05044","The Bacca Chronicles","2015","NA","NA","NA","0","0","1","0"
"SER05045","Genius of Nature","2012","NA","NA","NA","0","0","1","0"
"SER05046","Tea Time with Tayla","2011","NA","NA","NA","0","0","1","0"
"SER05047","The War at Sea","2015","NA","NA","NA","0","0","1","0"
"SER05048","Aliens and Origins","2018","NA","NA","NA","0","0","1","0"
"SER05049","The Swim on Science","2018","NA","NA","NA","0","0","1","0"
"SER05050","One Thousand and One Nights","2015","NA","NA","NA","0","0","1","0"
"SER05051","Ghost Response - Haunted UK","2018","NA","NA","NA","0","0","1","0"
"SER05052","Life of Jesus","2017","NA","NA","NA","0","0","1","0"
"SER05053","Aprender con los Mini Constructores","2016","NA","NA","NA","0","0","1","0"
"SER05054","Uncaged: The Animated Series","2017","NA","NA","NA","0","0","1","0"
"SER05055","K2: The Italian Mountain","2012","NA","NA","NA","0","0","1","0"
"SER05056","Philemon for Beginners","2018","NA","NA","NA","0","0","1","0"
"SER05057","You Colored My World","2017","NA","NA","NA","0","0","1","0"
"SER05058","Inside Series","2011","NA","NA","NA","0","0","1","0"
"SER05059","Rampage: Killing Without Reason","2009","NA","NA","NA","0","0","1","0"
"SER05060","Pinkfong! Bedtime Lullabies","2015","NA","NA","NA","0","0","1","0"
"SER05061","The Toque 12 Master Chefs at The Epicurean Market","2013","NA","NA","NA","0","0","1","0"
"SER05062","My Animal Friends","2018","NA","NA","NA","0","0","1","0"
"SER05063","Brand New House On a Budget","2014","NA","NA","NA","0","0","1","0"
"SER05064","Pinkfong! Christmas Carols","2016","NA","NA","NA","0","0","1","0"
"SER05065","The Weather Files","2018","NA","NA","NA","0","0","1","0"
"SER05066","Meditations on Love","2017","NA","NA","NA","0","0","1","0"
"SER05067","RAKUEN The Secret of Paradise","2016","NA","NA","NA","0","0","1","0"
"SER05068","I'm a Creepy Crawly","2018","NA","NA","NA","0","0","1","0"
"SER05069","Changelings","2014","NA","NA","NA","0","0","1","0"
"SER05070","Amazing Underground Secrets","2012","NA","NA","NA","0","0","1","0"
"SER05071","Inside Hitler's Killing Machine","2016","NA","NA","NA","0","0","1","0"
"SER05072","Tesla Road Trip","2017","NA","NA","NA","0","0","1","0"
"SER05073","Aerial Adventures","2010","NA","NA","NA","0","0","1","0"
"SER05074","Kailin Gow's The Crazy Ones","2017","NA","NA","NA","0","0","1","0"
"SER05075","My Dream Derelict Home","2014","NA","NA","NA","0","0","1","0"
"SER05076","Albert & Junior","2011","NA","NA","NA","0","0","1","0"
"SER05077","Totally Real Movies Coming Soon","2010","NA","NA","NA","0","0","1","0"
"SER05078","Awesome Video Game Memories","2014","NA","NA","NA","0","0","1","0"
"SER05079","The Cardsharp","2013","NA","NA","NA","0","0","1","0"
"SER05080","Did You See That?","2004","NA","NA","NA","0","0","1","0"
"SER05081","Getting Doug with High","2017","NA","NA","NA","0","0","1","0"
"SER05082","Monster Town","2018","NA","NA","NA","0","0","1","0"
"SER05083","Best Arrangement","2017","NA","NA","NA","0","0","1","0"
"SER05084","Logan's Adventures","2015","NA","NA","NA","0","0","1","0"
"SER05085","B-Boys: A History of Breakdance","2015","NA","NA","NA","0","0","1","0"
"SER05086","Drunken Movie Geeks","2017","NA","NA","NA","0","0","1","0"
"SER05087","In Sanity, Florida","2017","NA","NA","NA","0","0","1","0"
"SER05088","Wide World of Kids","2013","NA","NA","NA","0","0","1","0"
"SER05089","Once upon a Time in Odessa","2011","NA","NA","NA","0","0","1","0"
"SER05090","Five Minute Fairy Tales","2017","NA","NA","NA","0","0","1","0"
"SER05091","The Flavors of France","2013","NA","NA","NA","0","0","1","0"
"SER05092","Risk Takers (2007)","2007","NA","NA","NA","0","0","1","0"
"SER05093","How Does That Work?","2001","NA","NA","NA","0","0","1","0"
"SER05094","YTF: Yesterday, Today, Forever","2012","NA","NA","NA","0","0","1","0"
"SER05095","Yoga Class for Beginners with Irini Res","2017","NA","NA","NA","0","0","1","0"
"SER05096","Finding the Future","2017","NA","NA","NA","0","0","1","0"
"SER05097","Hitler In His Own Words","2002","NA","NA","NA","0","0","1","0"
"SER05098","Shamwari: A Wild Life","2017","NA","NA","NA","0","0","1","0"
"SER05099","The World's Best Chefs - The Toque 12","2013","NA","NA","NA","0","0","1","0"
"SER05100","Empires Of Stone","2010","NA","NA","NA","0","0","1","0"
"SER05101","Earth Shocks: Our Hyperactive Planet","2007","NA","NA","NA","0","0","1","0"
"SER05102","The Paranormal Police Exposed","2016","NA","NA","NA","0","0","1","0"
"SER05103","The Kingdom and End Times","2016","NA","NA","NA","0","0","1","0"
"SER05104","Bubbles Of Fun With Bloop And Loop","2012","NA","NA","NA","0","0","1","0"
"SER05105","Animal Favorites","2002","NA","NA","NA","0","0","1","0"
"SER05106","The GCN Show","2016","NA","NA","NA","0","0","1","0"
"SER05107","Inside Things","2017","NA","NA","NA","0","0","1","0"
"SER05108","Pro-Semitism with Elon Gold","2011","NA","NA","NA","0","0","1","0"
"SER05109","Yoga With AJ","2018","NA","NA","NA","0","0","1","0"
"SER05110","Quick Yoga Workouts For Weight Loss & Toning","2018","NA","NA","NA","0","0","1","0"
"SER05111","Railway Roundup","2010","NA","NA","NA","0","0","1","0"
"SER05112","The Laura Show","2017","NA","NA","NA","0","0","1","0"
"SER05113","Learning with Lizzy the Dog!","2015","NA","NA","NA","0","0","1","0"
"SER05114","The Past Is Yet To Come","2016","NA","NA","NA","0","0","1","0"
"SER05115","Cream","2017","NA","NA","NA","0","0","1","0"
"SER05116","Luxury Travel Show","2018","NA","NA","NA","0","0","1","0"
"SER05117","Image Essence","2013","NA","NA","NA","0","0","1","0"
"SER05118","A Year to Remember","2011","NA","NA","NA","0","0","1","0"
"SER05119","Red Dust","2013","NA","NA","NA","0","0","1","0"
"SER05120","Hop Up TV","2016","NA","NA","NA","0","0","1","0"
"SER05121","Dropping the Soap","2017","NA","NA","NA","0","0","1","0"
"SER05122","Treasure Islands","2013","NA","NA","NA","0","0","1","0"
"SER05123","Men with Sword 2","2016","NA","NA","NA","0","0","1","0"
"SER05124","Price Points","2017","NA","NA","NA","0","0","1","0"
"SER05125","The History Of Ford Trucks","2016","NA","NA","NA","0","0","1","0"
"SER05126","Tanlines","2011","NA","NA","NA","0","0","1","0"
"SER05127","Dinosaur Britain","2015","NA","NA","NA","0","0","1","0"
"SER05128","Kintoons","2018","NA","NA","NA","0","0","1","0"
"SER05129","Beyond The Grave","2017","NA","NA","NA","0","0","1","0"
"SER05130","Ruining History","2017","NA","NA","NA","0","0","1","0"
"SER05131","Rubi","2012","NA","NA","NA","0","0","1","0"
"SER05132","Roblox Funny Moments (PairOfDucks)","2017","NA","NA","NA","0","0","1","0"
"SER05133","My First INBA Fitness Model Competition","2017","NA","NA","NA","0","0","1","0"
"SER05134","Jump Start Your Photography","2011","NA","NA","NA","0","0","1","0"
"SER05135","Kingdoms of Sumeria","2018","NA","NA","NA","0","0","1","0"
"SER05136","Armed Love","2013","NA","NA","NA","0","0","1","0"
"SER05137","The Romanovs","2013","NA","NA","NA","0","0","1","0"
"SER05138","Tomorrow's World","1995","NA","NA","NA","0","0","1","0"
"SER05139","Serial Killer Culture TV","2017","NA","NA","NA","0","0","1","0"
"SER05140","Montréal: My Love, My Story","2018","NA","NA","NA","0","0","1","0"
"SER05141","Lost Animals of the 20th Century","1995","NA","NA","NA","0","0","1","0"
"SER05142","Our American Family","2012","NA","NA","NA","0","0","1","0"
"SER05143","Jelly Jam","2011","NA","NA","NA","0","0","1","0"
"SER05144","Geometry","2017","NA","NA","NA","0","0","1","0"
"SER05145","Take On The World Conference 2017","2017","NA","NA","NA","0","0","1","0"
"SER05146","ER Doctors","2017","NA","NA","NA","0","0","1","0"
"SER05147","The Poltergeist Diaries","2018","NA","NA","NA","0","0","1","0"
"SER05148","How2: How to do Amazing Things! (with Annoying Orange & Pear!)","2016","NA","NA","NA","0","0","1","0"
"SER05149","Dark Ditties Presents","2017","NA","NA","NA","0","0","1","0"
"SER05150","The 101 Events That Made The Twentieth Century","2018","NA","NA","NA","0","0","1","0"
"SER05151","Amber the Ambulance","2017","NA","NA","NA","0","0","1","0"
"SER05152","The Order of Victory","2016","NA","NA","NA","0","0","1","0"
"SER05153","The Big Flip","2009","NA","NA","NA","0","0","1","0"
"SER05154","Great Taste No Money","2017","NA","NA","NA","0","0","1","0"
"SER05155","HowStuffWorks NOW","2015","NA","NA","NA","0","0","1","0"
"SER05156","Eori","2016","NA","NA","NA","0","0","1","0"
"SER05157","Snapshots","2016","NA","NA","NA","0","0","1","0"
"SER05158","Zoo Babies","2009","NA","NA","NA","0","0","1","0"
"SER05159","Minecraft Survival with Brick Show Brian!","2016","NA","NA","NA","0","0","1","0"
"SER05160","Awesome Hot Rods","2017","NA","NA","NA","0","0","1","0"
"SER05161","Supersize Structures","2016","NA","NA","NA","0","0","1","0"
"SER05162","Nursery Rhymes Time","2017","NA","NA","NA","0","0","1","0"
"SER05163","The Wild Life","2014","NA","NA","NA","0","0","1","0"
"SER05164","Tours of Mexico","1970","NA","NA","NA","0","0","1","0"
"SER05165","Boystown","2008","NA","NA","NA","0","0","1","0"
"SER05166","Best of Ellen's Scares","2012","NA","NA","NA","0","0","1","0"
"SER05167","Clever Cars","2015","NA","NA","NA","0","0","1","0"
"SER05168","Alba's Cuban Kitchen","2017","NA","NA","NA","0","0","1","0"
"SER05169","Designer Guys","2018","NA","NA","NA","0","0","1","0"
"SER05170","On The Bank","2017","NA","NA","NA","0","0","1","0"
"SER05171","Can You Even Sport?","2011","NA","NA","NA","0","0","1","0"
"SER05172","Cosmic Journeys","2009","NA","NA","NA","0","0","1","0"
"SER05173","Innovations of War","2015","NA","NA","NA","0","0","1","0"
"SER05174","Nori - Rollercoaster Boy","2017","NA","NA","NA","0","0","1","0"
"SER05175","From the Test Kitchen","2017","NA","NA","NA","0","0","1","0"
"SER05176","Video Workbench: The Scale Model Show","2016","NA","NA","NA","0","0","1","0"
"SER05177","Citizens of the World","2010","NA","NA","NA","0","0","1","0"
"SER05178","For My Love","2017","NA","NA","NA","0","0","1","0"
"SER05179","Last Thing On My Phone","2016","NA","NA","NA","0","0","1","0"
"SER05180","Spectre Analysis","2017","NA","NA","NA","0","0","1","0"
"SER05181","Roomies & Friends","2013","NA","NA","NA","0","0","1","0"
"SER05182","Concepto de Vida Plena","2016","NA","NA","NA","0","0","1","0"
"SER05183","Which Die Is That Again?","2016","NA","NA","NA","0","0","1","0"
"SER05184","F'd","2015","NA","NA","NA","0","0","1","0"
"SER05185","Clip: Lego Set Builds Minifgures - Artifex","2016","NA","NA","NA","0","0","1","0"
"SER05186","Dino The Dinosaur","2018","NA","NA","NA","0","0","1","0"
"SER05187","Architects of Darkness","2014","NA","NA","NA","0","0","1","0"
"SER05188","Government Lies","2013","NA","NA","NA","0","0","1","0"
"SER05189","Ty the Pie Guy","2016","NA","NA","NA","0","0","1","0"
"SER05190","The Contract Terms","2011","NA","NA","NA","0","0","1","0"
"SER05191","Fonko: Contemporary Africa Through Its Urban Music","2017","NA","NA","NA","0","0","1","0"
"SER05192","Live at Ronnie Scott's","1984","NA","NA","NA","0","0","1","0"
"SER05193","The Fish Guyz","2017","NA","NA","NA","0","0","1","0"
"SER05194","The Fall and Rise of Britain's Railways","2008","NA","NA","NA","0","0","1","0"
"SER05195","Finley's Factory - Super Simple","2016","NA","NA","NA","0","0","1","0"
"SER05196","I Pranked My Parents","2014","NA","NA","NA","0","0","1","0"
"SER05197","Review: Mega Construx Dinotrux Reviews","2017","NA","NA","NA","0","0","1","0"
"SER05198","Tanks aren't afraid of mud","2009","NA","NA","NA","0","0","1","0"
"SER05199","OMG!","2016","NA","NA","NA","0","0","1","0"
"SER05200","Analyse","2017","NA","NA","NA","0","0","1","0"
"SER05201","Spid the racing car","2016","NA","NA","NA","0","0","1","0"
"SER05202","Jimmy Blue Shorts","2014","NA","NA","NA","0","0","1","0"
"SER05203","Love Tribulations","2009","NA","NA","NA","0","0","1","0"
"SER05204","Rainbow Horse","2012","NA","NA","NA","0","0","1","0"
"SER05205","Celtic Myths","2001","NA","NA","NA","0","0","1","0"
"SER05206","Food Stories","2017","NA","NA","NA","0","0","1","0"
"SER05207","This Is My City","2013","NA","NA","NA","0","0","1","0"
"SER05208","This Is Your Brain & Body When...","2016","NA","NA","NA","0","0","1","0"
"SER05209","Astrid Strudelman The Unicorn Whisperer","2014","NA","NA","NA","0","0","1","0"
"SER05210","Road to the Games 2016","2016","NA","NA","NA","0","0","1","0"
"SER05211","Gangland Killers","2014","NA","NA","NA","0","0","1","0"
"SER05212","Have Steam Engine Will Travel","2013","NA","NA","NA","0","0","1","0"
"SER05213","House Hazards","2012","NA","NA","NA","0","0","1","0"
"SER05214","Review: Gun Stock Reviews","2017","NA","NA","NA","0","0","1","0"
"SER05215","Wild & Crazy","2008","NA","NA","NA","0","0","1","0"
"SER05216","BabyFirst's Easter Special","2016","NA","NA","NA","0","0","1","0"
"SER05217","Foundations of Freedom with Historian David Barton","2015","NA","NA","NA","0","0","1","0"
"SER05218","Piux XII","2017","NA","NA","NA","0","0","1","0"
"SER05219","Master Lin in Seoul","2012","NA","NA","NA","0","0","1","0"
"SER05220","Tales of the Living Dead","2000","NA","NA","NA","0","0","1","0"
"SER05221","Under Correction","2016","NA","NA","NA","0","0","1","0"
"SER05222","Everyday Elevated With Sharone Hakman","2017","NA","NA","NA","0","0","1","0"
"SER05223","The Hunters Club","2014","NA","NA","NA","0","0","1","0"
"SER05224","Strange Curiosity","2016","NA","NA","NA","0","0","1","0"
"SER05225","PRIDE: The Series","2016","NA","NA","NA","0","0","1","0"
"SER05226","Learn with Ethan The Dump Truck","2016","NA","NA","NA","0","0","1","0"
"SER05227","Learn with Ted The Train","2016","NA","NA","NA","0","0","1","0"
"SER05228","The Lost Tales of Egypt","2018","NA","NA","NA","0","0","1","0"
"SER05229","Simple Living With Wanda Urbanska","2004","NA","NA","NA","0","0","1","0"
"SER05230","America's Untold Journey 450 Years of the African American Experience","2016","NA","NA","NA","0","0","1","0"
"SER05231","L.A. Cops","1998","NA","NA","NA","0","0","1","0"
"SER05232","Learning Shapes and Colours in Creative Lesson - Education Video for Children","2018","NA","NA","NA","0","0","1","0"
"SER05233","Leo the Truck","2015","NA","NA","NA","0","0","1","0"
"SER05234","Philipp Shorts","1998","NA","NA","NA","0","0","1","0"
"SER05235","Clip: Lego Jurassic World Video Game Walkthrough","2017","NA","NA","NA","0","0","1","0"
"SER05236","Baby Talk","2017","NA","NA","NA","0","0","1","0"
"SER05237","Solo Hntr","2013","NA","NA","NA","0","0","1","0"
"SER05238","Haus of Schreck","2018","NA","NA","NA","0","0","1","0"
"SER05239","Pinkfong! Animal Songs","2017","NA","NA","NA","0","0","1","0"
"SER05240","Death Row","2016","NA","NA","NA","0","0","1","0"
"SER05241","Moving Machines For Kids","2017","NA","NA","NA","0","0","1","0"
"SER05242","Grace for Beginners","2014","NA","NA","NA","0","0","1","0"
"SER05243","Dyches Fam 2016","2016","NA","NA","NA","0","0","1","0"
"SER05244","Around the Next Bend","2012","NA","NA","NA","0","0","1","0"
"SER05245","Pinkfong! Puppet Show","2017","NA","NA","NA","0","0","1","0"
"SER05246","Tanks!","2005","NA","NA","NA","0","0","1","0"
"SER05247","Troy The Train of Car City","2016","NA","NA","NA","0","0","1","0"
"SER05248","The Red Booth","2017","NA","NA","NA","0","0","1","0"
"SER05249","My Prom Makeover","2014","NA","NA","NA","0","0","1","0"
"SER05250","Road Kings","2016","NA","NA","NA","0","0","1","0"
"SER05251","The Coeds","2015","NA","NA","NA","0","0","1","0"
"SER05252","Royal Watch","2017","NA","NA","NA","0","0","1","0"
"SER05253","Deep Rest: Guided Meditations with Christine Wushke","2017","NA","NA","NA","0","0","1","0"
"SER05254","America Unveiled","2018","NA","NA","NA","0","0","1","0"
"SER05255","Esovision Relaxation","2007","NA","NA","NA","0","0","1","0"
"SER05256","Nordic Wild","2011","NA","NA","NA","0","0","1","0"
"SER05257","Hardly Working","2008","NA","NA","NA","0","0","1","0"
"SER05258","Holy Wars","2004","NA","NA","NA","0","0","1","0"
"SER05259","Mister French Taste","2012","NA","NA","NA","0","0","1","0"
"SER05260","Planet Wild","2007","NA","NA","NA","0","0","1","0"
"SER05261","Top 30 Wonderful Rhymes","2013","NA","NA","NA","0","0","1","0"
"SER05262","Bryanboy Goes to College","2014","NA","NA","NA","0","0","1","0"
"SER05263","The Lazy Chef","2015","NA","NA","NA","0","0","1","0"
"SER05264","Speaker Meeting","2017","NA","NA","NA","0","0","1","0"
"SER05265","Health Issues: Alzheimer's","2010","NA","NA","NA","0","0","1","0"
"SER05266","Midwest Speed and Power","2015","NA","NA","NA","0","0","1","0"
"SER05267","Unlock the unknown","2017","NA","NA","NA","0","0","1","0"
"SER05268","Minecraft - Survival Madness Adventures","2016","NA","NA","NA","0","0","1","0"
"SER05269","CBD Hemp Oil","2015","NA","NA","NA","0","0","1","0"
"SER05270","Lego Set Builds Chima - Artifex","2017","NA","NA","NA","0","0","1","0"
"SER05271","Christmas in Car City","2017","NA","NA","NA","0","0","1","0"
"SER05272","Caribbean Thunder","2011","NA","NA","NA","0","0","1","0"
"SER05273","Lucas the Monster Truck","2016","NA","NA","NA","0","0","1","0"
"SER05274","How-To","2015","NA","NA","NA","0","0","1","0"
"SER05275","Please Tell Me I'm Adopted!","2017","NA","NA","NA","0","0","1","0"
"SER05276","The Family Blend!","2016","NA","NA","NA","0","0","1","0"
"SER05277","Field of Stars","2017","NA","NA","NA","0","0","1","0"
"SER05278","Human Prey","2008","NA","NA","NA","0","0","1","0"
"SER05279","Saving the Ocean with Carl Safina","2012","NA","NA","NA","0","0","1","0"
"SER05280","Snowdonia 1890","2010","NA","NA","NA","0","0","1","0"
"SER05281","A Century of Lionel Legendary Trains","2005","NA","NA","NA","0","0","1","0"
"SER05282","Dermot Bannon's Luxury Homes","2018","NA","NA","NA","0","0","1","0"
"SER05283","Halloween of Car City","2018","NA","NA","NA","0","0","1","0"
"SER05284","Addy Media","2018","NA","NA","NA","0","0","1","0"
"SER05285","Beyond Invention","2004","NA","NA","NA","0","0","1","0"
"SER05286","Egotastic FunTime!","2017","NA","NA","NA","0","0","1","0"
"SER05287","Kongsuni & Friends","2018","NA","NA","NA","0","0","1","0"
"SER05288","Evil Knows!","2016","NA","NA","NA","0","0","1","0"
"SER05289","Pinkfong! Princess Songs","2017","NA","NA","NA","0","0","1","0"
"SER05290","Video Wallpaper","2017","NA","NA","NA","0","0","1","0"
"SER05291","Technological Marvels of the Ancient World","2003","NA","NA","NA","0","0","1","0"
"SER05292","SAS Rogue Warriors","2017","NA","NA","NA","0","0","1","0"
"SER05293","Gold War","2016","NA","NA","NA","0","0","1","0"
"SER05294","Watch Around the Clock B&W","2017","NA","NA","NA","0","0","1","0"
"SER05295","I Survived Real Estate","2017","NA","NA","NA","0","0","1","0"
"SER05296","The Governor","2016","NA","NA","NA","0","0","1","0"
"SER05297","Tears of Happiness","2008","NA","NA","NA","0","0","1","0"
"SER05298","Python for Everybody","2016","NA","NA","NA","0","0","1","0"
"SER05299","World War I","2014","NA","NA","NA","0","0","1","0"
"SER05300","The Complete History of the Second World War","2017","NA","NA","NA","0","0","1","0"
"SER05301","Space Curiosities","2017","NA","NA","NA","0","0","1","0"
"SER05302","Super Supers: No Fan of the Ban","2017","NA","NA","NA","0","0","1","0"
"SER05303","The Splendor of Rome","2018","NA","NA","NA","0","0","1","0"
"SER05304","First Games With Sammy And Eve","2015","NA","NA","NA","0","0","1","0"
"SER05305","Something Shady","2017","NA","NA","NA","0","0","1","0"
"SER05306","Lucas el Camioncito","2016","NA","NA","NA","0","0","1","0"
"SER05307","Seeking My Own Fortune","2013","NA","NA","NA","0","0","1","0"
"SER05308","Uchimura Summers","2016","NA","NA","NA","0","0","1","0"
"SER05309","Switzerland's Amazing Train Rides","2014","NA","NA","NA","0","0","1","0"
"SER05310","Dinosaur Hunters","2010","NA","NA","NA","0","0","1","0"
"SER05311","II Corinthians for Beginners","2018","NA","NA","NA","0","0","1","0"
"SER05312","Reading Egg's The Eggsperts","2014","NA","NA","NA","0","0","1","0"
"SER05313","SharkBites TV","2017","NA","NA","NA","0","0","1","0"
"SER05314","The Union Series","2016","NA","NA","NA","0","0","1","0"
"SER05315","Kailin Gow's Go Girl","2016","NA","NA","NA","0","0","1","0"
"SER05316","Fred Dinenage Murder Casebook","2010","NA","NA","NA","0","0","1","0"
"SER05317","State Parole","2008","NA","NA","NA","0","0","1","0"
"SER05318","Private Jets Revealed","2004","NA","NA","NA","0","0","1","0"
"SER05319","Memorization: The Art of The Technique","2017","NA","NA","NA","0","0","1","0"
"SER05320","Rommel","2003","NA","NA","NA","0","0","1","0"
"SER05321","Chasing November","2016","NA","NA","NA","0","0","1","0"
"SER05322","Warriors of the Night","1998","NA","NA","NA","0","0","1","0"
"SER05323","Bana: Heart of Darkness","2017","NA","NA","NA","0","0","1","0"
"SER05324","The French Gun","2018","NA","NA","NA","0","0","1","0"
"SER05325","Abu, The Little Dinosaur","2015","NA","NA","NA","0","0","1","0"
"SER05326","Wolfpack","2013","NA","NA","NA","0","0","1","0"
"SER05327","Tatiana's Night","2015","NA","NA","NA","0","0","1","0"
"SER05328","Partners in Crime","2011","NA","NA","NA","0","0","1","0"
"SER05329","Operation Shadow","2017","NA","NA","NA","0","0","1","0"
"SER05330","Life and Fate","2012","NA","NA","NA","0","0","1","0"
"SER05331","Card Sharks 86","1986","NA","NA","NA","0","0","1","0"
"SER05332","Mad Fabricators Society","2015","NA","NA","NA","0","0","1","0"
"SER05333","Codebreakers: Science of Secrecy","2015","NA","NA","NA","0","0","1","0"
"SER05334","Uppercut for Hitler","2016","NA","NA","NA","0","0","1","0"
"SER05335","US Bounty Hunters","2014","NA","NA","NA","0","0","1","0"
"SER05336","Life Beyond Earth","2018","NA","NA","NA","0","0","1","0"
"SER05337","Fishing with Gary Senft","2015","NA","NA","NA","0","0","1","0"
"SER05338","Fireball Run Adventurally","2017","NA","NA","NA","0","0","1","0"
"SER05339","Spacefiles","2004","NA","NA","NA","0","0","1","0"
"SER05340","Rivers of Our Time","2009","NA","NA","NA","0","0","1","0"
"SER05341","Monsters, Madness and Mayhem","2003","NA","NA","NA","0","0","1","0"
"SER05342","The Special Needs Hotel","2015","NA","NA","NA","0","0","1","0"
"SER05343","Episode dated 3 February 1988","1988","NA","NA","NA","0","0","1","0"
"SER05344","S.O.S! Winter","2003","NA","NA","NA","0","0","1","0"
"SER05345","Full Disclosure","2015","NA","NA","NA","0","0","1","0"
"SER05346","Lego Set Builds Minecraft - Artifex","2017","NA","NA","NA","0","0","1","0"
"SER05347","The Ridge: Origins","2016","NA","NA","NA","0","0","1","0"
"SER05348","Supersized","2015","NA","NA","NA","0","0","1","0"
"SER05349","Smoke & Steam","1990","NA","NA","NA","0","0","1","0"
"SER05350","Second War Diary - The War Day by Day","2014","NA","NA","NA","0","0","1","0"
"SER05351","Review: Build A Bear, Tsum Tsum and Disney Plushie Toy Reviews","2017","NA","NA","NA","0","0","1","0"
"SER05352","Review: Pullip Doll Reviews","2017","NA","NA","NA","0","0","1","0"
"SER05353","Review: Shopkins Shoppies Doll Reviews","2017","NA","NA","NA","0","0","1","0"
"SER05354","Review: Blind Bags and Surprise Toy Reviews","2017","NA","NA","NA","0","0","1","0"
"SER05355","Inherited Marriage","2010","NA","NA","NA","0","0","1","0"
"SER05356","Warning Men Thinking","2015","NA","NA","NA","0","0","1","0"
"SER05357","Building Ireland","2014","NA","NA","NA","0","0","1","0"
"SER05358","Mob Squad","2012","NA","NA","NA","0","0","1","0"
"SER05359","Dark Forest","2015","NA","NA","NA","0","0","1","0"
"SER05360","Local Knowledge","2017","NA","NA","NA","0","0","1","0"
"SER05361","Raised Hunting","2015","NA","NA","NA","0","0","1","0"
"SER05362","Car Collectors","2013","NA","NA","NA","0","0","1","0"
"SER05363","The Best Markets On Earth","2017","NA","NA","NA","0","0","1","0"
"SER05364","Killing The Fat Man","2017","NA","NA","NA","0","0","1","0"
"SER05365","Spring 1986 TV Line-Up","2012","NA","NA","NA","0","0","1","0"
"SER05366","Game Bang","2013","NA","NA","NA","0","0","1","0"
"SER05367","Hidden Agenda - Real Conspiracies that Affect Our Lives Today","2017","NA","NA","NA","0","0","1","0"
"SER05368","Quick Bites","2017","NA","NA","NA","0","0","1","0"
"SER05369","Shaun Ryder On UFOs","2013","NA","NA","NA","0","0","1","0"
"SER05370","Mike & Eric","2017","NA","NA","NA","0","0","1","0"
"SER05371","Faaail!","2016","NA","NA","NA","0","0","1","0"
"SER05372","Love In Han Yuan","2018","NA","NA","NA","0","0","1","0"
"SER05373","Chasin the Sun","2017","NA","NA","NA","0","0","1","0"
"SER05374","Walks Around Britain","2016","NA","NA","NA","0","0","1","0"
"SER05375","Air Wars","2000","NA","NA","NA","0","0","1","0"
"SER05376","High Blood Pressure","2016","NA","NA","NA","0","0","1","0"
"SER05377","Mysteries, Magic and Miracles","1994","NA","NA","NA","0","0","1","0"
"SER05378","How to Hunt with Ryan Kohler","2018","NA","NA","NA","0","0","1","0"
"SER05379","The Bomber: Behind Nazi Lines","2012","NA","NA","NA","0","0","1","0"
"SER05380","On The Spot","2017","NA","NA","NA","0","0","1","0"
"SER05381","Tales To Get Scared To","2016","NA","NA","NA","0","0","1","0"
"SER05382","PRIME JAPAN","2016","NA","NA","NA","0","0","1","0"
"SER05383","I Declare War: The Series","2016","NA","NA","NA","0","0","1","0"
"SER05384","Operation Maneater","2014","NA","NA","NA","0","0","1","0"
"SER05385","Guided Meditation with Christine Wushke","2017","NA","NA","NA","0","0","1","0"
"SER05386","PINKFONG!","2017","NA","NA","NA","0","0","1","0"
"SER05387","Pinkfong! Baby Shark & Halloween Songs","2018","NA","NA","NA","0","0","1","0"
"SER05388","World's Best Beaches","2016","NA","NA","NA","0","0","1","0"
"SER05389","Troy el Tren en Auto City","2016","NA","NA","NA","0","0","1","0"
"SER05390","Happy Bear Kid Andrea","2016","NA","NA","NA","0","0","1","0"
"SER05391","Baby u","2011","NA","NA","NA","0","0","1","0"
"SER05392","The Wounded Heart","2016","NA","NA","NA","0","0","1","0"
"SER05393","Lego Set Builds Bionicle - Artifex","2016","NA","NA","NA","0","0","1","0"
"SER05394","Classic Cars","2011","NA","NA","NA","0","0","1","0"
"SER05395","Fifi: Cat Therapist","2014","NA","NA","NA","0","0","1","0"
"SER05396","Countdown to Victory: World War II - The Ultimate Timeline","2009","NA","NA","NA","0","0","1","0"
"SER05397","Space Mistakes","2016","NA","NA","NA","0","0","1","0"
"SER05398","End of the Big Cats","2012","NA","NA","NA","0","0","1","0"
"SER05399","World Changers Television","2017","NA","NA","NA","0","0","1","0"
"SER05400","Silver Kings","2017","NA","NA","NA","0","0","1","0"
"SER05401","Two Legends","2014","NA","NA","NA","0","0","1","0"
"SER05402","Thomas Edison's Secret Lab","2015","NA","NA","NA","0","0","1","0"
"SER05403","Phil's Morning Drive","2016","NA","NA","NA","0","0","1","0"
"SER05404","Travel the Road","2016","NA","NA","NA","0","0","1","0"
"SER05405","Open Space","2011","NA","NA","NA","0","0","1","0"
"SER05406","Stagrassle Paranormal","2017","NA","NA","NA","0","0","1","0"
"SER05407","Dream Wedding Design","2016","NA","NA","NA","0","0","1","0"
"SER05408","Pinkfing! Time Songs","2017","NA","NA","NA","0","0","1","0"
"SER05409","Pinkfong! Body Songs","2017","NA","NA","NA","0","0","1","0"
"SER05410","Learning with Vehicles","2015","NA","NA","NA","0","0","1","0"
"SER05411","Cosmo Queens","2017","NA","NA","NA","0","0","1","0"
"SER05412","Cars, Cars","2017","NA","NA","NA","0","0","1","0"
"SER05413","Chronicle Of Love","2015","NA","NA","NA","0","0","1","0"
"SER05414","Microsoft Excel 2016 - Training","2016","NA","NA","NA","0","0","1","0"
"SER05415","Forza Horizon 3 Gameplay","2017","NA","NA","NA","0","0","1","0"
"SER05416","Can I Catch It","2018","NA","NA","NA","0","0","1","0"
"SER05417","Great Indian Wars","2009","NA","NA","NA","0","0","1","0"
"SER05418","Miracle of Faith: 2,000 Years of Christianity in the Holy Land","2000","NA","NA","NA","0","0","1","0"
"SER05419","Celebrity Poker Gala","2018","NA","NA","NA","0","0","1","0"
"SER05420","Nordic Road Trip 2018","2018","NA","NA","NA","0","0","1","0"
"SER05421","Hitler's Lost Battles","2017","NA","NA","NA","0","0","1","0"
"SER05422","Impossible Peace","2017","NA","NA","NA","0","0","1","0"
"SER05423","Minecraft Life","2017","NA","NA","NA","0","0","1","0"
"SER05424","Review: Disney Toy Review","2017","NA","NA","NA","0","0","1","0"
"SER05425","Review: Cool Collectibles Dolls, Toys and Vinyl Figures Reviews","2017","NA","NA","NA","0","0","1","0"
"SER05426","World of Discovery","1990","NA","NA","NA","0","0","1","0"
"SER05427","Jenise's Kitchen","2017","NA","NA","NA","0","0","1","0"
"SER05428","Barely Beer Barons","2017","NA","NA","NA","0","0","1","0"
"SER05429","Ghosts of The Caribbean","2017","NA","NA","NA","0","0","1","0"
"SER05430","My Sister-in-Law","2015","NA","NA","NA","0","0","1","0"
"SER05431","Weird & Dangerous","2006","NA","NA","NA","0","0","1","0"
"SER05432","Honolulu P.D.","2003","NA","NA","NA","0","0","1","0"
"SER05433","Waterways: The Royal Canal","2013","NA","NA","NA","0","0","1","0"
"SER05434","Heaven on Earth","2004","NA","NA","NA","0","0","1","0"
"SER05435","Premier Guitar Rig Rundown","2016","NA","NA","NA","0","0","1","0"
"SER05436","Bigger Questions","2017","NA","NA","NA","0","0","1","0"
"SER05437","My Battalion","2014","NA","NA","NA","0","0","1","0"
"SER05438","The Bear Whisperer","2010","NA","NA","NA","0","0","1","0"
"SER05439","Paper Mario Color Splash Playthrough","2016","NA","NA","NA","0","0","1","0"
"SER05440","3 Rabbits","2017","NA","NA","NA","0","0","1","0"
"SER05441","Fishstick & Honeybear","2014","NA","NA","NA","0","0","1","0"
"SER05442","Legend Hunters","2006","NA","NA","NA","0","0","1","0"
"SER05443","The Wackiest Works of Tex Avery","1945","NA","NA","NA","0","0","1","0"
"SER05444","Babies in Car City","2017","NA","NA","NA","0","0","1","0"
"SER05445","Morning Glory","2013","NA","NA","NA","0","0","1","0"
"SER05446","Whirlpool of Other People's Wishes","2013","NA","NA","NA","0","0","1","0"
"SER05447","The Complete Story of Hitler and the Nazis","2017","NA","NA","NA","0","0","1","0"
"SER05448","Tiny Trucks","2018","NA","NA","NA","0","0","1","0"
"SER05449","Equipo Constructor en Auto City","2016","NA","NA","NA","0","0","1","0"
"SER05450","Dream Town","2015","NA","NA","NA","0","0","1","0"
"SER05451","Sawyer Sessions","2015","NA","NA","NA","0","0","1","0"
"SER05452","Pinkfong! Dinosaur Songs","2014","NA","NA","NA","0","0","1","0"
"SER05453","How To Self-Publish","2017","NA","NA","NA","0","0","1","0"
"SER05454","BigDo2 - Random Hair","2016","NA","NA","NA","0","0","1","0"
"SER05455","We`ll Talk When You Get Back","2015","NA","NA","NA","0","0","1","0"
"SER05456","The Mandalorian","2019","7+","8.7","0.93","0","0","0","1"
"SER05457","Star Wars: The Clone Wars","2008","7+","8.2","0.93","0","0","0","1"
"SER05458","Marvel's Agent Carter","2015","7+","7.9","0.86","0","0","0","1"
"SER05459","Star Wars Rebels","2014","7+","8","1","0","0","0","1"
"SER05460","DuckTales","2017","7+","8.2","1","0","0","0","1"
"SER05461","X-Men","1992","7+","8.4","0.85","0","0","0","1"
"SER05462","One Strange Rock","2018","all","8.8","0.83","0","0","0","1"
"SER05463","Spider-Man","1994","all","8.3","NA","0","0","0","1"
"SER05464","High School Musical: The Musical: The Series","2019","7+","7.3","0.79","0","0","0","1"
"SER05465","Boy Meets World","1993","all","8.1","NA","0","0","0","1"
"SER05466","The Imagineering Story","2019","7+","9.1","1","0","0","0","1"
"SER05467","Phineas and Ferb","2007","all","7.9","NA","0","0","0","1"
"SER05468","DuckTales","1987","7+","8.1","NA","0","0","0","1"
"SER05469","Wizards of Waverly Place","2007","all","6.8","NA","0","0","0","1"
"SER05470","Lizzie McGuire","2001","all","6.6","1","0","0","0","1"
"SER05471","Kim Possible","2002","7+","7.2","NA","0","0","0","1"
"SER05472","Recess","1997","7+","7.8","NA","0","0","0","1"
"SER05473","Wolverine and the X-Men","2008","7+","8","0.67","0","0","0","1"
"SER05474","That's So Raven","2003","all","6.5","NA","0","0","0","1"
"SER05475","The Avengers: Earth's Mightiest Heroes","2010","7+","8.3","NA","0","0","0","1"
"SER05476","The World According to Jeff Goldblum","2019","7+","7.9","0.82","0","0","0","1"
"SER05477","Gargoyles","1994","7+","8.1","NA","0","0","0","1"
"SER05478","Chip 'n' Dale Rescue Rangers","1989","all","7.6","NA","0","0","0","1"
"SER05479","The Suite Life of Zack & Cody","2005","all","6.5","NA","0","0","0","1"
"SER05480","Girl Meets World","2014","all","7.2","NA","0","0","0","1"
"SER05481","Darkwing Duck","1991","7+","7.6","NA","0","0","0","1"
"SER05482","Marvel's Ultimate Spider-Man","2012","7+","7.1","NA","0","0","0","1"
"SER05483","Disney Gallery / Star Wars: The Mandalorian","2020","7+","8.5","NA","0","0","0","1"
"SER05484","TRON: Uprising","2012","7+","8.2","NA","0","0","0","1"
"SER05485","The Suite Life on Deck","2008","all","6.3","NA","0","0","0","1"
"SER05486","TaleSpin","1990","all","7.6","NA","0","0","0","1"
"SER05487","Gordon Ramsay: Uncharted","2019","NA","8","0.83","0","0","0","1"
"SER05488","The Muppets","2015","7+","7.4","0.64","0","0","0","1"
"SER05489","Disney's Adventures of the Gummi Bears","1985","all","7.5","NA","0","0","0","1"
"SER05490","Rapunzel's Tangled Adventure","2017","all","7.6","NA","0","0","0","1"
"SER05491","Mickey Mouse Clubhouse","2006","all","5.7","NA","0","0","0","1"
"SER05492","Hannah Montana","2006","all","5","NA","0","0","0","1"
"SER05493","Kickin' It","2011","all","6.3","NA","0","0","0","1"
"SER05494","Violetta","2012","all","5.2","NA","0","0","0","1"
"SER05495","Marvel's Avengers Assemble","2013","7+","7","NA","0","0","0","1"
"SER05496","I am Luna","2016","NA","6.8","NA","0","0","0","1"
"SER05497","Even Stevens","2000","all","7.6","NA","0","0","0","1"
"SER05498","Austin & Ally","2011","all","5.9","NA","0","0","0","1"
"SER05499","Star Wars Resistance","2018","7+","4.9","0.92","0","0","0","1"
"SER05500","Prop Culture","2020","7+","8.6","NA","0","0","0","1"
"SER05501","Andi Mack","2017","all","7.2","NA","0","0","0","1"
"SER05502","Sonny with a Chance","2009","all","6.1","NA","0","0","0","1"
"SER05503","The New Adventures of Winnie the Pooh","1988","all","7.6","NA","0","0","0","1"
"SER05504","Dog Whisperer","2004","all","8","NA","0","0","0","1"
"SER05505","Little Einsteins","2005","all","6.2","NA","0","0","0","1"
"SER05506","Raven's Home","2017","all","7.4","NA","0","0","0","1"
"SER05507","Marvel's Inhumans","2017","7+","5","0.11","0","0","0","1"
"SER05508","Marvel's Spider-Man","2017","7+","6.1","NA","0","0","0","1"
"SER05509","So Weird","1999","7+","8.5","NA","0","0","0","1"
"SER05510","Diary of a Future President","2020","7+","5.5","1","0","0","0","1"
"SER05511","Timon & Pumbaa","1995","all","7.1","NA","0","0","0","1"
"SER05512","Milo Murphy's Law","2016","all","7.5","NA","0","0","0","1"
"SER05513","Shake It Up","2010","all","4.8","NA","0","0","0","1"
"SER05514","Marvel's Guardians of the Galaxy","2015","7+","7.4","NA","0","0","0","1"
"SER05515","Lilo & Stitch: The Series","2003","all","6.8","NA","0","0","0","1"
"SER05516","Hercules","1998","all","6.6","NA","0","0","0","1"
"SER05517","Wicked Tuna","2012","16+","6.6","NA","0","0","0","1"
"SER05518","Encore!","2019","7+","7.4","0.68","0","0","0","1"
"SER05519","Big City Greens","2018","7+","6.7","NA","0","0","0","1"
"SER05520","Phil of the Future","2004","all","7","NA","0","0","0","1"
"SER05521","The Proud Family","2001","all","6.4","NA","0","0","0","1"
"SER05522","Elena of Avalor","2016","all","6.4","NA","0","0","0","1"
"SER05523","Spider-Man Unlimited","1999","7+","6.5","0.5","0","0","0","1"
"SER05524","Amphibia","2019","7+","7.9","NA","0","0","0","1"
"SER05525","Iron Man: Armored Adventures","2009","7+","6.5","NA","0","0","0","1"
"SER05526","Dr. K's Exotic Animal ER","2014","7+","7.9","NA","0","0","0","1"
"SER05527","Spider-Man and His Amazing Friends","1981","7+","7.2","NA","0","0","0","1"
"SER05528","Big Hero 6 The Series","2017","7+","7.1","NA","0","0","0","1"
"SER05529","Goof Troop","1992","all","6.8","NA","0","0","0","1"
"SER05530","Sydney to the Max","2019","all","6.1","NA","0","0","0","1"
"SER05531","The Super Hero Squad Show","2009","7+","6.1","0.5","0","0","0","1"
"SER05532","Puppy Dog Pals","2017","all","7","NA","0","0","0","1"
"SER05533","The Incredible Hulk","1996","7+","6.8","NA","0","0","0","1"
"SER05534","One Day at Disney","2019","all","7.4","NA","0","0","0","1"
"SER05535","Quack Pack","1996","7+","6.8","NA","0","0","0","1"
"SER05536","I Didn't Do It","2014","all","6","NA","0","0","0","1"
"SER05537","The Emperor's New School","2006","all","6.6","NA","0","0","0","1"
"SER05538","Coop & Cami Ask The World","2018","all","5.8","NA","0","0","0","1"
"SER05539","Hostile Planet","2019","NA","8.2","NA","0","0","0","1"
"SER05540","Stuck in the Middle","2016","all","5.9","NA","0","0","0","1"
"SER05541","Bonkers","1993","all","6.8","NA","0","0","0","1"
"SER05542","Fantastic Four: World's Greatest Heroes","2006","7+","6.8","NA","0","0","0","1"
"SER05543","Randy Cunningham: 9th Grade Ninja","2012","7+","6.6","NA","0","0","0","1"
"SER05544","Fantastic Four","1994","7+","6.5","NA","0","0","0","1"
"SER05545","Silver Surfer","1998","7+","7.1","NA","0","0","0","1"
"SER05546","My Friends Tigger & Pooh","2007","all","5.8","NA","0","0","0","1"
"SER05547","Imagination Movers","2008","all","7","NA","0","0","0","1"
"SER05548","Out of the Box","1998","all","7.5","NA","0","0","0","1"
"SER05549","Vampirina","2017","all","6.8","NA","0","0","0","1"
"SER05550","The Lion Guard","2016","all","6.5","NA","0","0","0","1"
"SER05551","Dr. Oakley, Yukon Vet","2014","all","8.1","NA","0","0","0","1"
"SER05552","Marvel’s Hulk and the Agents of S.M.A.S.H","2013","7+","6.1","NA","0","0","0","1"
"SER05553","Primal Survivor","2016","NA","8.3","NA","0","0","0","1"
"SER05554","Crash & Bernstein","2012","all","4.8","NA","0","0","0","1"
"SER05555","Jake and the Never Land Pirates","2011","all","5.6","NA","0","0","0","1"
"SER05556","Car S.O.S.","2013","NA","8.1","NA","0","0","0","1"
"SER05557","Lab Rats: Elite Force","2016","7+","6.5","NA","0","0","0","1"
"SER05558","JONAS","2009","NA","4.6","NA","0","0","0","1"
"SER05559","Iron Man","1994","7+","6.7","NA","0","0","0","1"
"SER05560","Mighty Ducks: The Animated Series","1996","7+","6.4","NA","0","0","0","1"
"SER05561","Fish Hooks","2010","all","4.6","NA","0","0","0","1"
"SER05562","Evermoor","2014","all","6","NA","0","0","0","1"
"SER05563","Short Circuit","2020","all","NA","NA","0","0","0","1"
"SER05564","Lego Star Wars: Droid Tales","2015","7+","7.5","NA","0","0","0","1"
"SER05565","The Replacements","2006","7+","5.8","NA","0","0","0","1"
"SER05566","Pick of the Litter","2019","7+","8.2","NA","0","0","0","1"
"SER05567","Muppet Babies","2018","all","7","NA","0","0","0","1"
"SER05568","Fancy Nancy","2018","all","5.2","NA","0","0","0","1"
"SER05569","Mickey and the Roadster Racers","2017","all","6.2","NA","0","0","0","1"
"SER05570","It's A Dog's Life","2020","7+","5.2","NA","0","0","0","1"
"SER05571","Pixar in Real Life","2019","all","6.5","NA","0","0","0","1"
"SER05572","Secrets of the Zoo","2018","NA","NA","NA","0","0","0","1"
"SER05573","The Lodge","2016","NA","6","NA","0","0","0","1"
"SER05574","Kingdom of the White Wolf","2019","NA","8.2","NA","0","0","0","1"
"SER05575","Legend of the Three Caballeros","2018","all","7.9","NA","0","0","0","1"
"SER05576","Marvel's Hero Project","2019","7+","6.1","0.92","0","0","0","1"
"SER05577","Be our Chef","2020","all","6.9","NA","0","0","0","1"
"SER05578","Shop Class","2020","all","7.2","NA","0","0","0","1"
"SER05579","Spin and Marty","1955","all","8.2","NA","0","0","0","1"
"SER05580","The Book of Pooh","2001","NA","6.3","NA","0","0","0","1"
"SER05581","Great Migrations","2010","all","8.1","NA","0","0","0","1"
"SER05582","Year Million","2017","16+","7.5","NA","0","0","0","1"
"SER05583","Origins: The Journey of Humankind","2017","NA","6.7","NA","0","0","0","1"
"SER05584","Bizaardvark","2016","all","3.5","NA","0","0","0","1"
"SER05585","The Avengers: United They Stand","1999","7+","5.5","NA","0","0","0","1"
"SER05586","Spider-Woman","1979","all","5.7","NA","0","0","0","1"
"SER05587","Dog: Impossible","2019","NA","8.2","NA","0","0","0","1"
"SER05588","America's National Parks","2015","all","7.9","NA","0","0","0","1"
"SER05589","Kirby Buckets","2014","7+","4.6","NA","0","0","0","1"
"SER05590","LEGO Star Wars: All-Stars","2018","7+","6.6","NA","0","0","0","1"
"SER05591","Fast Layne","2019","all","5.4","NA","0","0","0","1"
"SER05592","Teacher's Pet","2000","all","6.4","NA","0","0","0","1"
"SER05593","Unlikely Animal Friends","2012","NA","7.7","NA","0","0","0","1"
"SER05594","Secrets of the Zoo: Tampa","2020","NA","8.4","NA","0","0","0","1"
"SER05595","Marvel Super Hero Adventures","2017","all","6.2","NA","0","0","0","1"
"SER05596","Disney Family Sundays","2019","NA","6","NA","0","0","0","1"
"SER05597","Birth of Europe","2012","all","7.1","NA","0","0","0","1"
"SER05598","Buried Secrets of the Bible with Albert Lin","2019","NA","5.9","NA","0","0","0","1"
"SER05599","Billy Dilley's Super-Duper Subterranean Summer","2017","7+","4.6","NA","0","0","0","1"
"SER05600","Rocky Mountain Animal Rescue","2018","NA","7.8","NA","0","0","0","1"
"SER05601","Prairie Dog Manor","2019","NA","8.6","NA","0","0","0","1"
"SER05602","Disney Junior Music Nursery Rhymes","2017","all","6.6","NA","0","0","0","1"
"SER05603","Bug Juice: My Adventures at Camp","2018","NA","7.2","NA","0","0","0","1"
"SER05604","Disney Insider","2012","NA","NA","NA","0","0","0","1"
"SER05605","Lost Treasures of the Maya","2019","NA","NA","NA","0","0","0","1"
"SER05606","Awesome Animals","2013","NA","NA","NA","0","0","0","1"
"SER05607","Tut's Treasures: Hidden Secrets","2018","NA","NA","NA","0","0","0","1"
"SER05608","Paradise Islands","2017","NA","NA","NA","0","0","0","1"
"SER05609","Wild Russia","2018","NA","NA","NA","0","0","0","1"
"SER05610","Love & Vets","2017","NA","NA","NA","0","0","0","1"
"SER05611","United States of Animals","2016","NA","NA","NA","0","0","0","1"
"SER00001","Breaking Bad","2008","18+","9.5","0.96","1","0","0","0"
"SER00007","Black Mirror","2011","18+","-1.2","0.83","1","0","0","0"
"SER00042","When They See Us","2019","18+","8.9","0.96","1","0","0","0"
"SER00256","Quantico","2015","16+","6.7","0.82","1","0","0","0"
"SER00999","Servant of the People","2015","7+","6.9","NA","1","0","0","0"
"SER01500","The Hairy Bikers' Asian Adventure","2014","7+","6.9","NA","1","0","0","0"
"SER02500","Haven't You Heard? I'm Sakamoto","2016","16+","7.2","NA","0","1","0","0"
"SER03500","WildWoods","2017","NA","NA","NA","0","1","0","0"
"SER04500","Wildest Latin America","2012","NA","NA","NA","0","0","1","0"
"SER05000","Warbirds Over the Trenches","2014","NA","NA","NA","0","0","1","0"
"SER05501","Andi Mack","2017","all","7.2","NA","0","0","0","1"
"SER05611","United States of Animals","2016","NA","NA","NA","0","0","0","1"
